{"type":"FeatureCollection","features":[{"type":"Feature","properties":{"network":"排水","diameter_mm":750,"material":"CP","depth_m":2.4},"geometry":{"type":"MultiLineString","coordinates":[[[126.8776812,46.5971431,0],[126.8779681,46.5972074,0],[126.8787497,46.5973827,0]]]}},{"type":"Feature","properties":{"network":"排水","diameter_mm":675,"material":"CP","depth_m":2.4},"geometry":{"type":"MultiLineString","coordinates":[[[126.9854883,46.7313979,0],[126.9857116,46.7307549,0],[126.9857145,46.7307467,0]]]}},{"type":"Feature","properties":{"network":"排水","diameter_mm":675,"material":"CP","depth_m":2.4},"geometry":{"type":"MultiLineString","coordinates":[[[126.9835121,46.7331792,0],[126.9844073,46.7326006,0],[126.9844169,46.7325946,0]]]}},{"type":"Feature","properties":{"network":"排水","diameter_mm":900,"material":"CP","depth_m":2.4},"geometry":{"type":"MultiLineString","coordinates":[[[126.8861723,46.5837683,0],[126.8862239,46.5841205,0]]]}},{"type":"Feature","properties":{"network":"排水","diameter_mm":900,"material":"CP","depth_m":2.4},"geometry":{"type":"MultiLineString","coordinates":[[[126.9691877,46.7181108,0],[126.9694773,46.7169528,0]]]}},{"type":"Feature","properties":{"network":"排水","diameter_mm":1500,"material":"CP","depth_m":2.4},"geometry":{"type":"MultiLineString","coordinates":[[[126.9713024,46.7153839,0],[126.971643,46.7148101,0],[126.971981,46.7142405,0],[126.9719904,46.7142286,0],[126.9719997,46.7142171,0],[126.9720084,46.7142074,0],[126.9720213,46.7141943,0],[126.9720335,46.7141832,0],[126.972045,46.7141736,0],[126.9720583,46.7141635,0],[126.972074,46.7141527,0],[126.9720894,46.7141431,0],[126.9721002,46.7141369,0],[126.9721139,46.7141296,0]]]}},{"type":"Feature","properties":{"network":"排水","diameter_mm":675,"material":"CP","depth_m":2.4},"geometry":{"type":"MultiLineString","coordinates":[[[126.9857145,46.7307467,0],[126.9857099,46.7307385,0],[126.9856369,46.7305975,0]]]}},{"type":"Feature","properties":{"network":"排水","diameter_mm":675,"material":"CP","depth_m":2.4},"geometry":{"type":"MultiLineString","coordinates":[[[126.9852674,46.7300515,0],[126.9851752,46.7298903,0]]]}},{"type":"Feature","properties":{"network":"排水","diameter_mm":600,"material":"CP","depth_m":2.4},"geometry":{"type":"MultiLineString","coordinates":[[[126.9853714,46.7301767,0],[126.9853707,46.7301599,0],[126.9852891,46.7300609,0],[126.9852674,46.7300515,0]]]}},{"type":"Feature","properties":{"network":"排水","diameter_mm":375,"material":"CP","depth_m":2.4},"geometry":{"type":"MultiLineString","coordinates":[[[126.9591981,46.7192965,0],[126.9596299,46.7196613,0],[126.9600413,46.720009,0]]]}},{"type":"Feature","properties":{"network":"排水","diameter_mm":675,"material":"CP","depth_m":2.4},"geometry":{"type":"MultiLineString","coordinates":[[[126.9844169,46.7325946,0],[126.9849199,46.7322673,0],[126.9852551,46.7320492,0]]]}},{"type":"Feature","properties":{"network":"排水","diameter_mm":375,"material":"CP","depth_m":2.4},"geometry":{"type":"MultiLineString","coordinates":[[[126.8772338,46.57812,0],[126.8775944,46.577287,0]]]}},{"type":"Feature","properties":{"network":"排水","diameter_mm":1200,"material":"CP","depth_m":2.4},"geometry":{"type":"MultiLineString","coordinates":[[[126.9199999,46.7169152,0],[126.921488,46.71724,0]]]}},{"type":"Feature","properties":{"network":"排水","diameter_mm":1200,"material":"CP","depth_m":2.4},"geometry":{"type":"MultiLineString","coordinates":[[[126.921488,46.71724,0],[126.9229709,46.7175659,0]]]}},{"type":"Feature","properties":{"network":"排水","diameter_mm":1200,"material":"CP","depth_m":2.4},"geometry":{"type":"MultiLineString","coordinates":[[[126.9186146,46.7181693,0],[126.9190485,46.7177869,0]]]}},{"type":"Feature","properties":{"network":"排水","diameter_mm":1350,"material":"CP","depth_m":2.4},"geometry":{"type":"MultiLineString","coordinates":[[[126.8562144,46.5707607,0],[126.8545626,46.5703832,0],[126.8545459,46.5703799,0],[126.8545363,46.5703784,0],[126.854525,46.5703771,0],[126.8545169,46.5703763,0],[126.8545095,46.5703758,0],[126.8544999,46.5703754,0],[126.8544917,46.5703753,0],[126.8544805,46.5703749,0],[126.8544718,46.5703743,0],[126.8544612,46.5703733,0],[126.8544508,46.5703718,0],[126.8544416,46.5703702,0],[126.8544355,46.570369,0],[126.8544176,46.5703651,0],[126.8543793,46.5703568,0]]]}},{"type":"Feature","properties":{"network":"排水","diameter_mm":750,"material":"CP","depth_m":2.4},"geometry":{"type":"MultiLineString","coordinates":[[[126.8688149,46.5952714,0],[126.8702726,46.5955619,0]]]}},{"type":"Feature","properties":{"network":"排水","diameter_mm":600,"material":"CP","depth_m":2.4},"geometry":{"type":"MultiLineString","coordinates":[[[126.9856369,46.7305975,0],[126.9856399,46.7305773,0],[126.9853961,46.7301867,0],[126.9853714,46.7301767,0]]]}},{"type":"Feature","properties":{"network":"排水","diameter_mm":750,"material":"CP","depth_m":2.4},"geometry":{"type":"MultiLineString","coordinates":[[[126.8746156,46.5965274,0],[126.8753003,46.5966132,0]]]}},{"type":"Feature","properties":{"network":"排水","diameter_mm":750,"material":"CP","depth_m":2.4},"geometry":{"type":"MultiLineString","coordinates":[[[126.86435,46.5943882,0],[126.8657467,46.5946577,0]]]}},{"type":"Feature","properties":{"network":"排水","diameter_mm":1350,"material":"CP","depth_m":2.4},"geometry":{"type":"MultiLineString","coordinates":[[[126.857009,46.5769827,0],[126.8573453,46.5761622,0]]]}},{"type":"Feature","properties":{"network":"排水","diameter_mm":1800,"material":"CP","depth_m":2.4},"geometry":{"type":"MultiLineString","coordinates":[[[126.9065885,46.6542825,0],[126.9064945,46.6542288,0],[126.9062981,46.6541122,0],[126.9061471,46.6540295,0],[126.9059928,46.6539462,0],[126.90594,46.6539261,0],[126.9059175,46.6539137,0],[126.9058886,46.6539063,0],[126.9058402,46.6538956,0],[126.9057663,46.653882,0],[126.9056859,46.6538621,0],[126.9056293,46.65384,0],[126.9056055,46.6538482,0]]]}},{"type":"Feature","properties":{"network":"排水","diameter_mm":1500,"material":"CP","depth_m":2.4},"geometry":{"type":"MultiLineString","coordinates":[[[126.9081112,46.6564767,0],[126.9080976,46.6564307,0],[126.9080853,46.6563954,0],[126.9080764,46.6563528,0],[126.9080818,46.6562962,0],[126.9082629,46.6558763,0],[126.9082912,46.6558106,0],[126.9084194,46.6555131,0],[126.9084311,46.65547,0],[126.9084366,46.6554308,0],[126.9084364,46.6553942,0],[126.9084289,46.6553595,0],[126.9084283,46.6553577,0],[126.9084173,46.6553352,0],[126.9084009,46.6553095,0],[126.9083764,46.6552848,0],[126.9083492,46.6552631,0],[126.9083215,46.6552449,0],[126.9082192,46.6551812,0]]]}},{"type":"Feature","properties":{"network":"排水","diameter_mm":900,"material":"CP","depth_m":2.4},"geometry":{"type":"MultiLineString","coordinates":[[[126.8864268,46.5854427,0],[126.886578,46.5862936,0]]]}},{"type":"Feature","properties":{"network":"排水","diameter_mm":675,"material":"CP","depth_m":2.4},"geometry":{"type":"MultiLineString","coordinates":[[[126.8845655,46.5986883,0],[126.8851408,46.5988382,0]]]}},{"type":"Feature","properties":{"network":"排水","diameter_mm":700,"material":"CP","depth_m":2.4},"geometry":{"type":"MultiLineString","coordinates":[[[126.8565901,46.5928737,0],[126.8583267,46.5932096,0]]]}},{"type":"Feature","properties":{"network":"排水","diameter_mm":1500,"material":"CP","depth_m":2.4},"geometry":{"type":"MultiLineString","coordinates":[[[126.9821949,46.7133224,0],[126.9822058,46.713318,0],[126.9822636,46.7132949,0],[126.9822957,46.7132823,0],[126.9823292,46.7132688,0],[126.9823627,46.7132565,0],[126.9823941,46.7132461,0],[126.9824199,46.7132388,0],[126.9824369,46.7132344,0],[126.9824535,46.7132304,0],[126.9824724,46.7132258,0],[126.9824885,46.7132223,0],[126.9825045,46.7132188,0],[126.9825217,46.7132155,0],[126.9825357,46.7132129,0],[126.9825486,46.7132106,0],[126.9825694,46.7132074,0],[126.9825896,46.7132047,0],[126.9826055,46.7132027,0],[126.9826225,46.713201,0],[126.9826431,46.713199,0],[126.9826656,46.7131974,0],[126.982684,46.7131974,0],[126.9827236,46.7131973,0],[126.9827561,46.7131973,0],[126.9827764,46.7131979,0],[126.9828005,46.7131988,0],[126.98281,46.7131993,0],[126.9828203,46.7131999,0],[126.9828313,46.7132007,0],[126.9828484,46.7132021,0],[126.9828616,46.7132034,0],[126.9828778,46.7132052,0],[126.9828904,46.7132067,0],[126.9829077,46.7132091,0],[126.9829172,46.7132105,0],[126.9829357,46.7132134,0],[126.9829518,46.713216,0],[126.9829647,46.7132179,0],[126.9829827,46.7132226,0],[126.9829971,46.7132264,0],[126.9830055,46.7132285,0],[126.983008,46.7132291,0],[126.9830102,46.7132297,0],[126.9830213,46.7132325,0],[126.9830275,46.713234,0],[126.9830431,46.7132378,0],[126.9830576,46.7132412,0],[126.9830755,46.7132454,0],[126.9830928,46.7132493,0],[126.9831079,46.7132526,0],[126.9831278,46.7132568,0],[126.9831441,46.7132601,0],[126.9831955,46.7132701,0],[126.9832478,46.7132792,0],[126.9832787,46.7132842,0],[126.983316,46.7132897,0],[126.9833508,46.7132945,0],[126.9833877,46.7132991,0],[126.9834281,46.7133036,0],[126.9834596,46.7133068,0],[126.9834899,46.7133095,0],[126.9835161,46.7133116,0],[126.9835529,46.7133142,0],[126.9836008,46.7133169,0],[126.9836536,46.7133191,0],[126.9836986,46.7133202,0],[126.9837329,46.7133206,0],[126.98377,46.7133206,0],[126.9838256,46.7133199,0],[126.9838721,46.7133184,0],[126.9839187,46.7133163,0],[126.9839649,46.7133135,0],[126.9840115,46.71331,0],[126.9840537,46.7133062,0],[126.9840833,46.7133032,0],[126.9841763,46.7132904,0],[126.9842447,46.7132783,0]]]}},{"type":"Feature","properties":{"network":"排水","diameter_mm":1500,"material":"CP","depth_m":2.4},"geometry":{"type":"MultiLineString","coordinates":[[[126.9842447,46.7132783,0],[126.9843671,46.7132634,0],[126.984534,46.713237,0],[126.9845847,46.7132298,0],[126.9846279,46.7132225,0],[126.9846812,46.7132143,0],[126.9848673,46.7131856,0],[126.9850384,46.7131592,0],[126.9850614,46.7131563,0],[126.985079,46.7131538,0],[126.9850934,46.7131515,0],[126.9851095,46.7131486,0],[126.9851271,46.7131453,0],[126.9851366,46.7131434,0],[126.9851519,46.7131401,0],[126.9851682,46.7131363,0],[126.9851858,46.7131319,0],[126.9851966,46.7131291,0],[126.9852056,46.7131266,0],[126.985222,46.7131219,0],[126.9852347,46.713118,0],[126.9852614,46.7131093,0],[126.9852734,46.7131052,0],[126.9852811,46.7131024,0],[126.9852927,46.713098,0],[126.9853039,46.7130937,0]]]}},{"type":"Feature","properties":{"network":"排水","diameter_mm":1500,"material":"CP","depth_m":2.4},"geometry":{"type":"MultiLineString","coordinates":[[[126.9853039,46.7130937,0],[126.9853214,46.7130866,0],[126.9853327,46.7130818,0],[126.9853415,46.713078,0],[126.9853504,46.713074,0],[126.9853552,46.7130717,0],[126.9853604,46.713069,0],[126.9853656,46.7130662,0],[126.9853701,46.7130636,0],[126.9853861,46.7130527,0],[126.9854009,46.7130402,0],[126.9854167,46.7130262,0],[126.9854313,46.7130128,0],[126.9854524,46.7129923,0],[126.9854641,46.7129805,0],[126.9854859,46.7129574,0],[126.9855021,46.7129391,0],[126.9855274,46.7129087,0],[126.9855465,46.7128836,0],[126.9855619,46.712862,0],[126.985571,46.7128486,0],[126.9855821,46.7128313,0],[126.9855944,46.7128113,0],[126.9856002,46.7128008,0],[126.9856124,46.712779,0],[126.985618,46.7127683,0],[126.9856261,46.712752,0],[126.9856382,46.7127255,0],[126.9856501,46.7126963,0],[126.9856572,46.7126773,0],[126.9856626,46.7126613,0],[126.9856669,46.7126456,0],[126.9856711,46.7126323,0],[126.9856755,46.71262,0],[126.9856808,46.7126071,0],[126.9856869,46.7125936,0],[126.9856935,46.7125806,0],[126.9857024,46.7125647,0],[126.9857139,46.7125464,0],[126.9857235,46.7125327,0],[126.9857358,46.7125166,0],[126.9857487,46.7125013,0],[126.9857663,46.7124826,0],[126.9857903,46.7124571,0],[126.9857971,46.7124511,0],[126.9858034,46.7124464,0],[126.9858067,46.7124443,0],[126.9858099,46.7124422,0],[126.9858196,46.7124358,0]]]}},{"type":"Feature","properties":{"network":"排水","diameter_mm":1350,"material":"CP","depth_m":2.4},"geometry":{"type":"MultiLineString","coordinates":[[[126.9868055,46.7116755,0],[126.9869798,46.7106706,0]]]}},{"type":"Feature","properties":{"network":"排水","diameter_mm":1500,"material":"CP","depth_m":2.4},"geometry":{"type":"MultiLineString","coordinates":[[[126.978673,46.7135197,0],[126.9786856,46.7135254,0],[126.9792315,46.7137716,0],[126.9792495,46.7137794,0],[126.979266,46.7137861,0],[126.979278,46.7137907,0],[126.9792882,46.7137944,0],[126.979299,46.7137983,0],[126.9793092,46.7138018,0],[126.9793196,46.7138052,0],[126.9793261,46.7138072,0],[126.9793312,46.7138088,0],[126.9793364,46.7138104,0],[126.9793415,46.7138119,0],[126.9793467,46.7138134,0],[126.9793521,46.7138149,0],[126.9793556,46.7138159,0],[126.9793599,46.7138171,0],[126.9793659,46.7138187,0],[126.9793703,46.7138199,0],[126.9793755,46.7138212,0],[126.9793819,46.7138228,0],[126.9793889,46.7138245,0],[126.9793937,46.7138256,0],[126.9793995,46.713827,0],[126.9794054,46.7138283,0],[126.9794076,46.7138288,0],[126.9794139,46.7138301,0],[126.979419,46.7138312,0],[126.9794217,46.7138317,0],[126.979425,46.7138324,0],[126.9794362,46.7138345,0],[126.9794483,46.7138367,0],[126.9794569,46.7138382,0],[126.979464,46.7138393,0],[126.9794704,46.7138403,0],[126.9794788,46.7138415,0],[126.9794863,46.7138426,0],[126.9794931,46.7138435,0],[126.9794997,46.7138443,0],[126.9795077,46.7138452,0],[126.9795145,46.7138459,0],[126.979522,46.7138467,0],[126.9795277,46.7138473,0],[126.9795353,46.7138479,0],[126.9795432,46.7138486,0],[126.9795498,46.7138491,0],[126.9795573,46.7138496,0],[126.979566,46.7138501,0],[126.9795741,46.7138505,0],[126.9795827,46.7138509,0],[126.9795938,46.7138512,0],[126.9796061,46.7138515,0],[126.9796162,46.7138516,0],[126.9796285,46.7138516,0],[126.979641,46.7138515,0],[126.9796498,46.7138513,0],[126.9796543,46.7138512,0],[126.9796596,46.713851,0],[126.9796647,46.7138508,0],[126.9803437,46.7138221,0],[126.9803561,46.7138216,0]]]}},{"type":"Feature","properties":{"network":"排水","diameter_mm":1500,"material":"CP","depth_m":2.4},"geometry":{"type":"MultiLineString","coordinates":[[[126.9803561,46.7138216,0],[126.9803682,46.7138183,0],[126.9821404,46.7133372,0],[126.9821449,46.713336,0],[126.9821832,46.7133256,0],[126.9821949,46.7133224,0]]]}},{"type":"Feature","properties":{"network":"排水","diameter_mm":1650,"material":"CP","depth_m":2.4},"geometry":{"type":"MultiLineString","coordinates":[[[126.9082192,46.6551812,0],[126.9082192,46.6551767,0],[126.9082192,46.6551722,0],[126.908218,46.6551603,0],[126.9082101,46.6551421,0],[126.908192,46.6551269,0],[126.9067707,46.6543436,0],[126.9066903,46.6543032,0],[126.9066337,46.6542735,0],[126.9064162,46.6541544,0],[126.9063038,46.6540926,0],[126.906001,46.6539253,0],[126.9059532,46.6539065,0],[126.9059124,46.6538914,0],[126.9058003,46.6538689,0],[126.9056998,46.6538481,0],[126.9056461,46.6538204,0],[126.9055881,46.6537912,0],[126.9055576,46.6538205,0]]]}},{"type":"Feature","properties":{"network":"排水","diameter_mm":700,"material":"CP","depth_m":2.4},"geometry":{"type":"MultiLineString","coordinates":[[[126.8583267,46.5932096,0],[126.859406,46.5934386,0]]]}},{"type":"Feature","properties":{"network":"排水","diameter_mm":2600,"material":"CP","depth_m":2.4},"geometry":{"type":"MultiLineString","coordinates":[[[126.8840664,46.6135118,0],[126.8841457,46.613484,0],[126.8842479,46.6134556,0],[126.8843381,46.6134363,0],[126.8844945,46.6134125,0],[126.8845361,46.6134102,0],[126.8846437,46.6134047,0],[126.8847682,46.6134069,0],[126.8849536,46.6134262,0],[126.8852277,46.6134546,0],[126.885352,46.6134676,0]]]}},{"type":"Feature","properties":{"network":"排水","diameter_mm":1350,"material":"CP","depth_m":2.4},"geometry":{"type":"MultiLineString","coordinates":[[[126.9869798,46.7106706,0],[126.9869918,46.7105984,0],[126.9869941,46.7105856,0],[126.9869978,46.7105724,0],[126.9870029,46.7105595,0],[126.9870092,46.7105469,0],[126.9870171,46.7105343,0],[126.987027,46.7105213,0],[126.9879064,46.7094304,0]]]}},{"type":"Feature","properties":{"network":"排水","diameter_mm":1200,"material":"CP","depth_m":2.4},"geometry":{"type":"MultiLineString","coordinates":[[[126.9523925,46.7242586,0],[126.9528848,46.723856,0],[126.9532373,46.7235676,0]]]}},{"type":"Feature","properties":{"network":"排水","diameter_mm":1200,"material":"CP","depth_m":2.4},"geometry":{"type":"MultiLineString","coordinates":[[[126.9532373,46.7235676,0],[126.9544788,46.7225389,0]]]}},{"type":"Feature","properties":{"network":"排水","diameter_mm":900,"material":"CP","depth_m":2.4},"geometry":{"type":"MultiLineString","coordinates":[[[126.9683729,46.7244227,0],[126.9684002,46.7241624,0]]]}},{"type":"Feature","properties":{"network":"排水","diameter_mm":900,"material":"CP","depth_m":2.4},"geometry":{"type":"MultiLineString","coordinates":[[[126.9684002,46.7241624,0],[126.9684696,46.7235003,0]]]}},{"type":"Feature","properties":{"network":"排水","diameter_mm":1200,"material":"CP","depth_m":2.4},"geometry":{"type":"MultiLineString","coordinates":[[[126.9658405,46.7178585,0],[126.9658481,46.7178529,0],[126.9671992,46.7169282,0],[126.9674192,46.7167776,0]]]}},{"type":"Feature","properties":{"network":"排水","diameter_mm":1500,"material":"CP","depth_m":2.4},"geometry":{"type":"MultiLineString","coordinates":[[[126.9775905,46.71266,0],[126.977603,46.7126605,0],[126.9781091,46.7126808,0],[126.978136,46.7126827,0],[126.9781503,46.7126843,0],[126.9781699,46.7126869,0],[126.9781915,46.7126905,0],[126.9782117,46.7126946,0],[126.9782282,46.7126985,0],[126.978243,46.7127025,0],[126.9782655,46.712708,0],[126.9782786,46.712712,0],[126.9782961,46.712718,0],[126.9783113,46.7127237,0],[126.9783253,46.7127295,0],[126.9783417,46.7127366,0],[126.9783567,46.7127441,0],[126.9783711,46.7127517,0],[126.9783843,46.7127593,0],[126.9783991,46.7127685,0],[126.9784162,46.7127801,0],[126.9784259,46.7127872,0],[126.9784335,46.7127931,0],[126.9784392,46.7127977,0],[126.9784422,46.7128002,0],[126.9784456,46.7128031,0],[126.9784507,46.7128076,0],[126.9784591,46.7128153,0],[126.9784657,46.7128217,0],[126.9784731,46.7128292,0],[126.9784774,46.7128339,0],[126.9784817,46.7128387,0],[126.978487,46.7128448,0],[126.9784919,46.7128507,0],[126.9784977,46.7128582,0],[126.9785027,46.7128649,0],[126.9785074,46.7128717,0],[126.9785124,46.7128793,0],[126.9785165,46.7128859,0],[126.9785194,46.7128908,0],[126.9785221,46.7128956,0],[126.9785266,46.7129041,0],[126.9785316,46.7129144,0],[126.9785348,46.7129217,0],[126.9785406,46.7129367,0],[126.9785441,46.7129471,0],[126.9785456,46.7129522,0],[126.9785479,46.7129608,0],[126.9785539,46.7129869,0],[126.9785575,46.7130029,0],[126.978671,46.7135108,0],[126.978673,46.7135197,0]]]}},{"type":"Feature","properties":{"network":"排水","diameter_mm":675,"material":"CP","depth_m":2.4},"geometry":{"type":"MultiLineString","coordinates":[[[126.9847084,46.7291476,0],[126.9840809,46.72815,0]]]}},{"type":"Feature","properties":{"network":"排水","diameter_mm":1650,"material":"CP","depth_m":2.4},"geometry":{"type":"MultiLineString","coordinates":[[[126.9082192,46.6551812,0],[126.9082206,46.6551768,0],[126.9082221,46.6551724,0],[126.908222,46.6551583,0],[126.9082151,46.6551396,0],[126.9082037,46.6551247,0],[126.9066427,46.6542532,0],[126.9064308,46.6541377,0],[126.9062857,46.6540586,0],[126.90601,46.6539069,0],[126.9059198,46.6538777,0],[126.9058098,46.6538534,0],[126.9057171,46.6538338,0],[126.9056592,46.6538085,0],[126.9055933,46.6537684,0],[126.9055576,46.6538205,0]]]}},{"type":"Feature","properties":{"network":"排水","diameter_mm":675,"material":"CP","depth_m":2.4},"geometry":{"type":"MultiLineString","coordinates":[[[126.9840809,46.72815,0],[126.9837171,46.7275694,0],[126.9835798,46.7273501,0]]]}},{"type":"Feature","properties":{"network":"排水","diameter_mm":675,"material":"CP","depth_m":2.4},"geometry":{"type":"MultiLineString","coordinates":[[[126.9851404,46.726363,0],[126.9865246,46.7259362,0]]]}},{"type":"Feature","properties":{"network":"排水","diameter_mm":900,"material":"CP","depth_m":2.4},"geometry":{"type":"MultiLineString","coordinates":[[[126.968559,46.7225618,0],[126.9682518,46.7221017,0]]]}},{"type":"Feature","properties":{"network":"排水","diameter_mm":900,"material":"CP","depth_m":2.4},"geometry":{"type":"MultiLineString","coordinates":[[[126.9686483,46.7205521,0],[126.9689606,46.719262,0]]]}},{"type":"Feature","properties":{"network":"排水","diameter_mm":2700,"material":"CP","depth_m":2.4},"geometry":{"type":"MultiLineString","coordinates":[[[126.9466007,46.7231361,0],[126.9469671,46.7232198,0],[126.9470013,46.7232244,0],[126.9470451,46.7232282,0],[126.9470791,46.7232297,0],[126.9471063,46.72323,0],[126.9471425,46.7232291,0],[126.9471741,46.7232271,0],[126.9472098,46.7232235,0],[126.9472489,46.7232179,0],[126.947285,46.7232111,0],[126.9473146,46.7232043,0],[126.948488,46.7229432,0],[126.9485519,46.7229306,0],[126.9486171,46.7229222,0],[126.9486669,46.7229169,0],[126.9487192,46.722911,0],[126.9487715,46.7229087,0],[126.9488213,46.7229069,0],[126.9488848,46.7229057,0],[126.9489618,46.7229064,0],[126.9490319,46.7229091,0],[126.9491091,46.7229145,0],[126.9491612,46.7229195,0],[126.9492156,46.722926,0],[126.9492649,46.722933,0],[126.9493145,46.7229439,0],[126.9493741,46.7229584,0],[126.9494397,46.7229763,0],[126.9495116,46.7229956,0],[126.9495729,46.7230132,0],[126.9496346,46.7230334,0],[126.9496896,46.7230532,0],[126.9497415,46.7230732,0],[126.9497897,46.7230928,0],[126.9498311,46.7231121,0]]]}},{"type":"Feature","properties":{"network":"排水","diameter_mm":1050,"material":"CP","depth_m":2.4},"geometry":{"type":"MultiLineString","coordinates":[[[126.9466907,46.7289108,0],[126.9471198,46.7281197,0]]]}},{"type":"Feature","properties":{"network":"排水","diameter_mm":750,"material":"CP","depth_m":2.4},"geometry":{"type":"MultiLineString","coordinates":[[[127.0058598,46.7130647,0],[127.0065841,46.7120708,0],[127.0066029,46.7120451,0],[127.0066082,46.7120377,0]]]}},{"type":"Feature","properties":{"network":"排水","diameter_mm":750,"material":"CP","depth_m":2.4},"geometry":{"type":"MultiLineString","coordinates":[[[127.0066082,46.7120377,0],[127.0066179,46.7120326,0],[127.007842,46.7113825,0]]]}},{"type":"Feature","properties":{"network":"排水","diameter_mm":750,"material":"CP","depth_m":2.4},"geometry":{"type":"MultiLineString","coordinates":[[[126.9977515,46.7183365,0],[126.9977565,46.718329,0],[126.9983058,46.7175127,0]]]}},{"type":"Feature","properties":{"network":"排水","diameter_mm":750,"material":"CP","depth_m":2.4},"geometry":{"type":"MultiLineString","coordinates":[[[126.9983058,46.7175127,0],[126.9985076,46.7172117,0],[126.9988518,46.716698,0],[126.9988566,46.7166909,0]]]}},{"type":"Feature","properties":{"network":"排水","diameter_mm":750,"material":"CP","depth_m":2.4},"geometry":{"type":"MultiLineString","coordinates":[[[126.9988566,46.7166909,0],[126.9988669,46.7166855,0],[126.9995551,46.716325,0]]]}},{"type":"Feature","properties":{"network":"排水","diameter_mm":900,"material":"CP","depth_m":2.4},"geometry":{"type":"MultiLineString","coordinates":[[[126.9684696,46.7235003,0],[126.968559,46.7225618,0]]]}},{"type":"Feature","properties":{"network":"排水","diameter_mm":1500,"material":"CP","depth_m":2.4},"geometry":{"type":"MultiLineString","coordinates":[[[126.9705161,46.7166553,0],[126.970544,46.7166364,0],[126.9713024,46.7153839,0]]]}},{"type":"Feature","properties":{"network":"排水","diameter_mm":1350,"material":"CP","depth_m":2.4},"geometry":{"type":"MultiLineString","coordinates":[[[126.9898214,46.7076156,0],[126.9907537,46.7067568,0]]]}},{"type":"Feature","properties":{"network":"排水","diameter_mm":1200,"material":"CP","depth_m":2.4},"geometry":{"type":"MultiLineString","coordinates":[[[126.9323447,46.7378568,0],[126.9328312,46.737693,0],[126.9328431,46.7376881,0],[126.9328556,46.7376823,0],[126.9328678,46.7376763,0],[126.9328794,46.7376699,0],[126.9328909,46.7376631,0],[126.932904,46.7376546,0],[126.9329157,46.7376463,0],[126.9329278,46.7376368,0],[126.9329398,46.7376263,0],[126.9329581,46.7376079,0],[126.9332772,46.737257,0]]]}},{"type":"Feature","properties":{"network":"排水","diameter_mm":1200,"material":"CP","depth_m":2.4},"geometry":{"type":"MultiLineString","coordinates":[[[126.9343326,46.7367718,0],[126.9346551,46.7368288,0],[126.9346807,46.7368321,0],[126.9347038,46.7368339,0],[126.9347299,46.7368346,0],[126.9347554,46.7368342,0],[126.9347796,46.7368325,0],[126.9348035,46.7368298,0],[126.9348254,46.7368262,0],[126.9348458,46.736822,0],[126.9348641,46.7368174,0],[126.9348852,46.7368112,0],[126.9349095,46.7368026,0],[126.9349308,46.7367937,0],[126.9349461,46.7367864,0],[126.9349567,46.7367809,0],[126.9349763,46.7367696,0],[126.9358494,46.7362035,0],[126.9360108,46.7360989,0],[126.9361171,46.7360299,0],[126.9361402,46.7360158,0],[126.9361654,46.7360029,0],[126.9361919,46.7359916,0],[126.9362238,46.7359807,0],[126.936256,46.7359723,0],[126.9362855,46.7359667,0],[126.9363185,46.7359627,0],[126.9363335,46.7359619,0],[126.9363509,46.7359609,0],[126.9363833,46.7359612,0],[126.9364265,46.7359649,0],[126.9364879,46.7359742,0]]]}},{"type":"Feature","properties":{"network":"排水","diameter_mm":675,"material":"CP","depth_m":2.4},"geometry":{"type":"MultiLineString","coordinates":[[[126.9865246,46.7259362,0],[126.9876433,46.7258765,0]]]}},{"type":"Feature","properties":{"network":"排水","diameter_mm":750,"material":"CP","depth_m":2.4},"geometry":{"type":"MultiLineString","coordinates":[[[126.990057,46.7243723,0],[126.9909087,46.7238891,0]]]}},{"type":"Feature","properties":{"network":"排水","diameter_mm":1050,"material":"CP","depth_m":2.4},"geometry":{"type":"MultiLineString","coordinates":[[[126.9385217,46.7342967,0],[126.9395208,46.7332491,0],[126.939528,46.7332411,0],[126.9395348,46.7332346,0],[126.9395425,46.7332282,0],[126.9395495,46.7332231,0],[126.939558,46.7332176,0],[126.9395661,46.733213,0],[126.9395764,46.7332078,0],[126.9395826,46.7332051,0],[126.9395933,46.733201,0],[126.9396238,46.7331929,0]]]}},{"type":"Feature","properties":{"network":"排水","diameter_mm":750,"material":"CP","depth_m":2.4},"geometry":{"type":"MultiLineString","coordinates":[[[127.0250262,46.6993686,0],[127.0256567,46.6992018,0],[127.0256673,46.6991989,0],[127.0256815,46.6991943,0],[127.025695,46.6991888,0],[127.0257091,46.699182,0],[127.0257158,46.6991783,0],[127.0257236,46.6991735,0],[127.0257297,46.6991694,0],[127.0257433,46.6991592,0],[127.0257516,46.6991512,0],[127.0257606,46.6991416,0],[127.0257683,46.6991316,0],[127.0257749,46.6991212,0],[127.0257797,46.6991119,0],[127.0257828,46.6991046,0],[127.0257856,46.6990962,0]]]}},{"type":"Feature","properties":{"network":"排水","diameter_mm":750,"material":"CP","depth_m":2.4},"geometry":{"type":"MultiLineString","coordinates":[[[127.0236523,46.6949322,0],[127.0226605,46.6940719,0]]]}},{"type":"Feature","properties":{"network":"排水","diameter_mm":1350,"material":"CP","depth_m":2.4},"geometry":{"type":"MultiLineString","coordinates":[[[126.9879064,46.7094304,0],[126.9886801,46.7086663,0]]]}},{"type":"Feature","properties":{"network":"排水","diameter_mm":1350,"material":"CP","depth_m":2.4},"geometry":{"type":"MultiLineString","coordinates":[[[126.9886801,46.7086663,0],[126.9898214,46.7076156,0]]]}},{"type":"Feature","properties":{"network":"排水","diameter_mm":900,"material":"CP","depth_m":2.4},"geometry":{"type":"MultiLineString","coordinates":[[[126.8775473,46.7083505,0],[126.8757306,46.7084388,0]]]}},{"type":"Feature","properties":{"network":"排水","diameter_mm":900,"material":"CP","depth_m":2.4},"geometry":{"type":"MultiLineString","coordinates":[[[126.8739605,46.7083865,0],[126.8720958,46.708152,0]]]}},{"type":"Feature","properties":{"network":"排水","diameter_mm":525,"material":"CP","depth_m":2.4},"geometry":{"type":"MultiLineString","coordinates":[[[126.9579869,46.7198914,0],[126.9584557,46.720205,0]]]}},{"type":"Feature","properties":{"network":"排水","diameter_mm":525,"material":"CP","depth_m":2.4},"geometry":{"type":"MultiLineString","coordinates":[[[126.9584557,46.720205,0],[126.9588523,46.7204704,0],[126.9588644,46.7204987,0]]]}},{"type":"Feature","properties":{"network":"排水","diameter_mm":1829,"material":"CP","depth_m":2.4},"geometry":{"type":"MultiLineString","coordinates":[[[127.033438,46.6708284,0],[127.0329785,46.6712156,0]]]}},{"type":"Feature","properties":{"network":"排水","diameter_mm":1829,"material":"CP","depth_m":2.4},"geometry":{"type":"MultiLineString","coordinates":[[[127.0329785,46.6712156,0],[127.0329301,46.6712567,0]]]}},{"type":"Feature","properties":{"network":"排水","diameter_mm":1500,"material":"CP","depth_m":2.4},"geometry":{"type":"MultiLineString","coordinates":[[[127.0359043,46.6413599,0],[127.0358765,46.6414287,0]]]}},{"type":"Feature","properties":{"network":"排水","diameter_mm":1500,"material":"CP","depth_m":2.4},"geometry":{"type":"MultiLineString","coordinates":[[[127.035229,46.6865118,0],[127.0359124,46.6857512,0]]]}},{"type":"Feature","properties":{"network":"排水","diameter_mm":1500,"material":"CP","depth_m":2.4},"geometry":{"type":"MultiLineString","coordinates":[[[127.0359124,46.6857512,0],[127.0366195,46.6849651,0]]]}},{"type":"Feature","properties":{"network":"排水","diameter_mm":1500,"material":"CP","depth_m":2.4},"geometry":{"type":"MultiLineString","coordinates":[[[127.0366195,46.6849651,0],[127.0373268,46.6841777,0]]]}},{"type":"Feature","properties":{"network":"排水","diameter_mm":1200,"material":"CP","depth_m":2.4},"geometry":{"type":"MultiLineString","coordinates":[[[126.9046998,46.649129,0],[126.9031424,46.648777,0]]]}},{"type":"Feature","properties":{"network":"排水","diameter_mm":1800,"material":"CP","depth_m":2.4},"geometry":{"type":"MultiLineString","coordinates":[[[126.9059474,46.648852,0],[126.905888,46.6488968,0]]]}},{"type":"Feature","properties":{"network":"排水","diameter_mm":1200,"material":"CP","depth_m":2.4},"geometry":{"type":"MultiLineString","coordinates":[[[126.905888,46.6488968,0],[126.9056051,46.6491099,0]]]}},{"type":"Feature","properties":{"network":"排水","diameter_mm":750,"material":"CP","depth_m":2.4},"geometry":{"type":"MultiLineString","coordinates":[[[127.0635409,46.688544,0],[127.0631991,46.6893588,0]]]}},{"type":"Feature","properties":{"network":"排水","diameter_mm":1829,"material":"CP","depth_m":2.4},"geometry":{"type":"MultiLineString","coordinates":[[[127.0329301,46.6712567,0],[127.0328767,46.6713012,0]]]}},{"type":"Feature","properties":{"network":"排水","diameter_mm":1800,"material":"CP","depth_m":2.4},"geometry":{"type":"MultiLineString","coordinates":[[[127.0178346,46.6750333,0],[127.017599,46.674816,0]]]}},{"type":"Feature","properties":{"network":"排水","diameter_mm":2100,"material":"UNK","depth_m":2.4},"geometry":{"type":"MultiLineString","coordinates":[[[127.0580813,46.6365963,0],[127.0581317,46.636448,0],[127.0584473,46.6345473,0],[127.0582442,46.6330928,0],[127.0582439,46.6330865,0],[127.0582449,46.63308,0],[127.0582482,46.6330751,0],[127.0582528,46.6330695,0],[127.0583533,46.6329645,0]]]}},{"type":"Feature","properties":{"network":"排水","diameter_mm":3000,"material":"CP","depth_m":2.4},"geometry":{"type":"MultiLineString","coordinates":[[[127.0536003,46.6448627,0],[127.0536321,46.6447794,0],[127.0548927,46.6416665,0],[127.0549009,46.6416493,0],[127.0549454,46.6415629,0],[127.0550139,46.6414511,0],[127.0551109,46.6413051,0],[127.0551221,46.6412835,0],[127.055184,46.6411396,0],[127.0556016,46.6401213,0],[127.0558757,46.6394676,0],[127.0559095,46.6394115,0],[127.0559528,46.6393498,0],[127.0559771,46.6393184,0],[127.0560168,46.6392653,0],[127.0560441,46.6392287,0],[127.0560772,46.6391846,0],[127.0562711,46.6389233,0],[127.0564074,46.6387375,0],[127.0564459,46.638685,0],[127.0566523,46.6384036,0],[127.0568895,46.6380803,0],[127.0569668,46.6379752,0],[127.0570366,46.6378825,0],[127.0571719,46.6377102,0],[127.0580813,46.6365963,0]]]}},{"type":"Feature","properties":{"network":"排水","diameter_mm":1500,"material":"CP","depth_m":2.4},"geometry":{"type":"MultiLineString","coordinates":[[[127.0359194,46.6413165,0],[127.0359154,46.6413325,0],[127.0359043,46.6413599,0]]]}},{"type":"Feature","properties":{"network":"排水","diameter_mm":1500,"material":"CP","depth_m":2.4},"geometry":{"type":"MultiLineString","coordinates":[[[127.0483376,46.6440591,0],[127.048323,46.6440697,0],[127.048293,46.6441322,0]]]}},{"type":"Feature","properties":{"network":"排水","diameter_mm":525,"material":"CP","depth_m":2.4},"geometry":{"type":"MultiLineString","coordinates":[[[127.0671277,46.6989783,0],[127.0670353,46.6988881,0],[127.0670115,46.6988652,0],[127.0667146,46.6985784,0]]]}},{"type":"Feature","properties":{"network":"排水","diameter_mm":1350,"material":"CP","depth_m":2.4},"geometry":{"type":"MultiLineString","coordinates":[[[126.9595321,46.6617312,0],[126.9591222,46.6617688,0],[126.9589628,46.6617037,0]]]}},{"type":"Feature","properties":{"network":"排水","diameter_mm":1500,"material":"CP","depth_m":2.4},"geometry":{"type":"MultiLineString","coordinates":[[[127.0232293,46.6388295,0],[127.0232303,46.638825,0],[127.0232566,46.6387112,0]]]}},{"type":"Feature","properties":{"network":"排水","diameter_mm":1050,"material":"CP","depth_m":2.4},"geometry":{"type":"MultiLineString","coordinates":[[[126.9184989,46.7452774,0],[126.9196969,46.7450482,0]]]}},{"type":"Feature","properties":{"network":"排水","diameter_mm":3800,"material":"CP","depth_m":2.4},"geometry":{"type":"MultiLineString","coordinates":[[[126.9570985,46.6629958,0],[126.9571941,46.6629632,0],[126.957241,46.6629472,0],[126.9572742,46.6629329,0],[126.9572978,46.6629202,0],[126.9573324,46.6629025,0],[126.9573738,46.6628754,0],[126.9574677,46.6628131,0],[126.9577267,46.6626411,0],[126.9581494,46.6623609,0],[126.9584022,46.6621933,0],[126.9586228,46.6620467,0],[126.9586457,46.6620306,0],[126.9586638,46.6620187,0],[126.9586793,46.6620073,0],[126.9587072,46.6619836,0],[126.9587279,46.6619652,0],[126.9587442,46.6619501,0],[126.9587584,46.6619366,0],[126.9587729,46.6619205,0],[126.9587885,46.6619032,0],[126.9588048,46.6618819,0],[126.9588225,46.661854,0],[126.9588369,46.6618286,0],[126.9588471,46.6618084,0],[126.9588547,46.6617923,0],[126.9588641,46.6617692,0],[126.9588695,46.6617503,0],[126.958876,46.6617276,0],[126.9588834,46.6617044,0],[126.9589036,46.6616399,0],[126.9589703,46.661428,0]]]}},{"type":"Feature","properties":{"network":"排水","diameter_mm":3810,"material":"CP","depth_m":2.4},"geometry":{"type":"MultiLineString","coordinates":[[[126.9589703,46.661428,0],[126.9589996,46.6613423,0],[126.9590328,46.6612453,0],[126.9592145,46.6607146,0]]]}},{"type":"Feature","properties":{"network":"排水","diameter_mm":1350,"material":"CP","depth_m":2.4},"geometry":{"type":"MultiLineString","coordinates":[[[127.0163493,46.7389665,0],[127.0163514,46.7389571,0],[127.0163729,46.7388586,0],[127.0163776,46.7388417,0],[127.0163904,46.7388131,0],[127.0164083,46.7387868,0],[127.0164332,46.7387609,0],[127.0164545,46.738744,0],[127.0164843,46.7387256,0],[127.0165172,46.7387118,0],[127.0165439,46.7387012,0],[127.0165814,46.7386921,0],[127.0166247,46.7386865,0],[127.0166618,46.7386857,0],[127.0179283,46.7387146,0],[127.0179516,46.7387152,0],[127.0179679,46.7387156,0]]]}},{"type":"Feature","properties":{"network":"排水","diameter_mm":1350,"material":"CP","depth_m":2.4},"geometry":{"type":"MultiLineString","coordinates":[[[127.0526756,46.6939914,0],[127.0526808,46.6939874,0],[127.0529027,46.6938178,0],[127.0538411,46.6931003,0],[127.0538534,46.6930909,0]]]}},{"type":"Feature","properties":{"network":"排水","diameter_mm":1350,"material":"CP","depth_m":2.4},"geometry":{"type":"MultiLineString","coordinates":[[[127.0035459,46.700495,0],[127.0044209,46.6999923,0],[127.0044299,46.6999874,0],[127.0044396,46.6999826,0],[127.0044562,46.6999748,0],[127.0044743,46.6999674,0],[127.0044949,46.69996,0],[127.0045122,46.6999546,0],[127.0045283,46.6999502,0],[127.004545,46.6999463,0],[127.0045614,46.699943,0],[127.004572,46.6999411,0],[127.0045817,46.6999396,0],[127.0045906,46.6999384,0],[127.0046037,46.6999369,0]]]}},{"type":"Feature","properties":{"network":"排水","diameter_mm":1500,"material":"CP","depth_m":2.4},"geometry":{"type":"MultiLineString","coordinates":[[[127.0585907,46.6394519,0],[127.0590122,46.6384528,0],[127.0590173,46.6384408,0],[127.0590196,46.6384303,0],[127.0590171,46.6384185,0],[127.0590101,46.6384087,0],[127.0583505,46.6378927,0],[127.0583441,46.6378866,0],[127.0583403,46.6378796,0],[127.0583394,46.6378708,0],[127.0583464,46.63773,0]]]}},{"type":"Feature","properties":{"network":"排水","diameter_mm":1050,"material":"CP","depth_m":2.4},"geometry":{"type":"MultiLineString","coordinates":[[[126.9196969,46.7450482,0],[126.9204787,46.7448986,0],[126.920494,46.7448949,0],[126.9205069,46.7448909,0],[126.9205176,46.744887,0],[126.9205313,46.7448809,0],[126.9205424,46.744875,0],[126.9205503,46.7448703,0],[126.9205579,46.7448652,0],[126.9205659,46.7448591,0],[126.9205758,46.7448504,0],[126.9205814,46.7448449,0]]]}},{"type":"Feature","properties":{"network":"排水","diameter_mm":1500,"material":"CP","depth_m":2.4},"geometry":{"type":"MultiLineString","coordinates":[[[127.0406523,46.6426757,0],[127.0407119,46.6425322,0],[127.040742,46.6425109,0]]]}},{"type":"Feature","properties":{"network":"排水","diameter_mm":1500,"material":"CP","depth_m":2.4},"geometry":{"type":"MultiLineString","coordinates":[[[127.0574268,46.6422064,0],[127.05753,46.6419635,0],[127.0575301,46.6419634,0]]]}},{"type":"Feature","properties":{"network":"排水","diameter_mm":900,"material":"CP","depth_m":2.4},"geometry":{"type":"MultiLineString","coordinates":[[[126.8843463,46.5950984,0],[126.8843683,46.5951073,0],[126.8844144,46.5951257,0]]]}},{"type":"Feature","properties":{"network":"排水","diameter_mm":1350,"material":"CP","depth_m":2.4},"geometry":{"type":"MultiLineString","coordinates":[[[126.8946564,46.6623223,0],[126.8947048,46.6622263,0],[126.8947115,46.662213,0],[126.8948496,46.6619394,0],[126.8951418,46.6613603,0]]]}},{"type":"Feature","properties":{"network":"排水","diameter_mm":3810,"material":"CP","depth_m":2.4},"geometry":{"type":"MultiLineString","coordinates":[[[126.9543524,46.6634872,0],[126.9543991,46.6634798,0],[126.95447,46.6634736,0],[126.9545466,46.663468,0],[126.9545878,46.6634654,0],[126.9546346,46.6634644,0],[126.9547175,46.6634652,0],[126.9547622,46.6634656,0],[126.9547989,46.6634657,0],[126.9548256,46.6634642,0],[126.9548628,46.6634607,0],[126.95488,46.6634585,0],[126.9549574,46.6634445,0],[126.9550068,46.6634354,0],[126.9555514,46.663337,0],[126.9559089,46.6632779,0],[126.9561458,46.6632411,0],[126.9563177,46.66321,0],[126.9565322,46.6631524,0],[126.9570985,46.6629958,0]]]}},{"type":"Feature","properties":{"network":"排水","diameter_mm":1350,"material":"CP","depth_m":2.4},"geometry":{"type":"MultiLineString","coordinates":[[[127.0444672,46.7100718,0],[127.0444773,46.710062,0],[127.044863,46.7096849,0],[127.0448715,46.7096765,0],[127.0448812,46.7096655,0],[127.0448888,46.7096552,0],[127.0448943,46.7096467,0],[127.0448989,46.7096384,0],[127.0449035,46.7096285,0],[127.0449081,46.7096161,0],[127.0451905,46.7088505,0],[127.0451925,46.7088452,0]]]}},{"type":"Feature","properties":{"network":"排水","diameter_mm":1050,"material":"CP","depth_m":2.4},"geometry":{"type":"MultiLineString","coordinates":[[[127.0215096,46.6711376,0],[127.0215298,46.6711222,0],[127.0217113,46.6711122,0],[127.0217355,46.6711259,0]]]}},{"type":"Feature","properties":{"network":"排水","diameter_mm":600,"material":"CP","depth_m":2.4},"geometry":{"type":"MultiLineString","coordinates":[[[126.9164105,46.6266328,0],[126.9164285,46.6266338,0],[126.916508,46.6266513,0],[126.9165293,46.6266602,0]]]}},{"type":"Feature","properties":{"network":"排水","diameter_mm":1200,"material":"CP","depth_m":2.4},"geometry":{"type":"MultiLineString","coordinates":[[[127.0065455,46.7497164,0],[127.0065502,46.7497049,0],[127.0066421,46.7494772,0],[127.0066503,46.7494583,0],[127.0066613,46.7494413,0],[127.0066744,46.7494265,0],[127.0066909,46.7494117,0],[127.0067055,46.7494014,0],[127.0067224,46.7493918,0],[127.0067462,46.7493815,0],[127.0067764,46.7493724,0],[127.0070628,46.7493035,0]]]}},{"type":"Feature","properties":{"network":"排水","diameter_mm":1350,"material":"CP","depth_m":2.4},"geometry":{"type":"MultiLineString","coordinates":[[[127.0129966,46.7448817,0],[127.013007,46.7448759,0],[127.0143337,46.7441046,0],[127.014348,46.7440963,0]]]}},{"type":"Feature","properties":{"network":"排水","diameter_mm":1200,"material":"CP","depth_m":2.4},"geometry":{"type":"MultiLineString","coordinates":[[[127.0063118,46.7520657,0],[127.006312,46.7520568,0],[127.0063517,46.7507903,0],[127.006352,46.7507797,0]]]}},{"type":"Feature","properties":{"network":"排水","diameter_mm":1200,"material":"CP","depth_m":2.4},"geometry":{"type":"MultiLineString","coordinates":[[[127.0063818,46.7544818,0],[127.0063915,46.7544785,0],[127.0063943,46.7544771,0],[127.0063988,46.7544742,0],[127.0064004,46.7544728,0],[127.0064036,46.7544692,0],[127.0064058,46.7544653,0],[127.0064072,46.75446,0],[127.0064078,46.7544536,0],[127.0064091,46.7544377,0],[127.0063918,46.7539942,0],[127.0063641,46.7532844,0],[127.0063637,46.7532755,0]]]}},{"type":"Feature","properties":{"network":"排水","diameter_mm":1350,"material":"CP","depth_m":2.4},"geometry":{"type":"MultiLineString","coordinates":[[[126.8793782,46.6785487,0],[126.8803043,46.6783306,0],[126.8805747,46.6782669,0],[126.8808802,46.6781949,0],[126.8809626,46.6781756,0]]]}},{"type":"Feature","properties":{"network":"排水","diameter_mm":1350,"material":"CP","depth_m":2.4},"geometry":{"type":"MultiLineString","coordinates":[[[127.0511014,46.7045646,0],[127.0511004,46.7045585,0],[127.0509837,46.7038633,0],[127.0509834,46.7038421,0],[127.0509844,46.7038195,0],[127.0509894,46.7037979,0],[127.0509966,46.7037785,0],[127.0510078,46.7037571,0],[127.051026,46.7037319,0],[127.0510432,46.7037137,0],[127.0514853,46.7033009,0],[127.05149,46.7032967,0]]]}},{"type":"Feature","properties":{"network":"排水","diameter_mm":2100,"material":"UNK","depth_m":2.4},"geometry":{"type":"MultiLineString","coordinates":[[[127.0436424,46.6770497,0],[127.043279,46.6768864,0]]]}},{"type":"Feature","properties":{"network":"排水","diameter_mm":1350,"material":"CP","depth_m":2.4},"geometry":{"type":"MultiLineString","coordinates":[[[127.0451925,46.7088452,0],[127.0452013,46.7088332,0],[127.045741,46.7081027,0],[127.0457579,46.7080832,0],[127.0457752,46.7080671,0],[127.0457967,46.7080507,0],[127.0458155,46.7080389,0],[127.0458372,46.7080275,0],[127.0458635,46.7080164,0],[127.0458903,46.7080076,0],[127.0459158,46.7080012,0],[127.0459385,46.707997,0],[127.0459615,46.7079942,0],[127.0463018,46.7079677,0],[127.046312,46.707967,0]]]}},{"type":"Feature","properties":{"network":"排水","diameter_mm":1350,"material":"CP","depth_m":2.4},"geometry":{"type":"MultiLineString","coordinates":[[[126.8809626,46.6781756,0],[126.8809871,46.6781698,0],[126.8809958,46.6781676,0],[126.8810029,46.6781656,0],[126.8810074,46.6781642,0],[126.8810145,46.6781616,0],[126.881022,46.6781585,0],[126.8810289,46.6781554,0],[126.8811825,46.6780831,0],[126.8821626,46.677622,0],[126.8823047,46.6775552,0]]]}},{"type":"Feature","properties":{"network":"排水","diameter_mm":750,"material":"CP","depth_m":2.4},"geometry":{"type":"MultiLineString","coordinates":[[[126.9950189,46.7211403,0],[126.9955961,46.7205492,0],[126.9957086,46.720434,0]]]}},{"type":"Feature","properties":{"network":"排水","diameter_mm":1350,"material":"CP","depth_m":2.4},"geometry":{"type":"MultiLineString","coordinates":[[[127.0529637,46.7030831,0],[127.052977,46.7030732,0],[127.0548064,46.7017085,0],[127.0548208,46.7016977,0],[127.0548278,46.7016919,0],[127.0548384,46.7016824,0],[127.054851,46.7016696,0],[127.054862,46.7016566,0],[127.0548737,46.7016401,0],[127.054883,46.7016242,0],[127.0548893,46.7016119,0],[127.0548957,46.7015938,0],[127.0549007,46.7015742,0],[127.0549035,46.701557,0],[127.0549038,46.7015355,0],[127.0549011,46.7015124,0],[127.0548963,46.7014926,0],[127.0548887,46.7014719,0],[127.054879,46.7014528,0],[127.0548716,46.701441,0],[127.0548636,46.7014298,0],[127.0548454,46.7014088,0],[127.0548298,46.7013944,0],[127.0548245,46.7013896,0]]]}},{"type":"Feature","properties":{"network":"排水","diameter_mm":1200,"material":"CP","depth_m":2.4},"geometry":{"type":"MultiLineString","coordinates":[[[126.9163769,46.6271305,0],[126.9163783,46.6271262,0],[126.9165065,46.6267265,0],[126.9165096,46.6267157,0]]]}},{"type":"Feature","properties":{"network":"排水","diameter_mm":450,"material":"CP","depth_m":2.4},"geometry":{"type":"MultiLineString","coordinates":[[[127.0627864,46.6975294,0],[127.0624838,46.6974354,0],[127.0620895,46.6973131,0]]]}},{"type":"Feature","properties":{"network":"排水","diameter_mm":450,"material":"CP","depth_m":2.4},"geometry":{"type":"MultiLineString","coordinates":[[[127.0596923,46.696164,0],[127.0595121,46.6958375,0],[127.0594323,46.6956928,0]]]}},{"type":"Feature","properties":{"network":"排水","diameter_mm":300,"material":"PVC","depth_m":2.4},"geometry":{"type":"MultiLineString","coordinates":[[[127.0559019,46.694595,0],[127.0558998,46.6945975,0],[127.0555715,46.6949943,0]]]}},{"type":"Feature","properties":{"network":"排水","diameter_mm":1500,"material":"CP","depth_m":2.4},"geometry":{"type":"MultiLineString","coordinates":[[[126.9064069,46.6480389,0],[126.9063324,46.6482133,0],[126.9061482,46.6486586,0],[126.9061367,46.6486784,0],[126.9061119,46.6487139,0],[126.9060887,46.648741,0],[126.9060472,46.6487778,0],[126.9059975,46.6488139,0],[126.9059474,46.648852,0]]]}},{"type":"Feature","properties":{"network":"排水","diameter_mm":600,"material":"CP","depth_m":2.4},"geometry":{"type":"MultiLineString","coordinates":[[[126.9661373,46.7001539,0],[126.9661727,46.7001558,0]]]}},{"type":"Feature","properties":{"network":"排水","diameter_mm":525,"material":"CP","depth_m":2.4},"geometry":{"type":"MultiLineString","coordinates":[[[126.9608043,46.6920223,0],[126.9611415,46.6915581,0]]]}},{"type":"Feature","properties":{"network":"排水","diameter_mm":1500,"material":"CP","depth_m":2.4},"geometry":{"type":"MultiLineString","coordinates":[[[127.0202988,46.6279069,0],[127.0210983,46.6280862,0],[127.0213708,46.6281469,0]]]}},{"type":"Feature","properties":{"network":"排水","diameter_mm":1500,"material":"CP","depth_m":2.4},"geometry":{"type":"MultiLineString","coordinates":[[[127.0213708,46.6281469,0],[127.0215424,46.6281935,0]]]}},{"type":"Feature","properties":{"network":"排水","diameter_mm":2700,"material":"CP","depth_m":2.4},"geometry":{"type":"MultiLineString","coordinates":[[[126.88876,46.6115308,0],[126.8890318,46.6108041,0],[126.8890619,46.6107314,0],[126.8890602,46.6107183,0]]]}},{"type":"Feature","properties":{"network":"排水","diameter_mm":2400,"material":"UNK","depth_m":2.4},"geometry":{"type":"MultiLineString","coordinates":[[[126.88876,46.6115308,0],[126.8887652,46.6115228,0],[126.8888414,46.6114081,0],[126.8888514,46.6113919,0],[126.8888604,46.6113817,0],[126.8888701,46.611373,0],[126.8888826,46.6113641,0],[126.8888973,46.6113559,0],[126.8889111,46.61135,0],[126.8889287,46.6113444,0],[126.8889444,46.6113411,0],[126.8889503,46.6113404,0],[126.8889629,46.6113389,0],[126.8889805,46.6113384,0],[126.8889984,46.6113395,0],[126.889013,46.6113417,0],[126.8890287,46.6113453,0],[126.8890432,46.61135,0],[126.8892747,46.6114572,0],[126.8892871,46.6114643,0],[126.8892976,46.6114717,0],[126.8893068,46.6114794,0],[126.8893159,46.6114886,0],[126.8893202,46.6114937,0],[126.8893264,46.6115025,0],[126.8896857,46.6120901,0]]]}},{"type":"Feature","properties":{"network":"排水","diameter_mm":600,"material":"CP","depth_m":2.4},"geometry":{"type":"MultiLineString","coordinates":[[[126.8696189,46.6116169,0],[126.8699511,46.6115406,0]]]}},{"type":"Feature","properties":{"network":"排水","diameter_mm":2700,"material":"CP","depth_m":2.4},"geometry":{"type":"MultiLineString","coordinates":[[[126.885352,46.6134676,0],[126.8855396,46.6134703,0],[126.8855913,46.6134705,0],[126.8856284,46.6134691,0],[126.8856737,46.6134654,0],[126.8857169,46.6134599,0],[126.8857479,46.6134547,0],[126.885789,46.6134462,0],[126.885812,46.6134406,0],[126.885855,46.6134285,0],[126.8859106,46.6134092,0],[126.885945,46.613395,0],[126.8859765,46.6133804,0],[126.8860019,46.6133674,0],[126.8860356,46.6133481,0],[126.8860593,46.6133331,0],[126.8861034,46.6133012,0],[126.8861881,46.6132419,0],[126.8863492,46.6131288,0],[126.8865812,46.6129659,0],[126.88661,46.6129458,0],[126.886678,46.6129148,0],[126.8867204,46.6128974,0],[126.886779,46.6128758,0],[126.8868129,46.6128651,0],[126.8869702,46.6128292,0],[126.8871137,46.6128086,0],[126.8872489,46.6127991,0],[126.8874065,46.6127999,0],[126.8875869,46.6128116,0],[126.887708,46.6128128,0],[126.8878125,46.6127997,0],[126.8879082,46.6127748,0],[126.8879834,46.6127451,0],[126.8880661,46.612699,0],[126.8881158,46.6126618,0],[126.8881785,46.6125985,0],[126.8882027,46.6125657,0],[126.8882208,46.6125356,0],[126.8882538,46.6124713,0],[126.88876,46.6115308,0]]]}},{"type":"Feature","properties":{"network":"排水","diameter_mm":375,"material":"CP","depth_m":2.4},"geometry":{"type":"MultiLineString","coordinates":[[[126.8780663,46.5761423,0],[126.8780661,46.5761249,0],[126.8783001,46.5756034,0]]]}},{"type":"Feature","properties":{"network":"排水","diameter_mm":900,"material":"CP","depth_m":2.4},"geometry":{"type":"MultiLineString","coordinates":[[[126.8867502,46.6504143,0],[126.8868644,46.6501504,0]]]}},{"type":"Feature","properties":{"network":"排水","diameter_mm":600,"material":"UNK","depth_m":2.4},"geometry":{"type":"MultiLineString","coordinates":[[[126.8671972,46.614426,0],[126.8672252,46.6143614,0]]]}},{"type":"Feature","properties":{"network":"排水","diameter_mm":600,"material":"UNK","depth_m":2.4},"geometry":{"type":"MultiLineString","coordinates":[[[126.866966,46.6150405,0],[126.8670803,46.6147438,0]]]}},{"type":"Feature","properties":{"network":"排水","diameter_mm":2700,"material":"CP","depth_m":2.4},"geometry":{"type":"MultiLineString","coordinates":[[[126.8890602,46.6107183,0],[126.8890709,46.6107106,0],[126.8890991,46.6106414,0],[126.8892166,46.6103564,0],[126.8893712,46.6099816,0],[126.8893971,46.6099186,0],[126.8894547,46.6097788,0],[126.8894914,46.6096895,0],[126.8896998,46.6092142,0],[126.8897607,46.6090575,0]]]}},{"type":"Feature","properties":{"network":"排水","diameter_mm":2700,"material":"CP","depth_m":2.4},"geometry":{"type":"MultiLineString","coordinates":[[[126.8897607,46.6090575,0],[126.8898946,46.6087745,0],[126.8899452,46.6086727,0],[126.8899997,46.6085977,0],[126.8900522,46.6085382,0],[126.8901379,46.6084576,0],[126.8902365,46.6083816,0],[126.8902781,46.6083531,0],[126.8904133,46.6082668,0],[126.890556,46.6081768,0],[126.8906495,46.6081162,0],[126.8907051,46.6080794,0],[126.8907457,46.608041,0]]]}},{"type":"Feature","properties":{"network":"排水","diameter_mm":1050,"material":"CP","depth_m":2.4},"geometry":{"type":"MultiLineString","coordinates":[[[127.0935921,46.7542951,0],[127.0936177,46.7542716,0],[127.0936271,46.7542629,0],[127.0944984,46.753381,0],[127.094669,46.753209,0]]]}},{"type":"Feature","properties":{"network":"排水","diameter_mm":1350,"material":"CP","depth_m":2.4},"geometry":{"type":"MultiLineString","coordinates":[[[126.8729208,46.6226247,0],[126.8729889,46.6224109,0]]]}},{"type":"Feature","properties":{"network":"排水","diameter_mm":675,"material":"CP","depth_m":2.4},"geometry":{"type":"MultiLineString","coordinates":[[[126.9130797,46.7481937,0],[126.9129892,46.7482205,0]]]}},{"type":"Feature","properties":{"network":"排水","diameter_mm":900,"material":"UNK","depth_m":2.4},"geometry":{"type":"MultiLineString","coordinates":[[[127.0786172,46.6862797,0],[127.0789022,46.6856029,0],[127.0795122,46.6841541,0]]]}},{"type":"Feature","properties":{"network":"排水","diameter_mm":900,"material":"CP","depth_m":2.4},"geometry":{"type":"MultiLineString","coordinates":[[[126.8868644,46.6501504,0],[126.8869451,46.6499636,0]]]}},{"type":"Feature","properties":{"network":"排水","diameter_mm":450,"material":"CP","depth_m":2.4},"geometry":{"type":"MultiLineString","coordinates":[[[127.0875565,46.7138398,0],[127.0877119,46.7134756,0]]]}},{"type":"Feature","properties":{"network":"排水","diameter_mm":450,"material":"CP","depth_m":2.4},"geometry":{"type":"MultiLineString","coordinates":[[[127.0891475,46.7129025,0],[127.0891764,46.7129108,0]]]}},{"type":"Feature","properties":{"network":"排水","diameter_mm":900,"material":"CP","depth_m":2.4},"geometry":{"type":"MultiLineString","coordinates":[[[127.0879564,46.7155634,0],[127.0882562,46.7148012,0]]]}},{"type":"Feature","properties":{"network":"排水","diameter_mm":900,"material":"CP","depth_m":2.4},"geometry":{"type":"MultiLineString","coordinates":[[[127.0882562,46.7148012,0],[127.0886738,46.7137698,0]]]}},{"type":"Feature","properties":{"network":"排水","diameter_mm":450,"material":"CP","depth_m":2.4},"geometry":{"type":"MultiLineString","coordinates":[[[127.0866422,46.7160836,0],[127.0870108,46.7151827,0]]]}},{"type":"Feature","properties":{"network":"排水","diameter_mm":450,"material":"UNK","depth_m":2.4},"geometry":{"type":"MultiLineString","coordinates":[[[127.0951965,46.7072648,0],[127.0963654,46.706622,0]]]}},{"type":"Feature","properties":{"network":"排水","diameter_mm":900,"material":"CP","depth_m":2.4},"geometry":{"type":"MultiLineString","coordinates":[[[127.0910316,46.711016,0],[127.0918753,46.7105502,0]]]}},{"type":"Feature","properties":{"network":"排水","diameter_mm":450,"material":"CP","depth_m":2.4},"geometry":{"type":"MultiLineString","coordinates":[[[127.0870108,46.7151827,0],[127.0873671,46.7143205,0]]]}},{"type":"Feature","properties":{"network":"排水","diameter_mm":450,"material":"CP","depth_m":2.4},"geometry":{"type":"MultiLineString","coordinates":[[[127.0873671,46.7143205,0],[127.0875565,46.7138398,0]]]}},{"type":"Feature","properties":{"network":"排水","diameter_mm":900,"material":"CP","depth_m":2.4},"geometry":{"type":"MultiLineString","coordinates":[[[127.0918753,46.7105502,0],[127.09236,46.709923,0]]]}},{"type":"Feature","properties":{"network":"排水","diameter_mm":450,"material":"UNK","depth_m":2.4},"geometry":{"type":"MultiLineString","coordinates":[[[127.0920943,46.7109372,0],[127.0923499,46.710424,0]]]}},{"type":"Feature","properties":{"network":"排水","diameter_mm":900,"material":"CP","depth_m":2.4},"geometry":{"type":"MultiLineString","coordinates":[[[127.09236,46.709923,0],[127.0930656,46.7088686,0]]]}},{"type":"Feature","properties":{"network":"排水","diameter_mm":450,"material":"CP","depth_m":2.4},"geometry":{"type":"MultiLineString","coordinates":[[[127.0877119,46.7134756,0],[127.0880467,46.7126562,0]]]}},{"type":"Feature","properties":{"network":"排水","diameter_mm":450,"material":"CP","depth_m":2.4},"geometry":{"type":"MultiLineString","coordinates":[[[127.0880467,46.7126562,0],[127.0891475,46.7129025,0]]]}},{"type":"Feature","properties":{"network":"排水","diameter_mm":450,"material":"CP","depth_m":2.4},"geometry":{"type":"MultiLineString","coordinates":[[[127.0859466,46.7177924,0],[127.0863007,46.7169219,0]]]}},{"type":"Feature","properties":{"network":"排水","diameter_mm":450,"material":"CP","depth_m":2.4},"geometry":{"type":"MultiLineString","coordinates":[[[127.0897632,46.7122846,0],[127.090368,46.7115227,0]]]}},{"type":"Feature","properties":{"network":"排水","diameter_mm":900,"material":"CP","depth_m":2.4},"geometry":{"type":"MultiLineString","coordinates":[[[127.0930656,46.7088686,0],[127.0937957,46.7079221,0],[127.0938104,46.7079031,0],[127.093847,46.7078556,0]]]}},{"type":"Feature","properties":{"network":"排水","diameter_mm":450,"material":"UNK","depth_m":2.4},"geometry":{"type":"MultiLineString","coordinates":[[[127.0938244,46.7081263,0],[127.0939816,46.7079743,0],[127.0941072,46.7078529,0]]]}},{"type":"Feature","properties":{"network":"排水","diameter_mm":900,"material":"CP","depth_m":2.4},"geometry":{"type":"MultiLineString","coordinates":[[[127.0949795,46.7072273,0],[127.0962423,46.7065575,0]]]}},{"type":"Feature","properties":{"network":"排水","diameter_mm":450,"material":"CP","depth_m":2.4},"geometry":{"type":"MultiLineString","coordinates":[[[127.0863007,46.7169219,0],[127.0866422,46.7160836,0]]]}},{"type":"Feature","properties":{"network":"排水","diameter_mm":900,"material":"CP","depth_m":2.4},"geometry":{"type":"MultiLineString","coordinates":[[[127.0872786,46.7172524,0],[127.0876667,46.7163049,0],[127.0876678,46.7163023,0]]]}},{"type":"Feature","properties":{"network":"排水","diameter_mm":900,"material":"CP","depth_m":2.4},"geometry":{"type":"MultiLineString","coordinates":[[[127.0891873,46.7128921,0],[127.0900761,46.7121686,0]]]}},{"type":"Feature","properties":{"network":"排水","diameter_mm":450,"material":"CP","depth_m":2.4},"geometry":{"type":"MultiLineString","coordinates":[[[127.0855959,46.7186565,0],[127.0859466,46.7177924,0]]]}},{"type":"Feature","properties":{"network":"排水","diameter_mm":1350,"material":"CP","depth_m":2.4},"geometry":{"type":"MultiLineString","coordinates":[[[127.084856,46.7195567,0],[127.0849572,46.7194978,0],[127.0852168,46.7193468,0]]]}},{"type":"Feature","properties":{"network":"排水","diameter_mm":450,"material":"CP","depth_m":2.4},"geometry":{"type":"MultiLineString","coordinates":[[[127.0908578,46.7111612,0],[127.0914964,46.7108285,0]]]}},{"type":"Feature","properties":{"network":"排水","diameter_mm":450,"material":"CP","depth_m":2.4},"geometry":{"type":"MultiLineString","coordinates":[[[127.090368,46.7115227,0],[127.0908578,46.7111612,0]]]}},{"type":"Feature","properties":{"network":"排水","diameter_mm":900,"material":"CP","depth_m":2.4},"geometry":{"type":"MultiLineString","coordinates":[[[127.085336,46.7191611,0],[127.0865338,46.7185365,0]]]}},{"type":"Feature","properties":{"network":"排水","diameter_mm":900,"material":"CP","depth_m":2.4},"geometry":{"type":"MultiLineString","coordinates":[[[127.0865338,46.7185365,0],[127.0868999,46.7181932,0]]]}},{"type":"Feature","properties":{"network":"排水","diameter_mm":900,"material":"UNK","depth_m":2.4},"geometry":{"type":"MultiLineString","coordinates":[[[127.0852168,46.7193468,0],[127.085336,46.7191611,0]]]}},{"type":"Feature","properties":{"network":"排水","diameter_mm":1500,"material":"CP","depth_m":2.4},"geometry":{"type":"MultiLineString","coordinates":[[[127.0896643,46.6675301,0],[127.0894541,46.6680398,0],[127.089456,46.6680755,0],[127.0894651,46.668105,0],[127.0894861,46.6681303,0],[127.0895232,46.6681623,0],[127.0903839,46.6685297,0]]]}},{"type":"Feature","properties":{"network":"排水","diameter_mm":1500,"material":"CP","depth_m":2.4},"geometry":{"type":"MultiLineString","coordinates":[[[127.090621,46.6652824,0],[127.0900552,46.6666341,0],[127.0900281,46.6666963,0],[127.0899911,46.6667812,0],[127.0896643,46.6675301,0]]]}},{"type":"Feature","properties":{"network":"排水","diameter_mm":1050,"material":"CP","depth_m":2.4},"geometry":{"type":"MultiLineString","coordinates":[[[127.0855224,46.6711124,0],[127.0847904,46.6712218,0],[127.08462,46.6712486,0],[127.0840717,46.6713347,0]]]}},{"type":"Feature","properties":{"network":"排水","diameter_mm":1200,"material":"UNK","depth_m":2.4},"geometry":{"type":"MultiLineString","coordinates":[[[127.0833333,46.6748821,0],[127.0838329,46.6737291,0]]]}},{"type":"Feature","properties":{"network":"排水","diameter_mm":1050,"material":"CP","depth_m":2.4},"geometry":{"type":"MultiLineString","coordinates":[[[127.0944548,46.6731815,0],[127.0938647,46.6724674,0]]]}},{"type":"Feature","properties":{"network":"排水","diameter_mm":1200,"material":"UNK","depth_m":2.4},"geometry":{"type":"MultiLineString","coordinates":[[[127.0859281,46.6739782,0],[127.0861425,46.6734732,0],[127.0863512,46.6729916,0]]]}},{"type":"Feature","properties":{"network":"排水","diameter_mm":1350,"material":"BR","depth_m":2.4},"geometry":{"type":"MultiLineString","coordinates":[[[127.0911522,46.6640341,0],[127.090621,46.6652824,0]]]}},{"type":"Feature","properties":{"network":"排水","diameter_mm":300,"material":"UNK","depth_m":2.4},"geometry":{"type":"MultiLineString","coordinates":[[[127.0944187,46.674252,0],[127.0941602,46.6739926,0]]]}},{"type":"Feature","properties":{"network":"排水","diameter_mm":1200,"material":"CP","depth_m":2.4},"geometry":{"type":"MultiLineString","coordinates":[[[126.9099032,46.748148,0],[126.9131604,46.7471027,0]]]}},{"type":"Feature","properties":{"network":"排水","diameter_mm":1050,"material":"CP","depth_m":2.4},"geometry":{"type":"MultiLineString","coordinates":[[[127.0795456,46.6840722,0],[127.0797161,46.683671,0],[127.0799577,46.6830989,0],[127.0802781,46.6823401,0],[127.0802944,46.6823016,0],[127.0801904,46.6822123,0],[127.0802768,46.6820185,0]]]}},{"type":"Feature","properties":{"network":"排水","diameter_mm":675,"material":"CP","depth_m":2.4},"geometry":{"type":"MultiLineString","coordinates":[[[126.9099369,46.7482006,0],[126.9099032,46.748148,0]]]}},{"type":"Feature","properties":{"network":"排水","diameter_mm":900,"material":"CP","depth_m":2.4},"geometry":{"type":"MultiLineString","coordinates":[[[127.0813022,46.6796413,0],[127.0813236,46.6795897,0],[127.081673,46.6787485,0],[127.0817171,46.6786422,0]]]}},{"type":"Feature","properties":{"network":"排水","diameter_mm":900,"material":"CP","depth_m":2.4},"geometry":{"type":"MultiLineString","coordinates":[[[127.0817171,46.6786422,0],[127.0821274,46.6777017,0]]]}},{"type":"Feature","properties":{"network":"排水","diameter_mm":1650,"material":"CP","depth_m":2.4},"geometry":{"type":"MultiLineString","coordinates":[[[127.0953998,46.6861082,0],[127.0949417,46.6859134,0],[127.0948936,46.6858923,0],[127.0948578,46.6858665,0],[127.0948307,46.6858314,0],[127.0948184,46.6857874,0],[127.0948423,46.6857187,0],[127.0949597,46.6854439,0],[127.0950501,46.6852325,0],[127.0953894,46.6844621,0],[127.0954037,46.6844232,0],[127.0954115,46.6843844,0],[127.0954094,46.6843517,0],[127.0954014,46.684327,0],[127.095384,46.6842912,0],[127.0953671,46.6842649,0],[127.0953522,46.6842461,0],[127.0953385,46.6842333,0],[127.095332,46.6842272,0],[127.0953245,46.6842156,0]]]}},{"type":"Feature","properties":{"network":"排水","diameter_mm":250,"material":"CP","depth_m":2.4},"geometry":{"type":"MultiLineString","coordinates":[[[127.0955102,46.6862867,0],[127.0953998,46.6861082,0]]]}},{"type":"Feature","properties":{"network":"排水","diameter_mm":900,"material":"CP","depth_m":2.4},"geometry":{"type":"MultiLineString","coordinates":[[[127.0964658,46.6861089,0],[127.0953998,46.6861082,0]]]}},{"type":"Feature","properties":{"network":"排水","diameter_mm":900,"material":"UNK","depth_m":2.4},"geometry":{"type":"MultiLineString","coordinates":[[[127.0955208,46.6800774,0],[127.0949386,46.67951,0]]]}},{"type":"Feature","properties":{"network":"排水","diameter_mm":900,"material":"CP","depth_m":2.4},"geometry":{"type":"MultiLineString","coordinates":[[[127.0802768,46.6820185,0],[127.0807674,46.6809158,0],[127.0808955,46.680628,0],[127.08094,46.6805278,0]]]}},{"type":"Feature","properties":{"network":"排水","diameter_mm":1350,"material":"CP","depth_m":2.4},"geometry":{"type":"MultiLineString","coordinates":[[[127.0944074,46.6859322,0],[127.0948423,46.6857187,0]]]}},{"type":"Feature","properties":{"network":"排水","diameter_mm":900,"material":"CP","depth_m":2.4},"geometry":{"type":"MultiLineString","coordinates":[[[127.095133,46.6826217,0],[127.0951361,46.6826092,0],[127.0954604,46.6813079,0]]]}},{"type":"Feature","properties":{"network":"排水","diameter_mm":1200,"material":"BR","depth_m":2.4},"geometry":{"type":"MultiLineString","coordinates":[[[126.9704413,46.6712509,0],[126.9703129,46.6716009,0],[126.9703025,46.6716389,0],[126.9703061,46.6716634,0],[126.9703113,46.6716823,0],[126.970323,46.671706,0],[126.9703422,46.6717292,0],[126.970355,46.6717397,0],[126.9704074,46.6717726,0],[126.9704644,46.6718075,0],[126.9705196,46.6718399,0],[126.9705452,46.6718517,0],[126.9705626,46.6718568,0],[126.9705847,46.6718623,0],[126.9706045,46.6718648,0],[126.97067,46.6718691,0]]]}},{"type":"Feature","properties":{"network":"排水","diameter_mm":525,"material":"VCP","depth_m":2.4},"geometry":{"type":"MultiLineString","coordinates":[[[126.9617631,46.6910023,0],[126.9625656,46.6903333,0]]]}},{"type":"Feature","properties":{"network":"排水","diameter_mm":525,"material":"VCP","depth_m":2.4},"geometry":{"type":"MultiLineString","coordinates":[[[126.9611415,46.6915581,0],[126.9616309,46.6913045,0]]]}},{"type":"Feature","properties":{"network":"排水","diameter_mm":525,"material":"VCP","depth_m":2.4},"geometry":{"type":"MultiLineString","coordinates":[[[126.9616309,46.6913045,0],[126.9617631,46.6910023,0]]]}},{"type":"Feature","properties":{"network":"排水","diameter_mm":825,"material":"CP","depth_m":2.4},"geometry":{"type":"MultiLineString","coordinates":[[[126.8559391,46.6635042,0],[126.8571994,46.6635644,0]]]}},{"type":"Feature","properties":{"network":"排水","diameter_mm":825,"material":"CP","depth_m":2.4},"geometry":{"type":"MultiLineString","coordinates":[[[126.8571994,46.6635644,0],[126.8578543,46.6634112,0]]]}},{"type":"Feature","properties":{"network":"排水","diameter_mm":525,"material":"VCP","depth_m":2.4},"geometry":{"type":"MultiLineString","coordinates":[[[126.9625656,46.6903333,0],[126.9628713,46.6901989,0]]]}},{"type":"Feature","properties":{"network":"排水","diameter_mm":750,"material":"CP","depth_m":2.4},"geometry":{"type":"MultiLineString","coordinates":[[[126.8594819,46.6631277,0],[126.8597394,46.6630482,0]]]}},{"type":"Feature","properties":{"network":"排水","diameter_mm":750,"material":"CP","depth_m":2.4},"geometry":{"type":"MultiLineString","coordinates":[[[126.8597394,46.6630482,0],[126.8600033,46.6629669,0]]]}},{"type":"Feature","properties":{"network":"排水","diameter_mm":525,"material":"CP","depth_m":2.4},"geometry":{"type":"MultiLineString","coordinates":[[[126.9697131,46.6711396,0],[126.9704413,46.6712509,0]]]}},{"type":"Feature","properties":{"network":"排水","diameter_mm":600,"material":"VCP","depth_m":2.4},"geometry":{"type":"MultiLineString","coordinates":[[[126.9628713,46.6901989,0],[126.962939,46.690124,0]]]}},{"type":"Feature","properties":{"network":"排水","diameter_mm":1200,"material":"BR","depth_m":2.4},"geometry":{"type":"MultiLineString","coordinates":[[[126.9703102,46.6719898,0],[126.97067,46.6718691,0],[126.9715271,46.6716009,0]]]}},{"type":"Feature","properties":{"network":"排水","diameter_mm":2100,"material":"CP","depth_m":2.4},"geometry":{"type":"MultiLineString","coordinates":[[[126.977453,46.6935539,0],[126.9778672,46.6934647,0],[126.978167,46.6932617,0]]]}},{"type":"Feature","properties":{"network":"排水","diameter_mm":750,"material":"CP","depth_m":2.4},"geometry":{"type":"MultiLineString","coordinates":[[[126.8550847,46.6509415,0],[126.8567398,46.6512865,0]]]}},{"type":"Feature","properties":{"network":"排水","diameter_mm":300,"material":"VCP","depth_m":2.4},"geometry":{"type":"MultiLineString","coordinates":[[[126.8628534,46.6675542,0],[126.8629327,46.6675608,0]]]}},{"type":"Feature","properties":{"network":"排水","diameter_mm":675,"material":"CP","depth_m":2.4},"geometry":{"type":"MultiLineString","coordinates":[[[126.8633465,46.6510242,0],[126.8642804,46.6504843,0]]]}},{"type":"Feature","properties":{"network":"排水","diameter_mm":675,"material":"CP","depth_m":2.4},"geometry":{"type":"MultiLineString","coordinates":[[[126.8638057,46.6499867,0],[126.8645171,46.6494323,0]]]}},{"type":"Feature","properties":{"network":"排水","diameter_mm":900,"material":"CP","depth_m":2.4},"geometry":{"type":"MultiLineString","coordinates":[[[126.8645171,46.6494323,0],[126.865138,46.6488766,0]]]}},{"type":"Feature","properties":{"network":"排水","diameter_mm":675,"material":"CP","depth_m":2.4},"geometry":{"type":"MultiLineString","coordinates":[[[126.8620296,46.6513846,0],[126.8633465,46.6510242,0]]]}},{"type":"Feature","properties":{"network":"排水","diameter_mm":1800,"material":"CP","depth_m":2.4},"geometry":{"type":"MultiLineString","coordinates":[[[126.8862502,46.6022521,0],[126.8862725,46.6022804,0],[126.8863142,46.6023093,0],[126.8863674,46.6023304,0],[126.8886903,46.6028439,0]]]}},{"type":"Feature","properties":{"network":"排水","diameter_mm":300,"material":"UNK","depth_m":2.4},"geometry":{"type":"MultiLineString","coordinates":[[[126.8830408,46.5768778,0],[126.8830722,46.5768898,0]]]}},{"type":"Feature","properties":{"network":"排水","diameter_mm":1800,"material":"CP","depth_m":2.4},"geometry":{"type":"MultiLineString","coordinates":[[[126.9055492,46.6538066,0],[126.9055513,46.6537939,0],[126.9055325,46.653777,0],[126.9055132,46.6537572,0],[126.9054984,46.6537418,0],[126.9054906,46.6537314,0],[126.9054783,46.6537106,0],[126.9054677,46.6536928,0],[126.9054478,46.6536681,0]]]}},{"type":"Feature","properties":{"network":"排水","diameter_mm":1800,"material":"CP","depth_m":2.4},"geometry":{"type":"MultiLineString","coordinates":[[[126.9082192,46.6551812,0],[126.9074807,46.6547754,0],[126.9067424,46.6543689,0],[126.9067302,46.6543623,0],[126.9067194,46.6543563,0],[126.9066181,46.6543005,0],[126.9065885,46.6542825,0]]]}},{"type":"Feature","properties":{"network":"排水","diameter_mm":900,"material":"CP","depth_m":2.4},"geometry":{"type":"MultiLineString","coordinates":[[[126.8643431,46.5725502,0],[126.8632805,46.5723124,0]]]}},{"type":"Feature","properties":{"network":"排水","diameter_mm":300,"material":"UNK","depth_m":2.4},"geometry":{"type":"MultiLineString","coordinates":[[[126.8804138,46.5758148,0],[126.8819691,46.5764006,0]]]}},{"type":"Feature","properties":{"network":"排水","diameter_mm":825,"material":"CP","depth_m":2.4},"geometry":{"type":"MultiLineString","coordinates":[[[126.876526,46.720089,0],[126.8773526,46.7197532,0]]]}},{"type":"Feature","properties":{"network":"排水","diameter_mm":1950,"material":"UNK","depth_m":2.4},"geometry":{"type":"MultiLineString","coordinates":[[[126.8975846,46.6511403,0],[126.8975731,46.6511289,0],[126.8975557,46.6511013,0],[126.8975088,46.6510148,0],[126.897069,46.6500586,0],[126.8963235,46.6484375,0]]]}},{"type":"Feature","properties":{"network":"排水","diameter_mm":600,"material":"UNK","depth_m":2.4},"geometry":{"type":"MultiLineString","coordinates":[[[126.8680396,46.6119556,0],[126.8686989,46.6118367,0]]]}},{"type":"Feature","properties":{"network":"排水","diameter_mm":600,"material":"UNK","depth_m":2.4},"geometry":{"type":"MultiLineString","coordinates":[[[126.8686989,46.6118367,0],[126.8696189,46.6116169,0]]]}},{"type":"Feature","properties":{"network":"排水","diameter_mm":1050,"material":"CP","depth_m":2.4},"geometry":{"type":"MultiLineString","coordinates":[[[126.9287409,46.7404943,0],[126.9293714,46.7397016,0],[126.9294309,46.7396268,0],[126.9295042,46.7395346,0]]]}},{"type":"Feature","properties":{"network":"排水","diameter_mm":750,"material":"CP","depth_m":2.4},"geometry":{"type":"MultiLineString","coordinates":[[[126.8662375,46.726508,0],[126.866204,46.7264827,0],[126.8661981,46.7264781,0],[126.8661928,46.7264735,0],[126.8661857,46.7264667,0],[126.8661786,46.7264588,0],[126.8661726,46.7264511,0],[126.8661671,46.7264428,0],[126.8661645,46.7264382,0],[126.8661622,46.7264339,0],[126.8661602,46.7264295,0],[126.8661582,46.7264246,0],[126.8661562,46.7264193,0],[126.8661547,46.7264143,0],[126.8661531,46.7264071,0],[126.8661516,46.726397,0],[126.8661512,46.7263873,0],[126.8661517,46.726377,0],[126.8661528,46.7263698,0],[126.866155,46.7263601,0],[126.866295,46.7258655,0]]]}},{"type":"Feature","properties":{"network":"排水","diameter_mm":2550,"material":"CP","depth_m":2.4},"geometry":{"type":"MultiLineString","coordinates":[[[127.0464924,46.6711939,0],[127.0465219,46.6711404,0],[127.0474962,46.6693744,0],[127.0510611,46.6606298,0]]]}},{"type":"Feature","properties":{"network":"排水","diameter_mm":1050,"material":"CP","depth_m":2.4},"geometry":{"type":"MultiLineString","coordinates":[[[127.0198799,46.6713952,0],[127.0198923,46.6713854,0],[127.0201502,46.671192,0],[127.0206331,46.6711555,0],[127.0206908,46.6711649,0],[127.0214737,46.6711259,0],[127.0215096,46.6711376,0]]]}},{"type":"Feature","properties":{"network":"排水","diameter_mm":1500,"material":"CP","depth_m":2.4},"geometry":{"type":"MultiLineString","coordinates":[[[127.0288911,46.6715834,0],[127.0306051,46.6713565,0]]]}},{"type":"Feature","properties":{"network":"排水","diameter_mm":1350,"material":"CP","depth_m":2.4},"geometry":{"type":"MultiLineString","coordinates":[[[126.8837435,46.6767481,0],[126.8840119,46.6765982,0],[126.8851673,46.6759534,0]]]}},{"type":"Feature","properties":{"network":"排水","diameter_mm":1200,"material":"BR","depth_m":2.4},"geometry":{"type":"MultiLineString","coordinates":[[[126.9663253,46.6776205,0],[126.9675231,46.6778806,0]]]}},{"type":"Feature","properties":{"network":"排水","diameter_mm":1350,"material":"CP","depth_m":2.4},"geometry":{"type":"MultiLineString","coordinates":[[[126.8869428,46.6755061,0],[126.8869529,46.6755036,0],[126.8869625,46.6755008,0],[126.8869714,46.6754977,0],[126.8869784,46.6754949,0],[126.8869878,46.6754907,0],[126.8869956,46.6754867,0],[126.8870019,46.6754832,0],[126.8870091,46.6754786,0],[126.8870138,46.6754754,0],[126.8870162,46.6754737,0],[126.8870215,46.6754695,0],[126.8870264,46.6754653,0],[126.8870316,46.6754605,0],[126.8870372,46.6754547,0],[126.8870416,46.6754495,0],[126.8870458,46.675444,0],[126.8879717,46.6741911,0],[126.8879787,46.6741806,0],[126.8879847,46.6741694,0],[126.8879903,46.6741546,0],[126.8879926,46.6741457,0],[126.8879945,46.6741304,0],[126.8879943,46.6741172,0],[126.8879918,46.6741018,0],[126.8879892,46.6740928,0],[126.8879814,46.6740708,0],[126.8879796,46.6740657,0],[126.8879766,46.6740573,0],[126.8879718,46.6740436,0]]]}},{"type":"Feature","properties":{"network":"排水","diameter_mm":750,"material":"CP","depth_m":2.4},"geometry":{"type":"MultiLineString","coordinates":[[[126.8819691,46.5764006,0],[126.8830408,46.5768778,0]]]}},{"type":"Feature","properties":{"network":"排水","diameter_mm":1050,"material":"CP","depth_m":2.4},"geometry":{"type":"MultiLineString","coordinates":[[[127.0514545,46.6749291,0],[127.049256,46.6750849,0]]]}},{"type":"Feature","properties":{"network":"排水","diameter_mm":900,"material":"CP","depth_m":2.4},"geometry":{"type":"MultiLineString","coordinates":[[[126.8859588,46.5819019,0],[126.8859997,46.5824069,0]]]}},{"type":"Feature","properties":{"network":"排水","diameter_mm":2100,"material":"CP","depth_m":2.4},"geometry":{"type":"MultiLineString","coordinates":[[[126.9816049,46.6928502,0],[126.9816626,46.692862,0],[126.9818558,46.6929015,0],[126.9825495,46.6930432,0],[126.9825746,46.6930461,0],[126.9825927,46.6930465,0],[126.9826248,46.6930467,0],[126.9826548,46.6930446,0],[126.9826991,46.6930368,0],[126.9827377,46.6930277,0],[126.9827905,46.693007,0],[126.9828344,46.6929828,0],[126.9828687,46.6929583,0],[126.9829247,46.6929089,0]]]}},{"type":"Feature","properties":{"network":"排水","diameter_mm":1350,"material":"CP","depth_m":2.4},"geometry":{"type":"MultiLineString","coordinates":[[[127.0664923,46.6910304,0],[127.065534,46.6908133,0]]]}},{"type":"Feature","properties":{"network":"排水","diameter_mm":1200,"material":"BR","depth_m":2.4},"geometry":{"type":"MultiLineString","coordinates":[[[126.9715271,46.6716009,0],[126.9728273,46.6711766,0],[126.97289,46.6711639,0],[126.9730548,46.6711506,0]]]}},{"type":"Feature","properties":{"network":"排水","diameter_mm":1350,"material":"BR","depth_m":2.4},"geometry":{"type":"MultiLineString","coordinates":[[[126.9730548,46.6711506,0],[126.9730896,46.6711484,0],[126.9731431,46.6711529,0],[126.9731904,46.6711574,0],[126.9734918,46.6711853,0],[126.9736994,46.6712032,0],[126.9738137,46.6712136,0],[126.9739194,46.6712236,0],[126.9745244,46.6712774,0],[126.9746624,46.6712897,0],[126.9747701,46.6712991,0],[126.9751479,46.6713331,0],[126.9753022,46.6713468,0],[126.9755415,46.6713699,0],[126.9755537,46.6713724,0]]]}},{"type":"Feature","properties":{"network":"排水","diameter_mm":1800,"material":"BR","depth_m":2.4},"geometry":{"type":"MultiLineString","coordinates":[[[126.9800252,46.6706978,0],[126.9826682,46.6712459,0]]]}},{"type":"Feature","properties":{"network":"排水","diameter_mm":1800,"material":"BR","depth_m":2.4},"geometry":{"type":"MultiLineString","coordinates":[[[126.9826682,46.6712459,0],[126.9855888,46.6718963,0]]]}},{"type":"Feature","properties":{"network":"排水","diameter_mm":900,"material":"CP","depth_m":2.4},"geometry":{"type":"MultiLineString","coordinates":[[[126.8840652,46.5774604,0],[126.8849337,46.5783207,0]]]}},{"type":"Feature","properties":{"network":"排水","diameter_mm":1500,"material":"CP","depth_m":2.4},"geometry":{"type":"MultiLineString","coordinates":[[[127.0367495,46.6727316,0],[127.0391114,46.673056,0]]]}},{"type":"Feature","properties":{"network":"排水","diameter_mm":1200,"material":"CP","depth_m":2.4},"geometry":{"type":"MultiLineString","coordinates":[[[127.0748914,46.6911689,0],[127.073304,46.6912016,0]]]}},{"type":"Feature","properties":{"network":"排水","diameter_mm":1350,"material":"CP","depth_m":2.4},"geometry":{"type":"MultiLineString","coordinates":[[[127.0712417,46.6909187,0],[127.0706796,46.6907996,0]]]}},{"type":"Feature","properties":{"network":"排水","diameter_mm":1350,"material":"CP","depth_m":2.4},"geometry":{"type":"MultiLineString","coordinates":[[[127.0706796,46.6907996,0],[127.0691064,46.6905679,0]]]}},{"type":"Feature","properties":{"network":"排水","diameter_mm":900,"material":"CP","depth_m":2.4},"geometry":{"type":"MultiLineString","coordinates":[[[126.8849337,46.5783207,0],[126.8854613,46.5792863,0]]]}},{"type":"Feature","properties":{"network":"排水","diameter_mm":1500,"material":"CP","depth_m":2.4},"geometry":{"type":"MultiLineString","coordinates":[[[127.0391114,46.673056,0],[127.0414171,46.673334,0]]]}},{"type":"Feature","properties":{"network":"排水","diameter_mm":1500,"material":"CP","depth_m":2.4},"geometry":{"type":"MultiLineString","coordinates":[[[127.0413112,46.6776603,0],[127.0425072,46.6771284,0]]]}},{"type":"Feature","properties":{"network":"排水","diameter_mm":1500,"material":"CP","depth_m":2.4},"geometry":{"type":"MultiLineString","coordinates":[[[127.0506635,46.6823465,0],[127.0493432,46.6817825,0]]]}},{"type":"Feature","properties":{"network":"排水","diameter_mm":750,"material":"CP","depth_m":2.4},"geometry":{"type":"MultiLineString","coordinates":[[[126.8691405,46.7299368,0],[126.8691217,46.7299262,0],[126.8691092,46.7299159,0],[126.8691,46.7299072,0],[126.8690915,46.7298978,0],[126.8690812,46.729883,0],[126.8690738,46.7298688,0],[126.8690697,46.7298576,0],[126.8689528,46.7292743,0]]]}},{"type":"Feature","properties":{"network":"排水","diameter_mm":300,"material":"UNK","depth_m":2.4},"geometry":{"type":"MultiLineString","coordinates":[[[126.8862686,46.5843941,0],[126.8863141,46.5847563,0]]]}},{"type":"Feature","properties":{"network":"排水","diameter_mm":1500,"material":"CP","depth_m":2.4},"geometry":{"type":"MultiLineString","coordinates":[[[127.0296164,46.6890089,0],[127.0311429,46.688746,0]]]}},{"type":"Feature","properties":{"network":"排水","diameter_mm":750,"material":"CP","depth_m":2.4},"geometry":{"type":"MultiLineString","coordinates":[[[126.8726116,46.5960856,0],[126.8739095,46.596372,0]]]}},{"type":"Feature","properties":{"network":"排水","diameter_mm":750,"material":"CP","depth_m":2.4},"geometry":{"type":"MultiLineString","coordinates":[[[126.8657467,46.5946577,0],[126.8661049,46.5947299,0]]]}},{"type":"Feature","properties":{"network":"排水","diameter_mm":750,"material":"CP","depth_m":2.4},"geometry":{"type":"MultiLineString","coordinates":[[[126.8702726,46.5955619,0],[126.8726116,46.5960856,0]]]}},{"type":"Feature","properties":{"network":"排水","diameter_mm":750,"material":"CP","depth_m":2.4},"geometry":{"type":"MultiLineString","coordinates":[[[126.8753003,46.5966132,0],[126.8766921,46.59692,0]]]}},{"type":"Feature","properties":{"network":"排水","diameter_mm":1200,"material":"CP","depth_m":2.4},"geometry":{"type":"MultiLineString","coordinates":[[[126.9116723,46.7417536,0],[126.9117278,46.741893,0],[126.91182,46.7420806,0],[126.9119404,46.7422551,0],[126.9120771,46.742428,0],[126.9121763,46.7425401,0],[126.9122887,46.7426457,0],[126.9124435,46.7427768,0],[126.9127269,46.7429651,0],[126.9129738,46.7431029,0],[126.9131913,46.7431974,0],[126.9133633,46.7432662,0],[126.9135637,46.7433285,0],[126.9138844,46.7434112,0],[126.9141495,46.743469,0],[126.9143446,46.7435117,0]]]}},{"type":"Feature","properties":{"network":"排水","diameter_mm":1350,"material":"UNK","depth_m":2.4},"geometry":{"type":"MultiLineString","coordinates":[[[127.0163998,46.6935244,0],[127.0179745,46.6936953,0]]]}},{"type":"Feature","properties":{"network":"排水","diameter_mm":1350,"material":"UNK","depth_m":2.4},"geometry":{"type":"MultiLineString","coordinates":[[[127.0211654,46.6940438,0],[127.0226605,46.6940719,0]]]}},{"type":"Feature","properties":{"network":"排水","diameter_mm":750,"material":"CP","depth_m":2.4},"geometry":{"type":"MultiLineString","coordinates":[[[126.8591913,46.5717047,0],[126.859177,46.5714154,0]]]}},{"type":"Feature","properties":{"network":"排水","diameter_mm":900,"material":"CP","depth_m":2.4},"geometry":{"type":"MultiLineString","coordinates":[[[126.8611961,46.5718566,0],[126.8602333,46.5716461,0]]]}},{"type":"Feature","properties":{"network":"排水","diameter_mm":900,"material":"CP","depth_m":2.4},"geometry":{"type":"MultiLineString","coordinates":[[[126.8632805,46.5723124,0],[126.8623016,46.5720991,0]]]}},{"type":"Feature","properties":{"network":"排水","diameter_mm":750,"material":"CP","depth_m":2.4},"geometry":{"type":"MultiLineString","coordinates":[[[126.8690347,46.7236036,0],[126.8703504,46.7232194,0],[126.8703585,46.7232168,0],[126.8703668,46.7232139,0],[126.8703756,46.7232104,0],[126.8703833,46.7232069,0],[126.8703916,46.7232028,0],[126.8703988,46.7231988,0],[126.8704241,46.7231841,0]]]}},{"type":"Feature","properties":{"network":"排水","diameter_mm":750,"material":"CP","depth_m":2.4},"geometry":{"type":"MultiLineString","coordinates":[[[126.8685835,46.7282663,0],[126.8677964,46.7276765,0]]]}},{"type":"Feature","properties":{"network":"排水","diameter_mm":825,"material":"CP","depth_m":2.4},"geometry":{"type":"MultiLineString","coordinates":[[[126.8724842,46.7219726,0],[126.8739346,46.7212623,0]]]}},{"type":"Feature","properties":{"network":"排水","diameter_mm":900,"material":"CP","depth_m":2.4},"geometry":{"type":"MultiLineString","coordinates":[[[126.8690724,46.7074396,0],[126.8679269,46.7069489,0]]]}},{"type":"Feature","properties":{"network":"排水","diameter_mm":1650,"material":"CP","depth_m":2.4},"geometry":{"type":"MultiLineString","coordinates":[[[127.0470457,46.634056,0],[127.0467911,46.6347418,0],[127.046786,46.6347605,0],[127.0467839,46.6347738,0],[127.0467846,46.6347904,0],[127.0467883,46.6348032,0],[127.04679,46.6348114,0],[127.0467913,46.6348176,0],[127.046798,46.6348309,0],[127.0468046,46.6348421,0],[127.0468082,46.634846,0],[127.0468223,46.6348613,0],[127.0468334,46.6348725,0],[127.0468474,46.6348824,0],[127.0468569,46.6348888,0],[127.0468643,46.6348926,0],[127.0468805,46.6349,0],[127.0468908,46.6349048,0],[127.0469048,46.634909,0],[127.0469319,46.6349158,0]]]}},{"type":"Feature","properties":{"network":"排水","diameter_mm":675,"material":"CP","depth_m":2.4},"geometry":{"type":"MultiLineString","coordinates":[[[126.909235,46.7375307,0],[126.9092684,46.7375392,0],[126.9092782,46.7375421,0],[126.9092879,46.7375453,0],[126.9092978,46.7375492,0],[126.90931,46.7375547,0],[126.9093175,46.7375585,0],[126.9093246,46.7375626,0],[126.9093311,46.7375666,0],[126.90934,46.7375727,0],[126.9093487,46.7375795,0],[126.9093567,46.7375867,0],[126.9093627,46.7375928,0],[126.9093676,46.7375983,0],[126.9093703,46.7376016,0],[126.9093742,46.7376068,0],[126.9093775,46.7376116,0],[126.9093803,46.7376161,0],[126.9097146,46.7381778,0]]]}},{"type":"Feature","properties":{"network":"排水","diameter_mm":1050,"material":"CP","depth_m":2.4},"geometry":{"type":"MultiLineString","coordinates":[[[126.926263,46.7419542,0],[126.9279516,46.7414049,0]]]}},{"type":"Feature","properties":{"network":"排水","diameter_mm":900,"material":"CP","depth_m":2.4},"geometry":{"type":"MultiLineString","coordinates":[[[126.8843666,46.5952566,0],[126.8840866,46.5959135,0]]]}},{"type":"Feature","properties":{"network":"排水","diameter_mm":750,"material":"CP","depth_m":2.4},"geometry":{"type":"MultiLineString","coordinates":[[[126.8805454,46.5977769,0],[126.882886,46.5983375,0]]]}},{"type":"Feature","properties":{"network":"排水","diameter_mm":675,"material":"CP","depth_m":2.4},"geometry":{"type":"MultiLineString","coordinates":[[[126.8843746,46.5986358,0],[126.8845655,46.5986883,0]]]}},{"type":"Feature","properties":{"network":"排水","diameter_mm":1050,"material":"CP","depth_m":2.4},"geometry":{"type":"MultiLineString","coordinates":[[[126.8863366,46.5982743,0],[126.8863301,46.5991353,0]]]}},{"type":"Feature","properties":{"network":"排水","diameter_mm":600,"material":"UNK","depth_m":2.4},"geometry":{"type":"MultiLineString","coordinates":[[[126.8591713,46.6190609,0],[126.8596901,46.6185658,0]]]}},{"type":"Feature","properties":{"network":"排水","diameter_mm":2700,"material":"CP","depth_m":2.4},"geometry":{"type":"MultiLineString","coordinates":[[[126.9855888,46.6718963,0],[126.9876,46.6722713,0]]]}},{"type":"Feature","properties":{"network":"排水","diameter_mm":900,"material":"CP","depth_m":2.4},"geometry":{"type":"MultiLineString","coordinates":[[[126.9474837,46.6875678,0],[126.9474889,46.6875252,0],[126.9475083,46.687459,0],[126.9475101,46.6874529,0],[126.9475108,46.6874457,0],[126.9475102,46.6874395,0],[126.9475084,46.6874327,0],[126.9475057,46.6874269,0],[126.9475044,46.6874251,0],[126.9475017,46.6874211,0],[126.9474978,46.6874167,0],[126.9474937,46.6874129,0],[126.9474874,46.6874098,0]]]}},{"type":"Feature","properties":{"network":"排水","diameter_mm":2100,"material":"CP","depth_m":2.4},"geometry":{"type":"MultiLineString","coordinates":[[[126.978167,46.6932617,0],[126.9788769,46.6928814,0],[126.9789378,46.6928597,0],[126.9797788,46.6926231,0],[126.9797808,46.6926225,0],[126.9797903,46.6926199,0],[126.9798028,46.6926165,0],[126.9798207,46.6926119,0],[126.9798319,46.6926091,0],[126.9798435,46.6926066,0],[126.979887,46.6925977,0],[126.979931,46.6925884,0],[126.9800426,46.6925658,0],[126.9801892,46.6925352,0],[126.98033,46.6925063,0],[126.9804275,46.6924865,0],[126.9804376,46.692485,0],[126.9804535,46.6924833,0],[126.9804627,46.6924827,0],[126.9804772,46.6924817,0],[126.9804942,46.6924813,0],[126.9805138,46.6924814,0],[126.98053,46.692482,0],[126.9805459,46.6924831,0],[126.9805655,46.6924852,0],[126.9805839,46.6924878,0],[126.9805986,46.6924903,0],[126.9806131,46.6924934,0],[126.9806251,46.6924962,0],[126.9806337,46.6924983,0],[126.980675,46.6925111,0],[126.9807144,46.6925304,0],[126.9807441,46.6925454,0],[126.9807696,46.6925597,0],[126.9808266,46.6925948,0]]]}},{"type":"Feature","properties":{"network":"排水","diameter_mm":1200,"material":"CP","depth_m":2.4},"geometry":{"type":"MultiLineString","coordinates":[[[126.9229709,46.7175659,0],[126.9231606,46.7176047,0],[126.9231817,46.7176089,0],[126.9231995,46.7176126,0]]]}},{"type":"Feature","properties":{"network":"排水","diameter_mm":750,"material":"CP","depth_m":2.4},"geometry":{"type":"MultiLineString","coordinates":[[[126.8739095,46.596372,0],[126.8746156,46.5965274,0]]]}},{"type":"Feature","properties":{"network":"排水","diameter_mm":600,"material":"UNK","depth_m":2.4},"geometry":{"type":"MultiLineString","coordinates":[[[126.8611779,46.6171256,0],[126.8618053,46.6165056,0]]]}},{"type":"Feature","properties":{"network":"排水","diameter_mm":2700,"material":"CP","depth_m":2.4},"geometry":{"type":"MultiLineString","coordinates":[[[126.9876,46.6722713,0],[126.9895526,46.6726783,0]]]}},{"type":"Feature","properties":{"network":"排水","diameter_mm":2100,"material":"CP","depth_m":2.4},"geometry":{"type":"MultiLineString","coordinates":[[[126.9808266,46.6925948,0],[126.9813146,46.6927908,0],[126.9814684,46.6928223,0],[126.9815309,46.692835,0],[126.9816049,46.6928502,0]]]}},{"type":"Feature","properties":{"network":"排水","diameter_mm":1050,"material":"CP","depth_m":2.4},"geometry":{"type":"MultiLineString","coordinates":[[[126.9369156,46.7359531,0],[126.9377847,46.7350567,0]]]}},{"type":"Feature","properties":{"network":"排水","diameter_mm":1050,"material":"CP","depth_m":2.4},"geometry":{"type":"MultiLineString","coordinates":[[[126.9364879,46.7359742,0],[126.9367413,46.7360117,0],[126.9367527,46.7360125,0],[126.9367653,46.7360127,0],[126.9367764,46.7360124,0],[126.936787,46.7360117,0],[126.9367966,46.7360106,0],[126.9368066,46.7360091,0],[126.9368171,46.736007,0],[126.9368271,46.7360045,0],[126.9368378,46.7360013,0],[126.9368485,46.7359975,0],[126.9368589,46.7359932,0],[126.9368676,46.735989,0],[126.9368772,46.7359838,0],[126.9368854,46.7359786,0],[126.9368928,46.7359734,0],[126.9368991,46.7359685,0],[126.9369094,46.7359591,0],[126.9369156,46.7359531,0]]]}},{"type":"Feature","properties":{"network":"排水","diameter_mm":675,"material":"CP","depth_m":2.4},"geometry":{"type":"MultiLineString","coordinates":[[[126.8859359,46.5990781,0],[126.8861665,46.5990668,0]]]}},{"type":"Feature","properties":{"network":"排水","diameter_mm":1050,"material":"CP","depth_m":2.4},"geometry":{"type":"MultiLineString","coordinates":[[[126.8861665,46.5990668,0],[126.8863301,46.5991353,0]]]}},{"type":"Feature","properties":{"network":"排水","diameter_mm":675,"material":"CP","depth_m":2.4},"geometry":{"type":"MultiLineString","coordinates":[[[126.8851408,46.5988382,0],[126.8859359,46.5990781,0]]]}},{"type":"Feature","properties":{"network":"排水","diameter_mm":1050,"material":"CP","depth_m":2.4},"geometry":{"type":"MultiLineString","coordinates":[[[126.8863301,46.5991353,0],[126.8863689,46.5993436,0]]]}},{"type":"Feature","properties":{"network":"排水","diameter_mm":1500,"material":"CP","depth_m":2.4},"geometry":{"type":"MultiLineString","coordinates":[[[127.033834,46.6872791,0],[127.035229,46.6865118,0]]]}},{"type":"Feature","properties":{"network":"排水","diameter_mm":900,"material":"CP","depth_m":2.4},"geometry":{"type":"MultiLineString","coordinates":[[[126.8870381,46.5871694,0],[126.8871622,46.5873896,0]]]}},{"type":"Feature","properties":{"network":"排水","diameter_mm":1500,"material":"CP","depth_m":2.4},"geometry":{"type":"MultiLineString","coordinates":[[[127.0306051,46.6713565,0],[127.0322556,46.6711375,0]]]}},{"type":"Feature","properties":{"network":"排水","diameter_mm":600,"material":"UNK","depth_m":2.4},"geometry":{"type":"MultiLineString","coordinates":[[[126.8637159,46.6154325,0],[126.8643022,46.6149016,0]]]}},{"type":"Feature","properties":{"network":"排水","diameter_mm":2600,"material":"CP","depth_m":2.4},"geometry":{"type":"MultiLineString","coordinates":[[[126.876794,46.6194223,0],[126.8768085,46.6193974,0],[126.8769687,46.6192021,0],[126.8775484,46.6184965,0],[126.8778733,46.6181014,0],[126.8779427,46.618007,0],[126.8779843,46.6179337,0],[126.8780159,46.617864,0],[126.8782136,46.6174257,0],[126.8782703,46.6173008,0]]]}},{"type":"Feature","properties":{"network":"排水","diameter_mm":1500,"material":"CP","depth_m":2.4},"geometry":{"type":"MultiLineString","coordinates":[[[127.0534692,46.6834008,0],[127.05208,46.6828788,0]]]}},{"type":"Feature","properties":{"network":"排水","diameter_mm":900,"material":"CP","depth_m":2.4},"geometry":{"type":"MultiLineString","coordinates":[[[126.8666931,46.7069191,0],[126.8647447,46.7064813,0]]]}},{"type":"Feature","properties":{"network":"排水","diameter_mm":900,"material":"CP","depth_m":2.4},"geometry":{"type":"MultiLineString","coordinates":[[[126.8757306,46.7084388,0],[126.8739605,46.7083865,0]]]}},{"type":"Feature","properties":{"network":"排水","diameter_mm":900,"material":"CP","depth_m":2.4},"geometry":{"type":"MultiLineString","coordinates":[[[126.8720958,46.708152,0],[126.8702127,46.7079251,0]]]}},{"type":"Feature","properties":{"network":"排水","diameter_mm":750,"material":"CP","depth_m":2.4},"geometry":{"type":"MultiLineString","coordinates":[[[126.8766921,46.59692,0],[126.8776812,46.5971431,0]]]}},{"type":"Feature","properties":{"network":"排水","diameter_mm":1500,"material":"CP","depth_m":2.4},"geometry":{"type":"MultiLineString","coordinates":[[[127.0311429,46.688746,0],[127.0325077,46.688003,0]]]}},{"type":"Feature","properties":{"network":"排水","diameter_mm":1500,"material":"CP","depth_m":2.4},"geometry":{"type":"MultiLineString","coordinates":[[[127.0627568,46.6902258,0],[127.0623098,46.6901849,0]]]}},{"type":"Feature","properties":{"network":"排水","diameter_mm":1200,"material":"CP","depth_m":2.4},"geometry":{"type":"MultiLineString","coordinates":[[[127.0593669,46.6885572,0],[127.0581712,46.6882223,0]]]}},{"type":"Feature","properties":{"network":"排水","diameter_mm":900,"material":"CP","depth_m":2.4},"geometry":{"type":"MultiLineString","coordinates":[[[126.886076,46.5831391,0],[126.8861723,46.5837683,0]]]}},{"type":"Feature","properties":{"network":"排水","diameter_mm":900,"material":"CP","depth_m":2.4},"geometry":{"type":"MultiLineString","coordinates":[[[126.8862239,46.5841205,0],[126.886239,46.5842521,0]]]}},{"type":"Feature","properties":{"network":"排水","diameter_mm":2100,"material":"CP","depth_m":2.4},"geometry":{"type":"MultiLineString","coordinates":[[[126.9829247,46.6929089,0],[126.9831646,46.692619,0],[126.9831972,46.6925947,0],[126.9832745,46.6925551,0],[126.9833981,46.6925044,0],[126.9846647,46.6919833,0],[126.9847344,46.6919536,0],[126.9848002,46.6919116,0],[126.9848388,46.6918721,0],[126.9848643,46.6918226,0],[126.9848771,46.6917744,0]]]}},{"type":"Feature","properties":{"network":"排水","diameter_mm":1500,"material":"CP","depth_m":2.4},"geometry":{"type":"MultiLineString","coordinates":[[[127.0377571,46.6835396,0],[127.0382962,46.6827229,0]]]}},{"type":"Feature","properties":{"network":"排水","diameter_mm":1500,"material":"CP","depth_m":2.4},"geometry":{"type":"MultiLineString","coordinates":[[[127.0386225,46.6817777,0],[127.0389093,46.6808196,0]]]}},{"type":"Feature","properties":{"network":"排水","diameter_mm":1500,"material":"CP","depth_m":2.4},"geometry":{"type":"MultiLineString","coordinates":[[[127.0388379,46.6786784,0],[127.0400293,46.6782603,0]]]}},{"type":"Feature","properties":{"network":"排水","diameter_mm":1350,"material":"CP","depth_m":2.4},"geometry":{"type":"MultiLineString","coordinates":[[[127.0668764,46.6906299,0],[127.0664923,46.6910304,0]]]}},{"type":"Feature","properties":{"network":"排水","diameter_mm":1500,"material":"CP","depth_m":2.4},"geometry":{"type":"MultiLineString","coordinates":[[[126.8863479,46.5997959,0],[126.8861357,46.6009173,0]]]}},{"type":"Feature","properties":{"network":"排水","diameter_mm":1800,"material":"CP","depth_m":2.4},"geometry":{"type":"MultiLineString","coordinates":[[[126.8886903,46.6028439,0],[126.8913393,46.6034181,0]]]}},{"type":"Feature","properties":{"network":"排水","diameter_mm":900,"material":"CP","depth_m":2.4},"geometry":{"type":"MultiLineString","coordinates":[[[126.8863689,46.5993436,0],[126.8863479,46.5997959,0]]]}},{"type":"Feature","properties":{"network":"排水","diameter_mm":300,"material":"UNK","depth_m":2.4},"geometry":{"type":"MultiLineString","coordinates":[[[126.8844109,46.5951335,0],[126.8843666,46.5952566,0]]]}},{"type":"Feature","properties":{"network":"排水","diameter_mm":1050,"material":"CP","depth_m":2.4},"geometry":{"type":"MultiLineString","coordinates":[[[126.8863958,46.5964311,0],[126.8861735,46.5971094,0]]]}},{"type":"Feature","properties":{"network":"排水","diameter_mm":600,"material":"UNK","depth_m":2.4},"geometry":{"type":"MultiLineString","coordinates":[[[126.8625066,46.6158308,0],[126.8631243,46.6159677,0]]]}},{"type":"Feature","properties":{"network":"排水","diameter_mm":600,"material":"UNK","depth_m":2.4},"geometry":{"type":"MultiLineString","coordinates":[[[126.8631243,46.6159677,0],[126.8637159,46.6154325,0]]]}},{"type":"Feature","properties":{"network":"排水","diameter_mm":600,"material":"UNK","depth_m":2.4},"geometry":{"type":"MultiLineString","coordinates":[[[126.8643022,46.6149016,0],[126.8648818,46.6143816,0]]]}},{"type":"Feature","properties":{"network":"排水","diameter_mm":1200,"material":"CP","depth_m":2.4},"geometry":{"type":"MultiLineString","coordinates":[[[127.061705,46.6743779,0],[127.0597781,46.6743777,0]]]}},{"type":"Feature","properties":{"network":"排水","diameter_mm":900,"material":"CP","depth_m":2.4},"geometry":{"type":"MultiLineString","coordinates":[[[126.8799301,46.71453,0],[126.8805797,46.7138328,0]]]}},{"type":"Feature","properties":{"network":"排水","diameter_mm":1200,"material":"CP","depth_m":2.4},"geometry":{"type":"MultiLineString","coordinates":[[[127.0562382,46.6749024,0],[127.055119,46.6753604,0]]]}},{"type":"Feature","properties":{"network":"排水","diameter_mm":600,"material":"CP","depth_m":2.4},"geometry":{"type":"MultiLineString","coordinates":[[[126.9115069,46.7300156,0],[126.911701,46.7291392,0]]]}},{"type":"Feature","properties":{"network":"排水","diameter_mm":900,"material":"CP","depth_m":2.4},"geometry":{"type":"MultiLineString","coordinates":[[[126.8820217,46.7105049,0],[126.8812688,46.7098737,0]]]}},{"type":"Feature","properties":{"network":"排水","diameter_mm":600,"material":"CP","depth_m":2.4},"geometry":{"type":"MultiLineString","coordinates":[[[126.8582559,46.6195515,0],[126.8587734,46.6191952,0]]]}},{"type":"Feature","properties":{"network":"排水","diameter_mm":600,"material":"CP","depth_m":2.4},"geometry":{"type":"MultiLineString","coordinates":[[[126.8587734,46.6191952,0],[126.8591713,46.6190609,0]]]}},{"type":"Feature","properties":{"network":"排水","diameter_mm":1800,"material":"CP","depth_m":2.4},"geometry":{"type":"MultiLineString","coordinates":[[[126.8861357,46.6009173,0],[126.8867723,46.6013579,0],[126.8867944,46.6013785,0],[126.8868035,46.6013935,0],[126.8868094,46.6014033,0],[126.8868173,46.6014271,0],[126.8868154,46.6014514,0],[126.8868088,46.6014823,0],[126.8867944,46.6015171,0],[126.8867671,46.6015465,0],[126.8862636,46.6021162,0],[126.88624,46.6021529,0],[126.8862351,46.6022093,0],[126.8862502,46.6022521,0]]]}},{"type":"Feature","properties":{"network":"排水","diameter_mm":600,"material":"UNK","depth_m":2.4},"geometry":{"type":"MultiLineString","coordinates":[[[126.8596901,46.6185658,0],[126.8605217,46.6177734,0]]]}},{"type":"Feature","properties":{"network":"排水","diameter_mm":600,"material":"UNK","depth_m":2.4},"geometry":{"type":"MultiLineString","coordinates":[[[126.8605217,46.6177734,0],[126.8611779,46.6171256,0]]]}},{"type":"Feature","properties":{"network":"排水","diameter_mm":525,"material":"CP","depth_m":2.4},"geometry":{"type":"MultiLineString","coordinates":[[[126.9130472,46.724818,0],[126.9127206,46.7245536,0]]]}},{"type":"Feature","properties":{"network":"排水","diameter_mm":1200,"material":"CP","depth_m":2.4},"geometry":{"type":"MultiLineString","coordinates":[[[126.8681226,46.6916212,0],[126.8681262,46.6916129,0],[126.8681268,46.6916016,0],[126.8681268,46.6915911,0],[126.8681236,46.691571,0],[126.8681204,46.6915592,0],[126.8677823,46.690299,0]]]}},{"type":"Feature","properties":{"network":"排水","diameter_mm":1200,"material":"CP","depth_m":2.4},"geometry":{"type":"MultiLineString","coordinates":[[[126.8691873,46.6855298,0],[126.8696399,46.6854626,0],[126.8703159,46.6853623,0]]]}},{"type":"Feature","properties":{"network":"排水","diameter_mm":1350,"material":"CP","depth_m":2.4},"geometry":{"type":"MultiLineString","coordinates":[[[126.8703159,46.6853623,0],[126.8703397,46.6853587,0],[126.8709007,46.6852109,0],[126.8726144,46.6847592,0]]]}},{"type":"Feature","properties":{"network":"排水","diameter_mm":1950,"material":"BR","depth_m":2.4},"geometry":{"type":"MultiLineString","coordinates":[[[126.9054785,46.6530389,0],[126.9054494,46.6530258,0],[126.905369,46.6530038,0],[126.9022538,46.6522381,0]]]}},{"type":"Feature","properties":{"network":"排水","diameter_mm":600,"material":"CP","depth_m":2.4},"geometry":{"type":"MultiLineString","coordinates":[[[126.857599,46.6200036,0],[126.8578186,46.6198605,0]]]}},{"type":"Feature","properties":{"network":"排水","diameter_mm":1350,"material":"CP","depth_m":2.4},"geometry":{"type":"MultiLineString","coordinates":[[[126.875683,46.6794226,0],[126.8775298,46.6789865,0]]]}},{"type":"Feature","properties":{"network":"排水","diameter_mm":600,"material":"UNK","depth_m":2.4},"geometry":{"type":"MultiLineString","coordinates":[[[126.8676957,46.6140762,0],[126.8677518,46.6135095,0]]]}},{"type":"Feature","properties":{"network":"排水","diameter_mm":1050,"material":"CP","depth_m":2.4},"geometry":{"type":"MultiLineString","coordinates":[[[126.9326713,46.7201841,0],[126.9326998,46.7201855,0],[126.9328501,46.7201927,0],[126.9328665,46.7201937,0],[126.9328805,46.7201953,0],[126.9328937,46.720197,0],[126.9329132,46.7201993,0],[126.9329287,46.7202021,0],[126.9329451,46.7202055,0],[126.9329637,46.7202094,0],[126.9329832,46.7202139,0],[126.9335145,46.7203306,0]]]}},{"type":"Feature","properties":{"network":"排水","diameter_mm":2250,"material":"BR","depth_m":2.4},"geometry":{"type":"MultiLineString","coordinates":[[[127.0365058,46.6649931,0],[127.0357834,46.6667523,0]]]}},{"type":"Feature","properties":{"network":"排水","diameter_mm":1350,"material":"CP","depth_m":2.4},"geometry":{"type":"MultiLineString","coordinates":[[[126.8581537,46.6199305,0],[126.859434,46.6194998,0],[126.8594863,46.6194842,0],[126.8595575,46.619468,0],[126.8596196,46.6194581,0],[126.8597017,46.619451,0],[126.8597823,46.6194502,0],[126.8598254,46.6194523,0],[126.8598926,46.6194591,0],[126.8599293,46.6194647,0],[126.8599723,46.619473,0],[126.8604473,46.6195787,0]]]}},{"type":"Feature","properties":{"network":"排水","diameter_mm":300,"material":"UNK","depth_m":2.4},"geometry":{"type":"MultiLineString","coordinates":[[[126.8670199,46.6210057,0],[126.8669913,46.6210736,0]]]}},{"type":"Feature","properties":{"network":"排水","diameter_mm":1350,"material":"CP","depth_m":2.4},"geometry":{"type":"MultiLineString","coordinates":[[[126.8604473,46.6195787,0],[126.8610105,46.619709,0],[126.8664252,46.6209495,0],[126.8669913,46.6210736,0]]]}},{"type":"Feature","properties":{"network":"排水","diameter_mm":1350,"material":"CP","depth_m":2.4},"geometry":{"type":"MultiLineString","coordinates":[[[126.8580724,46.5711754,0],[126.8564262,46.570808,0],[126.8562144,46.5707607,0]]]}},{"type":"Feature","properties":{"network":"排水","diameter_mm":900,"material":"CP","depth_m":2.4},"geometry":{"type":"MultiLineString","coordinates":[[[126.882386,46.7113937,0],[126.8820217,46.7105049,0]]]}},{"type":"Feature","properties":{"network":"排水","diameter_mm":825,"material":"CP","depth_m":2.4},"geometry":{"type":"MultiLineString","coordinates":[[[126.8786738,46.7176404,0],[126.878956,46.7170437,0]]]}},{"type":"Feature","properties":{"network":"排水","diameter_mm":900,"material":"CP","depth_m":2.4},"geometry":{"type":"MultiLineString","coordinates":[[[126.9133581,46.7220428,0],[126.9139215,46.7212764,0]]]}},{"type":"Feature","properties":{"network":"排水","diameter_mm":2700,"material":"CP","depth_m":2.4},"geometry":{"type":"MultiLineString","coordinates":[[[126.9279459,46.7191889,0],[126.9279817,46.7191896,0],[126.929114,46.7194286,0],[126.9296388,46.7195394,0],[126.9296851,46.7195492,0],[126.9309974,46.7198262,0],[126.9325202,46.7201476,0],[126.9326697,46.7201791,0],[126.9326998,46.7201855,0],[126.9353169,46.7207378,0],[126.9356578,46.7208181,0],[126.9359025,46.7208731,0],[126.9358982,46.7209145,0]]]}},{"type":"Feature","properties":{"network":"排水","diameter_mm":825,"material":"CP","depth_m":2.4},"geometry":{"type":"MultiLineString","coordinates":[[[126.9291489,46.7194695,0],[126.9304161,46.7197456,0],[126.9304683,46.719757,0]]]}},{"type":"Feature","properties":{"network":"排水","diameter_mm":900,"material":"CP","depth_m":2.4},"geometry":{"type":"MultiLineString","coordinates":[[[126.9304683,46.719757,0],[126.9317444,46.7200357,0],[126.9317994,46.7200477,0]]]}},{"type":"Feature","properties":{"network":"排水","diameter_mm":900,"material":"CP","depth_m":2.4},"geometry":{"type":"MultiLineString","coordinates":[[[126.8793551,46.7083343,0],[126.8793451,46.7083344,0],[126.8775473,46.7083505,0]]]}},{"type":"Feature","properties":{"network":"排水","diameter_mm":2100,"material":"CP","depth_m":2.4},"geometry":{"type":"MultiLineString","coordinates":[[[126.925998,46.7094958,0],[126.9259578,46.7094965,0],[126.9257229,46.710171,0],[126.9248564,46.7127725,0],[126.9248497,46.712778,0]]]}},{"type":"Feature","properties":{"network":"排水","diameter_mm":675,"material":"CP","depth_m":2.4},"geometry":{"type":"MultiLineString","coordinates":[[[126.9126123,46.7250523,0],[126.9127206,46.7245536,0]]]}},{"type":"Feature","properties":{"network":"排水","diameter_mm":900,"material":"CP","depth_m":2.4},"geometry":{"type":"MultiLineString","coordinates":[[[126.9127206,46.7245536,0],[126.9129146,46.7237023,0]]]}},{"type":"Feature","properties":{"network":"排水","diameter_mm":600,"material":"UNK","depth_m":2.4},"geometry":{"type":"MultiLineString","coordinates":[[[126.8568633,46.6205121,0],[126.857599,46.6200036,0]]]}},{"type":"Feature","properties":{"network":"排水","diameter_mm":2600,"material":"UNK","depth_m":2.4},"geometry":{"type":"MultiLineString","coordinates":[[[126.8782703,46.6173008,0],[126.8785012,46.6167297,0],[126.8786307,46.6164105,0],[126.8786658,46.6163423,0],[126.8787285,46.6162481,0],[126.8787795,46.616186,0],[126.8788597,46.6161047,0],[126.8789501,46.6160299,0],[126.879018,46.6159823,0],[126.8791835,46.6158893,0],[126.8793109,46.615835,0],[126.8794153,46.6157995,0],[126.8802195,46.6155458,0]]]}},{"type":"Feature","properties":{"network":"排水","diameter_mm":600,"material":"UNK","depth_m":2.4},"geometry":{"type":"MultiLineString","coordinates":[[[126.8618053,46.6165056,0],[126.8625066,46.6158308,0]]]}},{"type":"Feature","properties":{"network":"排水","diameter_mm":900,"material":"CP","depth_m":2.4},"geometry":{"type":"MultiLineString","coordinates":[[[126.8805797,46.7138328,0],[126.881275,46.7131657,0]]]}},{"type":"Feature","properties":{"network":"排水","diameter_mm":900,"material":"CP","depth_m":2.4},"geometry":{"type":"MultiLineString","coordinates":[[[126.8812688,46.7098737,0],[126.8803827,46.7091409,0],[126.8803727,46.7091326,0]]]}},{"type":"Feature","properties":{"network":"排水","diameter_mm":600,"material":"UNK","depth_m":2.4},"geometry":{"type":"MultiLineString","coordinates":[[[126.8648818,46.6143816,0],[126.8654044,46.6143435,0]]]}},{"type":"Feature","properties":{"network":"排水","diameter_mm":900,"material":"CP","depth_m":2.4},"geometry":{"type":"MultiLineString","coordinates":[[[126.8599042,46.7009427,0],[126.8599222,46.7007876,0],[126.8600414,46.6997559,0]]]}},{"type":"Feature","properties":{"network":"排水","diameter_mm":2700,"material":"UNK","depth_m":2.4},"geometry":{"type":"MultiLineString","coordinates":[[[126.8907457,46.608041,0],[126.8907945,46.6080227,0],[126.8931605,46.6065433,0],[126.8932342,46.6065008,0],[126.8933414,46.6064571,0],[126.8934106,46.6064373,0],[126.8934987,46.60642,0],[126.8935939,46.6064106,0],[126.8936663,46.6064091,0],[126.8941131,46.6065345,0]]]}},{"type":"Feature","properties":{"network":"排水","diameter_mm":750,"material":"CP","depth_m":2.4},"geometry":{"type":"MultiLineString","coordinates":[[[126.8624518,46.5940564,0],[126.8633366,46.5941974,0]]]}},{"type":"Feature","properties":{"network":"排水","diameter_mm":1050,"material":"CP","depth_m":2.4},"geometry":{"type":"MultiLineString","coordinates":[[[126.8852507,46.5961727,0],[126.8863958,46.5964311,0]]]}},{"type":"Feature","properties":{"network":"排水","diameter_mm":900,"material":"CP","depth_m":2.4},"geometry":{"type":"MultiLineString","coordinates":[[[126.8647447,46.7064813,0],[126.8646162,46.7064673,0],[126.864567,46.7064619,0],[126.8632207,46.7063149,0]]]}},{"type":"Feature","properties":{"network":"排水","diameter_mm":900,"material":"CP","depth_m":2.4},"geometry":{"type":"MultiLineString","coordinates":[[[126.8632207,46.7063149,0],[126.8609644,46.7060723,0]]]}},{"type":"Feature","properties":{"network":"排水","diameter_mm":1050,"material":"CP","depth_m":2.4},"geometry":{"type":"MultiLineString","coordinates":[[[127.0460176,46.6747305,0],[127.0450336,46.6744196,0]]]}},{"type":"Feature","properties":{"network":"排水","diameter_mm":900,"material":"CP","depth_m":2.4},"geometry":{"type":"MultiLineString","coordinates":[[[126.8591645,46.7056111,0],[126.8595807,46.7029583,0]]]}},{"type":"Feature","properties":{"network":"排水","diameter_mm":1500,"material":"CP","depth_m":2.4},"geometry":{"type":"MultiLineString","coordinates":[[[127.0236091,46.6286565,0],[127.0236281,46.6286607,0],[127.0236447,46.6286653,0],[127.0236564,46.6286692,0],[127.0236672,46.6286745,0],[127.0236784,46.6286819,0],[127.0236921,46.6286922,0],[127.0237073,46.6287067,0],[127.023741,46.6287414,0],[127.0238032,46.6288038,0],[127.0238561,46.6288568,0],[127.0239418,46.6289427,0],[127.0239707,46.6289797,0]]]}},{"type":"Feature","properties":{"network":"排水","diameter_mm":2550,"material":"BR","depth_m":2.4},"geometry":{"type":"MultiLineString","coordinates":[[[126.9848771,46.6917744,0],[126.9856219,46.6899167,0],[126.9856242,46.6898847,0],[126.9856153,46.6898528,0],[126.9855978,46.6898234,0],[126.9855765,46.6897698,0],[126.9855676,46.6897226,0],[126.9855671,46.6897112,0],[126.9856148,46.6895925,0],[126.9859335,46.6887619,0]]]}},{"type":"Feature","properties":{"network":"排水","diameter_mm":2550,"material":"BR","depth_m":2.4},"geometry":{"type":"MultiLineString","coordinates":[[[126.9859335,46.6887619,0],[126.9864288,46.6875434,0]]]}},{"type":"Feature","properties":{"network":"排水","diameter_mm":1800,"material":"BR","depth_m":2.4},"geometry":{"type":"MultiLineString","coordinates":[[[126.9055889,46.6530937,0],[126.9055626,46.6530663,0],[126.9055427,46.6530538,0],[126.9055208,46.6530443,0],[126.9054785,46.6530389,0]]]}},{"type":"Feature","properties":{"network":"排水","diameter_mm":1350,"material":"CP","depth_m":2.4},"geometry":{"type":"MultiLineString","coordinates":[[[126.8560558,46.6206115,0],[126.857388,46.6201791,0],[126.8581172,46.6199424,0],[126.8581537,46.6199305,0]]]}},{"type":"Feature","properties":{"network":"排水","diameter_mm":1050,"material":"CP","depth_m":2.4},"geometry":{"type":"MultiLineString","coordinates":[[[126.9358504,46.7208221,0],[126.9358507,46.7209165,0]]]}},{"type":"Feature","properties":{"network":"排水","diameter_mm":1200,"material":"CP","depth_m":2.4},"geometry":{"type":"MultiLineString","coordinates":[[[126.9332772,46.737257,0],[126.9336622,46.7368194,0],[126.9336742,46.736808,0],[126.9336907,46.7367944,0],[126.9337091,46.7367813,0],[126.9337311,46.736768,0],[126.9337525,46.736757,0],[126.9337764,46.7367467,0],[126.9337963,46.7367395,0],[126.9338205,46.7367322,0],[126.9338473,46.7367261,0],[126.9338731,46.7367217,0],[126.9339013,46.7367186,0],[126.9339295,46.7367173,0],[126.9339636,46.7367179,0],[126.93401,46.7367227,0],[126.9343326,46.7367718,0]]]}},{"type":"Feature","properties":{"network":"排水","diameter_mm":600,"material":"CP","depth_m":2.4},"geometry":{"type":"MultiLineString","coordinates":[[[126.9119321,46.7281074,0],[126.9121276,46.7272181,0]]]}},{"type":"Feature","properties":{"network":"排水","diameter_mm":1050,"material":"CP","depth_m":2.4},"geometry":{"type":"MultiLineString","coordinates":[[[126.9335145,46.7203306,0],[126.9346668,46.7205758,0]]]}},{"type":"Feature","properties":{"network":"排水","diameter_mm":900,"material":"CP","depth_m":2.4},"geometry":{"type":"MultiLineString","coordinates":[[[126.8871622,46.5873896,0],[126.8876771,46.5883004,0]]]}},{"type":"Feature","properties":{"network":"排水","diameter_mm":900,"material":"CP","depth_m":2.4},"geometry":{"type":"MultiLineString","coordinates":[[[126.886578,46.5862936,0],[126.8870381,46.5871694,0]]]}},{"type":"Feature","properties":{"network":"排水","diameter_mm":900,"material":"CP","depth_m":2.4},"geometry":{"type":"MultiLineString","coordinates":[[[126.9157739,46.7201341,0],[126.9167791,46.7195852,0]]]}},{"type":"Feature","properties":{"network":"排水","diameter_mm":600,"material":"CP","depth_m":2.4},"geometry":{"type":"MultiLineString","coordinates":[[[127.0204605,46.6890704,0],[127.0198554,46.6887882,0]]]}},{"type":"Feature","properties":{"network":"排水","diameter_mm":1200,"material":"BR","depth_m":2.4},"geometry":{"type":"MultiLineString","coordinates":[[[126.9675231,46.6778806,0],[126.9686898,46.6781227,0]]]}},{"type":"Feature","properties":{"network":"排水","diameter_mm":1500,"material":"CP","depth_m":2.4},"geometry":{"type":"MultiLineString","coordinates":[[[127.0373268,46.6841777,0],[127.0377571,46.6835396,0]]]}},{"type":"Feature","properties":{"network":"排水","diameter_mm":1350,"material":"CP","depth_m":2.4},"geometry":{"type":"MultiLineString","coordinates":[[[127.0644616,46.6905769,0],[127.0627568,46.6902258,0]]]}},{"type":"Feature","properties":{"network":"排水","diameter_mm":1350,"material":"CP","depth_m":2.4},"geometry":{"type":"MultiLineString","coordinates":[[[126.8923048,46.6509444,0],[126.89195,46.6506288,0],[126.8916361,46.6503494,0]]]}},{"type":"Feature","properties":{"network":"排水","diameter_mm":1350,"material":"CP","depth_m":2.4},"geometry":{"type":"MultiLineString","coordinates":[[[126.8916361,46.6503494,0],[126.8906728,46.6497659,0]]]}},{"type":"Feature","properties":{"network":"排水","diameter_mm":750,"material":"CP","depth_m":2.4},"geometry":{"type":"MultiLineString","coordinates":[[[126.8600033,46.6629669,0],[126.8607142,46.6627397,0]]]}},{"type":"Feature","properties":{"network":"排水","diameter_mm":750,"material":"CP","depth_m":2.4},"geometry":{"type":"MultiLineString","coordinates":[[[126.8615837,46.6633273,0],[126.8627157,46.663508,0]]]}},{"type":"Feature","properties":{"network":"排水","diameter_mm":750,"material":"CP","depth_m":2.4},"geometry":{"type":"MultiLineString","coordinates":[[[126.8627157,46.663508,0],[126.8635387,46.6636449,0]]]}},{"type":"Feature","properties":{"network":"排水","diameter_mm":1350,"material":"CP","depth_m":2.4},"geometry":{"type":"MultiLineString","coordinates":[[[126.8904208,46.6492214,0],[126.8891863,46.6488095,0]]]}},{"type":"Feature","properties":{"network":"排水","diameter_mm":1650,"material":"CP","depth_m":2.4},"geometry":{"type":"MultiLineString","coordinates":[[[126.8851575,46.6485141,0],[126.8832797,46.6486443,0]]]}},{"type":"Feature","properties":{"network":"排水","diameter_mm":1650,"material":"BR","depth_m":2.4},"geometry":{"type":"MultiLineString","coordinates":[[[126.9873207,46.6946314,0],[126.9871527,46.6943845,0],[126.9869594,46.6941009,0],[126.9869259,46.6940431,0],[126.9869477,46.6938866,0],[126.9871313,46.6932973,0],[126.9872266,46.6930315,0],[126.9872438,46.6929932,0],[126.9873007,46.6929142,0],[126.9875253,46.6926678,0],[126.987574,46.6926041,0]]]}},{"type":"Feature","properties":{"network":"排水","diameter_mm":1650,"material":"CP","depth_m":2.4},"geometry":{"type":"MultiLineString","coordinates":[[[126.863692,46.6636202,0],[126.86434,46.6617723,0]]]}},{"type":"Feature","properties":{"network":"排水","diameter_mm":750,"material":"CP","depth_m":2.4},"geometry":{"type":"MultiLineString","coordinates":[[[127.0259862,46.6983229,0],[127.0261192,46.6978053,0],[127.0262829,46.6971685,0]]]}},{"type":"Feature","properties":{"network":"排水","diameter_mm":750,"material":"CP","depth_m":2.4},"geometry":{"type":"MultiLineString","coordinates":[[[126.8607142,46.6627397,0],[126.8612695,46.6631796,0]]]}},{"type":"Feature","properties":{"network":"排水","diameter_mm":450,"material":"CP","depth_m":2.4},"geometry":{"type":"MultiLineString","coordinates":[[[127.0594323,46.6956928,0],[127.0593921,46.6956856,0],[127.0583571,46.6954985,0]]]}},{"type":"Feature","properties":{"network":"排水","diameter_mm":1200,"material":"BR","depth_m":2.4},"geometry":{"type":"MultiLineString","coordinates":[[[126.9686898,46.6781227,0],[126.9698131,46.6783648,0]]]}},{"type":"Feature","properties":{"network":"排水","diameter_mm":1200,"material":"BR","depth_m":2.4},"geometry":{"type":"MultiLineString","coordinates":[[[126.9698131,46.6783648,0],[126.9707503,46.6785531,0]]]}},{"type":"Feature","properties":{"network":"排水","diameter_mm":1200,"material":"BR","depth_m":2.4},"geometry":{"type":"MultiLineString","coordinates":[[[126.9707503,46.6785531,0],[126.9718425,46.6787862,0]]]}},{"type":"Feature","properties":{"network":"排水","diameter_mm":1350,"material":"CP","depth_m":2.4},"geometry":{"type":"MultiLineString","coordinates":[[[127.0615039,46.7064504,0],[127.0614938,46.706449,0],[127.0614851,46.706452,0],[127.061477,46.7064556,0],[127.0614685,46.7064603,0],[127.0614594,46.7064667,0],[127.0614526,46.7064728,0],[127.0614459,46.7064805,0],[127.0614408,46.7064886,0],[127.0614369,46.7064979,0],[127.0613489,46.7067194,0],[127.0613424,46.7067286,0],[127.0613312,46.7067411,0],[127.0613181,46.7067523,0],[127.0612817,46.7067822,0],[127.0612685,46.7067913,0],[127.0612532,46.7067984,0],[127.06124,46.7068035,0],[127.0612226,46.7068075,0],[127.0612087,46.7068096,0],[127.0611556,46.7068182,0]]]}},{"type":"Feature","properties":{"network":"排水","diameter_mm":1350,"material":"CP","depth_m":2.4},"geometry":{"type":"MultiLineString","coordinates":[[[127.0087707,46.699448,0],[127.0095401,46.6987433,0]]]}},{"type":"Feature","properties":{"network":"排水","diameter_mm":1350,"material":"CP","depth_m":2.4},"geometry":{"type":"MultiLineString","coordinates":[[[127.0095401,46.6987433,0],[127.0102206,46.6981211,0],[127.0102446,46.6980996,0],[127.0102449,46.6980994,0],[127.0102536,46.6980915,0],[127.010263,46.6980821,0],[127.0102721,46.6980722,0],[127.0102806,46.698062,0],[127.0102874,46.698053,0],[127.0102935,46.6980443,0],[127.0102994,46.6980349,0],[127.010305,46.6980249,0],[127.01031,46.6980151,0],[127.0103141,46.6980058,0],[127.0103184,46.6979948,0]]]}},{"type":"Feature","properties":{"network":"排水","diameter_mm":1350,"material":"CP","depth_m":2.4},"geometry":{"type":"MultiLineString","coordinates":[[[127.0103184,46.6979948,0],[127.0106073,46.6971015,0],[127.0106119,46.6970859,0]]]}},{"type":"Feature","properties":{"network":"排水","diameter_mm":1650,"material":"CP","depth_m":2.4},"geometry":{"type":"MultiLineString","coordinates":[[[126.8668228,46.6499687,0],[126.8652318,46.6479398,0]]]}},{"type":"Feature","properties":{"network":"排水","diameter_mm":1200,"material":"CP","depth_m":2.4},"geometry":{"type":"MultiLineString","coordinates":[[[126.9026243,46.6487912,0],[126.9004899,46.6482437,0]]]}},{"type":"Feature","properties":{"network":"排水","diameter_mm":1200,"material":"CP","depth_m":2.4},"geometry":{"type":"MultiLineString","coordinates":[[[126.8889365,46.6460463,0],[126.8887641,46.6463501,0]]]}},{"type":"Feature","properties":{"network":"排水","diameter_mm":1950,"material":"BR","depth_m":2.4},"geometry":{"type":"MultiLineString","coordinates":[[[126.9022538,46.6522381,0],[126.9002526,46.6517735,0],[126.8996098,46.6516242,0]]]}},{"type":"Feature","properties":{"network":"排水","diameter_mm":1800,"material":"UNK","depth_m":2.4},"geometry":{"type":"MultiLineString","coordinates":[[[126.9407931,46.6704394,0],[126.9408305,46.6703507,0]]]}},{"type":"Feature","properties":{"network":"排水","diameter_mm":1200,"material":"CP","depth_m":2.4},"geometry":{"type":"MultiLineString","coordinates":[[[126.8876872,46.6480786,0],[126.8865203,46.6482265,0]]]}},{"type":"Feature","properties":{"network":"排水","diameter_mm":750,"material":"CP","depth_m":2.4},"geometry":{"type":"MultiLineString","coordinates":[[[127.0122351,46.7091509,0],[127.0128701,46.7085558,0]]]}},{"type":"Feature","properties":{"network":"排水","diameter_mm":2286,"material":"CP","depth_m":2.4},"geometry":{"type":"MultiLineString","coordinates":[[[126.8911287,46.6465552,0],[126.8906389,46.6464226,0],[126.8904394,46.6463699,0]]]}},{"type":"Feature","properties":{"network":"排水","diameter_mm":675,"material":"CP","depth_m":2.4},"geometry":{"type":"MultiLineString","coordinates":[[[126.8885627,46.6744466,0],[126.8885504,46.6744424,0],[126.8879766,46.6740573,0],[126.8879718,46.6740436,0]]]}},{"type":"Feature","properties":{"network":"排水","diameter_mm":300,"material":"DIP","depth_m":2.4},"geometry":{"type":"MultiLineString","coordinates":[[[127.0309197,46.6412232,0],[127.0308604,46.6411996,0]]]}},{"type":"Feature","properties":{"network":"排水","diameter_mm":1050,"material":"CP","depth_m":2.4},"geometry":{"type":"MultiLineString","coordinates":[[[127.0306918,46.6411857,0],[127.030831,46.6412333,0]]]}},{"type":"Feature","properties":{"network":"排水","diameter_mm":900,"material":"BR","depth_m":2.4},"geometry":{"type":"MultiLineString","coordinates":[[[126.8722596,46.6462738,0],[126.8720205,46.6461093,0],[126.8715102,46.645785,0]]]}},{"type":"Feature","properties":{"network":"排水","diameter_mm":900,"material":"CP","depth_m":2.4},"geometry":{"type":"MultiLineString","coordinates":[[[126.8949219,46.6474722,0],[126.8948758,46.6472761,0]]]}},{"type":"Feature","properties":{"network":"排水","diameter_mm":750,"material":"CP","depth_m":2.4},"geometry":{"type":"MultiLineString","coordinates":[[[127.0128701,46.7085558,0],[127.0129832,46.708265,0],[127.0129909,46.7082483,0],[127.0130008,46.7082314,0],[127.01301,46.708218,0],[127.0130202,46.7082049,0],[127.0130288,46.7081951,0],[127.013043,46.7081806,0],[127.0130469,46.7081767,0],[127.0130537,46.7081706,0],[127.0130609,46.7081645,0],[127.0130688,46.7081581,0],[127.0130767,46.7081521,0],[127.0130838,46.708147,0],[127.013092,46.7081415,0],[127.0131015,46.7081354,0],[127.0131116,46.7081294,0],[127.0131221,46.7081235,0],[127.0131308,46.708119,0],[127.0131433,46.7081129,0],[127.013503,46.7079584,0]]]}},{"type":"Feature","properties":{"network":"排水","diameter_mm":1350,"material":"CP","depth_m":2.4},"geometry":{"type":"MultiLineString","coordinates":[[[127.0445492,46.7134509,0],[127.0446826,46.7126134,0],[127.0447163,46.7123978,0]]]}},{"type":"Feature","properties":{"network":"排水","diameter_mm":525,"material":"CP","depth_m":2.4},"geometry":{"type":"MultiLineString","coordinates":[[[126.8630308,46.6718353,0],[126.8631133,46.671802,0]]]}},{"type":"Feature","properties":{"network":"排水","diameter_mm":1650,"material":"CP","depth_m":2.4},"geometry":{"type":"MultiLineString","coordinates":[[[126.8688599,46.6535014,0],[126.8668228,46.6499687,0]]]}},{"type":"Feature","properties":{"network":"排水","diameter_mm":750,"material":"CP","depth_m":2.4},"geometry":{"type":"MultiLineString","coordinates":[[[127.0262829,46.6971685,0],[127.0257748,46.6964917,0]]]}},{"type":"Feature","properties":{"network":"排水","diameter_mm":1200,"material":"CP","depth_m":2.4},"geometry":{"type":"MultiLineString","coordinates":[[[126.9004899,46.6482437,0],[126.8990395,46.6479283,0]]]}},{"type":"Feature","properties":{"network":"排水","diameter_mm":4267,"material":"CP","depth_m":2.4},"geometry":{"type":"MultiLineString","coordinates":[[[126.9960441,46.6531789,0],[126.9961076,46.6531516,0],[126.9969561,46.6531219,0]]]}},{"type":"Feature","properties":{"network":"排水","diameter_mm":1350,"material":"CP","depth_m":2.4},"geometry":{"type":"MultiLineString","coordinates":[[[126.872748,46.6834479,0],[126.8727455,46.6829839,0],[126.8727452,46.6829309,0],[126.8727445,46.6828089,0],[126.8727394,46.6818709,0],[126.8727388,46.6817569,0]]]}},{"type":"Feature","properties":{"network":"排水","diameter_mm":1350,"material":"CP","depth_m":2.4},"geometry":{"type":"MultiLineString","coordinates":[[[126.8908978,46.6661378,0],[126.8916268,46.6652534,0],[126.8917483,46.665106,0]]]}},{"type":"Feature","properties":{"network":"排水","diameter_mm":1800,"material":"CP","depth_m":2.4},"geometry":{"type":"MultiLineString","coordinates":[[[126.9408305,46.6703507,0],[126.9410037,46.6699405,0],[126.9410973,46.669722,0],[126.941464,46.6688998,0]]]}},{"type":"Feature","properties":{"network":"排水","diameter_mm":1500,"material":"CP","depth_m":2.4},"geometry":{"type":"MultiLineString","coordinates":[[[127.0121855,46.6357254,0],[127.0121505,46.6357562,0],[127.0121231,46.6358256,0],[127.0121329,46.6358547,0]]]}},{"type":"Feature","properties":{"network":"排水","diameter_mm":450,"material":"CP","depth_m":2.4},"geometry":{"type":"MultiLineString","coordinates":[[[126.8873624,46.6489127,0],[126.8871866,46.6487774,0]]]}},{"type":"Feature","properties":{"network":"排水","diameter_mm":1800,"material":"CP","depth_m":2.4},"geometry":{"type":"MultiLineString","coordinates":[[[126.9394579,46.6736905,0],[126.9395432,46.6734813,0],[126.9401056,46.6721028,0],[126.9404759,46.6711948,0],[126.9405276,46.671068,0],[126.9407931,46.6704394,0]]]}},{"type":"Feature","properties":{"network":"排水","diameter_mm":2286,"material":"CP","depth_m":2.4},"geometry":{"type":"MultiLineString","coordinates":[[[126.8918309,46.6467204,0],[126.8911287,46.6465552,0]]]}},{"type":"Feature","properties":{"network":"排水","diameter_mm":900,"material":"CP","depth_m":2.4},"geometry":{"type":"MultiLineString","coordinates":[[[126.8828079,46.6478585,0],[126.8811078,46.6480746,0]]]}},{"type":"Feature","properties":{"network":"排水","diameter_mm":1350,"material":"CP","depth_m":2.4},"geometry":{"type":"MultiLineString","coordinates":[[[126.8951418,46.6613603,0],[126.8956382,46.6603259,0],[126.8956852,46.660228,0]]]}},{"type":"Feature","properties":{"network":"排水","diameter_mm":2250,"material":"BR","depth_m":2.4},"geometry":{"type":"MultiLineString","coordinates":[[[127.0048013,46.6261886,0],[127.0058773,46.6264324,0]]]}},{"type":"Feature","properties":{"network":"排水","diameter_mm":1500,"material":"CP","depth_m":2.4},"geometry":{"type":"MultiLineString","coordinates":[[[127.0122466,46.6357375,0],[127.0122013,46.6357294,0],[127.0121855,46.6357254,0]]]}},{"type":"Feature","properties":{"network":"排水","diameter_mm":1350,"material":"CP","depth_m":2.4},"geometry":{"type":"MultiLineString","coordinates":[[[127.0412585,46.7143314,0],[127.0412639,46.7143266,0],[127.0412777,46.7143142,0],[127.041286,46.7143067,0],[127.041297,46.7142979,0],[127.0413087,46.7142896,0],[127.0413232,46.7142805,0],[127.0413387,46.7142722,0],[127.0413547,46.7142649,0],[127.0413708,46.7142585,0],[127.0413874,46.714253,0],[127.0414032,46.7142487,0],[127.0414219,46.7142445,0],[127.0427401,46.7139756,0],[127.0427574,46.7139721,0]]]}},{"type":"Feature","properties":{"network":"排水","diameter_mm":1350,"material":"CP","depth_m":2.4},"geometry":{"type":"MultiLineString","coordinates":[[[127.0445106,46.711387,0],[127.0445047,46.711374,0],[127.0441274,46.7105391,0],[127.044121,46.7105201,0],[127.0441172,46.7105022,0],[127.0441156,46.7104842,0],[127.0441166,46.710462,0],[127.0441207,46.7104405,0],[127.0441283,46.7104183,0],[127.0441376,46.7103996,0],[127.0441474,46.7103842,0],[127.044158,46.7103704,0],[127.0441739,46.7103535,0],[127.0444635,46.7100754,0],[127.0444672,46.7100718,0]]]}},{"type":"Feature","properties":{"network":"排水","diameter_mm":3810,"material":"CP","depth_m":2.4},"geometry":{"type":"MultiLineString","coordinates":[[[126.976314,46.6506995,0],[126.976387,46.6506844,0],[126.9781552,46.6509019,0]]]}},{"type":"Feature","properties":{"network":"排水","diameter_mm":900,"material":"CP","depth_m":2.4},"geometry":{"type":"MultiLineString","coordinates":[[[126.966145,46.6557589,0],[126.9662045,46.6556781,0]]]}},{"type":"Feature","properties":{"network":"排水","diameter_mm":1350,"material":"CP","depth_m":2.4},"geometry":{"type":"MultiLineString","coordinates":[[[127.0367733,46.7186453,0],[127.0367373,46.7178912,0],[127.0367375,46.7178729,0],[127.0367401,46.7178538,0],[127.0367458,46.7178329,0],[127.036754,46.7178131,0],[127.0367629,46.717798,0],[127.0367762,46.7177795,0],[127.0367922,46.717762,0],[127.0368084,46.7177475,0],[127.0368225,46.7177368,0],[127.0368372,46.7177271,0],[127.036851,46.7177193,0],[127.0368801,46.717703,0],[127.0375993,46.7173012,0],[127.037611,46.7172945,0]]]}},{"type":"Feature","properties":{"network":"排水","diameter_mm":1350,"material":"CP","depth_m":2.4},"geometry":{"type":"MultiLineString","coordinates":[[[127.0387913,46.7166391,0],[127.0387974,46.7166333,0],[127.0398721,46.7156278,0],[127.0400162,46.7154931,0],[127.0400231,46.7154866,0]]]}},{"type":"Feature","properties":{"network":"排水","diameter_mm":1350,"material":"CP","depth_m":2.4},"geometry":{"type":"MultiLineString","coordinates":[[[127.037611,46.7172945,0],[127.0387752,46.716648,0],[127.0387913,46.7166391,0]]]}},{"type":"Feature","properties":{"network":"排水","diameter_mm":450,"material":"CP","depth_m":2.4},"geometry":{"type":"MultiLineString","coordinates":[[[126.8871866,46.6487774,0],[126.8874008,46.6482611,0]]]}},{"type":"Feature","properties":{"network":"排水","diameter_mm":300,"material":"CP","depth_m":2.4},"geometry":{"type":"MultiLineString","coordinates":[[[126.9977689,46.6329446,0],[126.9977095,46.632932,0],[126.9976635,46.6329149,0]]]}},{"type":"Feature","properties":{"network":"排水","diameter_mm":1500,"material":"CP","depth_m":2.4},"geometry":{"type":"MultiLineString","coordinates":[[[126.9976635,46.6329149,0],[126.9976602,46.632968,0],[126.9976131,46.6330895,0]]]}},{"type":"Feature","properties":{"network":"排水","diameter_mm":1500,"material":"CP","depth_m":2.4},"geometry":{"type":"MultiLineString","coordinates":[[[127.0003354,46.6339376,0],[127.000378,46.6338987,0],[127.0005114,46.6337287,0]]]}},{"type":"Feature","properties":{"network":"排水","diameter_mm":1500,"material":"BR","depth_m":2.4},"geometry":{"type":"MultiLineString","coordinates":[[[126.9856402,46.6168969,0],[126.9867925,46.617143,0]]]}},{"type":"Feature","properties":{"network":"排水","diameter_mm":2250,"material":"BR","depth_m":2.4},"geometry":{"type":"MultiLineString","coordinates":[[[127.0084454,46.6270169,0],[127.0093099,46.6272268,0],[127.00934,46.6272426,0],[127.0093621,46.6272587,0],[127.0094011,46.6272986,0],[127.009435,46.6273356,0]]]}},{"type":"Feature","properties":{"network":"排水","diameter_mm":3000,"material":"CP","depth_m":2.4},"geometry":{"type":"MultiLineString","coordinates":[[[126.9594908,46.6232803,0],[126.9595104,46.6233092,0],[126.9597712,46.6234001,0],[126.959897,46.6234423,0],[126.9600215,46.6234764,0],[126.9602009,46.6235133,0],[126.9703449,46.6255743,0],[126.9704747,46.6255925,0],[126.9704759,46.6255926,0],[126.9705849,46.6255981,0],[126.9706721,46.6255986,0],[126.9707515,46.6255928,0],[126.9708738,46.6255776,0],[126.9710161,46.6255453,0],[126.9711369,46.6255052,0],[126.971237,46.6254625,0],[126.9713406,46.6254063,0],[126.9714863,46.6253121,0],[126.9716406,46.6252112,0],[126.97173,46.6251596,0],[126.9718207,46.6251164,0],[126.9719144,46.6250816,0],[126.9720202,46.6250439,0]]]}},{"type":"Feature","properties":{"network":"排水","diameter_mm":1350,"material":"CP","depth_m":2.4},"geometry":{"type":"MultiLineString","coordinates":[[[126.8938999,46.6634306,0],[126.8946564,46.6623223,0]]]}},{"type":"Feature","properties":{"network":"排水","diameter_mm":1350,"material":"CP","depth_m":2.4},"geometry":{"type":"MultiLineString","coordinates":[[[127.0025042,46.7010946,0],[127.0035459,46.700495,0]]]}},{"type":"Feature","properties":{"network":"排水","diameter_mm":450,"material":"CP","depth_m":2.4},"geometry":{"type":"MultiLineString","coordinates":[[[127.056752,46.6955909,0],[127.0555516,46.6950181,0]]]}},{"type":"Feature","properties":{"network":"排水","diameter_mm":150,"material":"PVC","depth_m":2.4},"geometry":{"type":"MultiLineString","coordinates":[[[127.0583423,46.6954652,0],[127.0583571,46.6954985,0]]]}},{"type":"Feature","properties":{"network":"排水","diameter_mm":450,"material":"CP","depth_m":2.4},"geometry":{"type":"MultiLineString","coordinates":[[[127.0583571,46.6954985,0],[127.0580645,46.6955858,0],[127.058043,46.6955924,0],[127.0580295,46.6955962,0],[127.0580175,46.6955994,0],[127.0580052,46.6956025,0],[127.0579896,46.6956063,0],[127.0572462,46.6958162,0]]]}},{"type":"Feature","properties":{"network":"排水","diameter_mm":2700,"material":"CP","depth_m":2.4},"geometry":{"type":"MultiLineString","coordinates":[[[127.0049925,46.6519772,0],[127.007805,46.6504896,0]]]}},{"type":"Feature","properties":{"network":"排水","diameter_mm":2700,"material":"CP","depth_m":2.4},"geometry":{"type":"MultiLineString","coordinates":[[[127.0049556,46.6519403,0],[127.0077589,46.6504588,0]]]}},{"type":"Feature","properties":{"network":"排水","diameter_mm":1500,"material":"CP","depth_m":2.4},"geometry":{"type":"MultiLineString","coordinates":[[[126.8632863,46.665655,0],[126.863692,46.6636202,0]]]}},{"type":"Feature","properties":{"network":"排水","diameter_mm":2250,"material":"BR","depth_m":2.4},"geometry":{"type":"MultiLineString","coordinates":[[[126.9986503,46.6239242,0],[126.9988123,46.6239642,0],[126.9988236,46.6239677,0],[126.9988325,46.6239715,0],[126.9988402,46.6239763,0],[126.9988515,46.6239845,0],[126.9988593,46.6239911,0],[126.9988682,46.6239987,0],[126.9988753,46.6240077,0],[126.9988967,46.6240335,0],[126.9989063,46.6240491,0],[126.998911,46.624062,0],[126.9989146,46.6240734,0],[126.9989159,46.6240907,0],[126.9989153,46.6241075,0],[126.9989112,46.6241209,0],[126.9988468,46.6242758,0],[126.9987753,46.6244434,0],[126.9987658,46.624469,0],[126.9987611,46.6244842,0],[126.9987605,46.6244923,0],[126.9987617,46.6245031,0],[126.9987647,46.6245178,0],[126.9987719,46.6245441,0],[126.9987951,46.6245842,0],[126.9988047,46.624597,0],[126.9988166,46.6246108,0],[126.9988261,46.6246198,0],[126.9988321,46.6246252,0],[126.9988395,46.6246303,0],[126.9988433,46.6246325,0],[126.9988468,46.624634,0],[126.998867,46.6246403,0]]]}},{"type":"Feature","properties":{"network":"排水","diameter_mm":2250,"material":"BR","depth_m":2.4},"geometry":{"type":"MultiLineString","coordinates":[[[126.998867,46.6246403,0],[126.9988863,46.6246545,0],[126.9989005,46.6246641,0],[126.9989153,46.6246736,0],[126.9989296,46.6246815,0],[126.9989402,46.624686,0],[126.9989529,46.6246891,0],[126.9990574,46.6247097,0],[126.9990894,46.6247074,0]]]}},{"type":"Feature","properties":{"network":"排水","diameter_mm":1500,"material":"CP","depth_m":2.4},"geometry":{"type":"MultiLineString","coordinates":[[[127.0334791,46.6380963,0],[127.0334839,46.6381021,0],[127.0334898,46.6381074,0],[127.0334964,46.6381119,0],[127.0335025,46.638115,0],[127.0335145,46.6381191,0],[127.0335455,46.6381261,0]]]}},{"type":"Feature","properties":{"network":"排水","diameter_mm":1375,"material":"CP","depth_m":2.4},"geometry":{"type":"MultiLineString","coordinates":[[[126.9238937,46.6622701,0],[126.9238821,46.6622951,0],[126.9238644,46.6623309,0],[126.9238413,46.6623668,0],[126.9238176,46.6623961,0],[126.9237954,46.662421,0],[126.9237735,46.6624411,0],[126.9237729,46.6624417,0],[126.9237508,46.6624596,0],[126.9237287,46.6624723,0],[126.9236981,46.6624858,0],[126.923659,46.6624977,0],[126.9236357,46.6625025,0],[126.9236146,46.6625068,0],[126.9235686,46.662512,0],[126.9235355,46.6625131,0],[126.9234999,46.6625148,0],[126.9234753,46.662517,0],[126.9234398,46.6625186,0]]]}},{"type":"Feature","properties":{"network":"排水","diameter_mm":750,"material":"CP","depth_m":2.4},"geometry":{"type":"MultiLineString","coordinates":[[[127.0175568,46.7046462,0],[127.0185806,46.7038096,0]]]}},{"type":"Feature","properties":{"network":"排水","diameter_mm":750,"material":"CP","depth_m":2.4},"geometry":{"type":"MultiLineString","coordinates":[[[127.0210636,46.7027654,0],[127.0212132,46.702702,0],[127.0221391,46.7023093,0]]]}},{"type":"Feature","properties":{"network":"排水","diameter_mm":750,"material":"CP","depth_m":2.4},"geometry":{"type":"MultiLineString","coordinates":[[[127.0221391,46.7023093,0],[127.0225487,46.7015566,0]]]}},{"type":"Feature","properties":{"network":"排水","diameter_mm":750,"material":"CP","depth_m":2.4},"geometry":{"type":"MultiLineString","coordinates":[[[127.016571,46.7062793,0],[127.0165898,46.7062742,0],[127.0166055,46.706269,0],[127.0166195,46.7062636,0],[127.0166317,46.7062581,0],[127.0166439,46.7062519,0],[127.0166565,46.7062446,0],[127.016673,46.7062334,0],[127.0166818,46.7062265,0],[127.0166943,46.7062154,0],[127.0167055,46.7062036,0],[127.0167147,46.7061922,0],[127.0167218,46.7061819,0],[127.0167279,46.7061713,0],[127.0168797,46.7058951,0]]]}},{"type":"Feature","properties":{"network":"排水","diameter_mm":300,"material":"UNK","depth_m":2.4},"geometry":{"type":"MultiLineString","coordinates":[[[126.9985509,46.6463458,0],[126.9986221,46.6464281,0]]]}},{"type":"Feature","properties":{"network":"排水","diameter_mm":1650,"material":"CP","depth_m":2.4},"geometry":{"type":"MultiLineString","coordinates":[[[126.9975768,46.6193284,0],[126.9983138,46.6195258,0]]]}},{"type":"Feature","properties":{"network":"排水","diameter_mm":1650,"material":"CP","depth_m":2.4},"geometry":{"type":"MultiLineString","coordinates":[[[127.0002617,46.6206838,0],[127.0004413,46.6208041,0]]]}},{"type":"Feature","properties":{"network":"排水","diameter_mm":1200,"material":"BR","depth_m":2.4},"geometry":{"type":"MultiLineString","coordinates":[[[126.9693551,46.6149611,0],[126.9697676,46.6150439,0],[126.9699657,46.6150855,0],[126.9700474,46.6151008,0],[126.9701231,46.6150909,0],[126.9703606,46.6150236,0],[126.9706935,46.6149266,0]]]}},{"type":"Feature","properties":{"network":"排水","diameter_mm":1200,"material":"BR","depth_m":2.4},"geometry":{"type":"MultiLineString","coordinates":[[[126.9706935,46.6149266,0],[126.9714877,46.6147136,0],[126.9715649,46.6146993,0],[126.9716133,46.6146959,0],[126.9717087,46.614698,0],[126.9722482,46.6148105,0]]]}},{"type":"Feature","properties":{"network":"排水","diameter_mm":1200,"material":"BR","depth_m":2.4},"geometry":{"type":"MultiLineString","coordinates":[[[126.9722482,46.6148105,0],[126.9733295,46.6150308,0]]]}},{"type":"Feature","properties":{"network":"排水","diameter_mm":1200,"material":"BR","depth_m":2.4},"geometry":{"type":"MultiLineString","coordinates":[[[126.974829,46.6140481,0],[126.9759675,46.6143459,0]]]}},{"type":"Feature","properties":{"network":"排水","diameter_mm":1200,"material":"BR","depth_m":2.4},"geometry":{"type":"MultiLineString","coordinates":[[[126.9759675,46.6143459,0],[126.9770341,46.6146418,0]]]}},{"type":"Feature","properties":{"network":"排水","diameter_mm":1500,"material":"CP","depth_m":2.4},"geometry":{"type":"MultiLineString","coordinates":[[[126.9234398,46.6625186,0],[126.9232833,46.6624803,0],[126.9232611,46.6624749,0],[126.9227595,46.6623513,0],[126.9227433,46.6623473,0],[126.9226387,46.6623216,0],[126.9226122,46.662315,0]]]}},{"type":"Feature","properties":{"network":"排水","diameter_mm":1200,"material":"BR","depth_m":2.4},"geometry":{"type":"MultiLineString","coordinates":[[[126.9770341,46.6146418,0],[126.9781322,46.6149369,0]]]}},{"type":"Feature","properties":{"network":"排水","diameter_mm":1200,"material":"BR","depth_m":2.4},"geometry":{"type":"MultiLineString","coordinates":[[[126.9684533,46.6147753,0],[126.9689302,46.6148745,0],[126.9693551,46.6149611,0]]]}},{"type":"Feature","properties":{"network":"排水","diameter_mm":675,"material":"CP","depth_m":2.4},"geometry":{"type":"MultiLineString","coordinates":[[[127.0056654,46.6460622,0],[127.0056114,46.6458998,0]]]}},{"type":"Feature","properties":{"network":"排水","diameter_mm":675,"material":"CP","depth_m":2.4},"geometry":{"type":"MultiLineString","coordinates":[[[127.0048805,46.6459998,0],[127.0042235,46.6460541,0]]]}},{"type":"Feature","properties":{"network":"排水","diameter_mm":1350,"material":"BR","depth_m":2.4},"geometry":{"type":"MultiLineString","coordinates":[[[126.9781322,46.6149369,0],[126.9791926,46.6152233,0]]]}},{"type":"Feature","properties":{"network":"排水","diameter_mm":2250,"material":"BR","depth_m":2.4},"geometry":{"type":"MultiLineString","coordinates":[[[127.0071931,46.6267318,0],[127.0084454,46.6270169,0]]]}},{"type":"Feature","properties":{"network":"排水","diameter_mm":2250,"material":"BR","depth_m":2.4},"geometry":{"type":"MultiLineString","coordinates":[[[127.009435,46.6273356,0],[127.0094411,46.6274129,0],[127.0094393,46.6274302,0],[127.0094341,46.6274546,0],[127.0091165,46.6282312,0],[127.0091146,46.6282579,0],[127.0091169,46.6283311,0]]]}},{"type":"Feature","properties":{"network":"排水","diameter_mm":1350,"material":"BR","depth_m":2.4},"geometry":{"type":"MultiLineString","coordinates":[[[126.9813235,46.6157965,0],[126.9823131,46.6160515,0],[126.9823275,46.6160553,0],[126.9823224,46.6160662,0]]]}},{"type":"Feature","properties":{"network":"排水","diameter_mm":1500,"material":"BR","depth_m":2.4},"geometry":{"type":"MultiLineString","coordinates":[[[126.9823224,46.6160662,0],[126.9823281,46.6160551,0],[126.982356,46.6160626,0],[126.9834373,46.6163555,0]]]}},{"type":"Feature","properties":{"network":"排水","diameter_mm":1350,"material":"BR","depth_m":2.4},"geometry":{"type":"MultiLineString","coordinates":[[[126.9791926,46.6152233,0],[126.9802588,46.6155104,0]]]}},{"type":"Feature","properties":{"network":"排水","diameter_mm":1350,"material":"BR","depth_m":2.4},"geometry":{"type":"MultiLineString","coordinates":[[[126.9802588,46.6155104,0],[126.9813235,46.6157965,0]]]}},{"type":"Feature","properties":{"network":"排水","diameter_mm":1500,"material":"BR","depth_m":2.4},"geometry":{"type":"MultiLineString","coordinates":[[[126.9834373,46.6163555,0],[126.9845389,46.6166465,0]]]}},{"type":"Feature","properties":{"network":"排水","diameter_mm":2250,"material":"CP","depth_m":2.4},"geometry":{"type":"MultiLineString","coordinates":[[[126.9329368,46.6864532,0],[126.9329319,46.6864451,0],[126.9336345,46.6845587,0],[126.9336514,46.6845133,0],[126.9337052,46.6843691,0],[126.9337053,46.684347,0]]]}},{"type":"Feature","properties":{"network":"排水","diameter_mm":2250,"material":"CP","depth_m":2.4},"geometry":{"type":"MultiLineString","coordinates":[[[126.930991,46.6916194,0],[126.930999,46.6915786,0],[126.9318469,46.6893303,0],[126.9318609,46.6892931,0],[126.9328432,46.6866877,0],[126.932899,46.6865399,0],[126.9329292,46.6864598,0],[126.9329368,46.6864532,0]]]}},{"type":"Feature","properties":{"network":"排水","diameter_mm":2250,"material":"CP","depth_m":2.4},"geometry":{"type":"MultiLineString","coordinates":[[[126.9337053,46.684347,0],[126.9337278,46.6843095,0],[126.9339524,46.6838574,0],[126.9346766,46.6823997,0]]]}},{"type":"Feature","properties":{"network":"排水","diameter_mm":2100,"material":"BR","depth_m":2.4},"geometry":{"type":"MultiLineString","coordinates":[[[126.9970947,46.6235864,0],[126.9977093,46.6237199,0]]]}},{"type":"Feature","properties":{"network":"排水","diameter_mm":675,"material":"CP","depth_m":2.4},"geometry":{"type":"MultiLineString","coordinates":[[[127.0042235,46.6460541,0],[127.0041931,46.6459461,0]]]}},{"type":"Feature","properties":{"network":"排水","diameter_mm":1500,"material":"CP","depth_m":2.4},"geometry":{"type":"MultiLineString","coordinates":[[[126.9585391,46.6841213,0],[126.9592056,46.6842588,0]]]}},{"type":"Feature","properties":{"network":"排水","diameter_mm":2700,"material":"CP","depth_m":2.4},"geometry":{"type":"MultiLineString","coordinates":[[[126.9895526,46.6726783,0],[126.9931194,46.6734426,0]]]}},{"type":"Feature","properties":{"network":"排水","diameter_mm":675,"material":"CP","depth_m":2.4},"geometry":{"type":"MultiLineString","coordinates":[[[126.9954363,46.752129,0],[126.9964212,46.7519303,0]]]}},{"type":"Feature","properties":{"network":"排水","diameter_mm":1800,"material":"CP","depth_m":2.4},"geometry":{"type":"MultiLineString","coordinates":[[[126.971318,46.6941808,0],[126.9719583,46.6944375,0],[126.9721495,46.6945135,0],[126.972197,46.6945264,0],[126.9722729,46.6945387,0],[126.9732318,46.6946985,0]]]}},{"type":"Feature","properties":{"network":"排水","diameter_mm":3000,"material":"CP","depth_m":2.4},"geometry":{"type":"MultiLineString","coordinates":[[[126.9297432,46.6808257,0],[126.9297277,46.6808335,0],[126.9294919,46.6807819,0],[126.926841,46.680201,0],[126.9267759,46.6801867,0]]]}},{"type":"Feature","properties":{"network":"排水","diameter_mm":1200,"material":"BR","depth_m":2.4},"geometry":{"type":"MultiLineString","coordinates":[[[126.989808,46.671498,0],[126.9895526,46.6726783,0]]]}},{"type":"Feature","properties":{"network":"排水","diameter_mm":2250,"material":"CP","depth_m":2.4},"geometry":{"type":"MultiLineString","coordinates":[[[126.9327068,46.6814359,0],[126.9326951,46.6814335,0],[126.9297886,46.6808474,0],[126.92978,46.6808456,0],[126.9297511,46.6808398,0],[126.9297432,46.6808257,0]]]}},{"type":"Feature","properties":{"network":"排水","diameter_mm":3000,"material":"CP","depth_m":2.4},"geometry":{"type":"MultiLineString","coordinates":[[[126.9267759,46.6801867,0],[126.9242279,46.6796759,0]]]}},{"type":"Feature","properties":{"network":"排水","diameter_mm":3000,"material":"CP","depth_m":2.4},"geometry":{"type":"MultiLineString","coordinates":[[[126.9895551,46.6800043,0],[126.9896136,46.6799893,0],[126.9896641,46.6799834,0],[126.9897056,46.6799826,0],[126.989748,46.6799862,0],[126.9897824,46.6799928,0],[126.9905125,46.6801767,0],[126.990559,46.6801862,0],[126.9905954,46.6801884,0],[126.9906378,46.6801869,0],[126.9906742,46.6801824,0],[126.9907146,46.6801736,0],[126.9907479,46.6801618,0],[126.990786,46.6801434,0],[126.9908172,46.6801236,0],[126.9908455,46.6801008,0],[126.9908727,46.68007,0],[126.9908908,46.6800421,0],[126.9908959,46.680026,0],[126.9914844,46.6783763,0]]]}},{"type":"Feature","properties":{"network":"排水","diameter_mm":2250,"material":"CP","depth_m":2.4},"geometry":{"type":"MultiLineString","coordinates":[[[126.9346766,46.6823997,0],[126.9347049,46.6823428,0],[126.934836,46.6820789,0],[126.9348465,46.6820592,0],[126.9348537,46.682039,0],[126.9348581,46.6820201,0],[126.9348564,46.6819988,0],[126.934852,46.6819768,0],[126.9348427,46.6819535,0],[126.934832,46.681937,0],[126.9348142,46.6819162,0],[126.9347937,46.6819,0],[126.9347795,46.6818921,0],[126.934772,46.6818879,0],[126.9347551,46.6818798,0],[126.9347459,46.6818755,0],[126.9347208,46.681867,0],[126.9328063,46.6814572,0],[126.9327164,46.6814379,0],[126.9327068,46.6814359,0]]]}},{"type":"Feature","properties":{"network":"排水","diameter_mm":900,"material":"CP","depth_m":2.4},"geometry":{"type":"MultiLineString","coordinates":[[[126.9682505,46.6866469,0],[126.9683552,46.6866307,0]]]}},{"type":"Feature","properties":{"network":"排水","diameter_mm":1500,"material":"BR","depth_m":2.4},"geometry":{"type":"MultiLineString","coordinates":[[[127.0025199,46.621702,0],[127.0031706,46.6219984,0]]]}},{"type":"Feature","properties":{"network":"排水","diameter_mm":3000,"material":"CP","depth_m":2.4},"geometry":{"type":"MultiLineString","coordinates":[[[126.9242279,46.6796759,0],[126.9233814,46.6795001,0],[126.9233385,46.6794846,0],[126.923313,46.6794676,0],[126.9232868,46.6794408,0],[126.9232714,46.679417,0],[126.9232667,46.6793593,0],[126.9232656,46.6793229,0]]]}},{"type":"Feature","properties":{"network":"排水","diameter_mm":2250,"material":"BR","depth_m":2.4},"geometry":{"type":"MultiLineString","coordinates":[[[127.0011407,46.6251595,0],[127.0022836,46.6254097,0]]]}},{"type":"Feature","properties":{"network":"排水","diameter_mm":1650,"material":"BR","depth_m":2.4},"geometry":{"type":"MultiLineString","coordinates":[[[126.9755537,46.6713724,0],[126.9755629,46.6713724,0],[126.9761364,46.6714068,0],[126.9761954,46.6714084,0],[126.9762592,46.6714046,0],[126.9763397,46.6713982,0],[126.9775331,46.6713147,0],[126.9775725,46.6713126,0],[126.9776385,46.6713108,0],[126.9777422,46.6713103,0],[126.9778882,46.6713106,0],[126.9780215,46.6713193,0],[126.9781095,46.6713255,0],[126.9782231,46.671341,0],[126.9783008,46.671354,0],[126.9784387,46.6713846,0],[126.9788038,46.6714557,0],[126.9791294,46.6715341,0]]]}},{"type":"Feature","properties":{"network":"排水","diameter_mm":750,"material":"CP","depth_m":2.4},"geometry":{"type":"MultiLineString","coordinates":[[[126.9936365,46.7220104,0],[126.9942952,46.7215928,0]]]}},{"type":"Feature","properties":{"network":"排水","diameter_mm":900,"material":"CP","depth_m":2.4},"geometry":{"type":"MultiLineString","coordinates":[[[126.9683782,46.7245469,0],[126.9683729,46.7244227,0]]]}},{"type":"Feature","properties":{"network":"排水","diameter_mm":900,"material":"CP","depth_m":2.4},"geometry":{"type":"MultiLineString","coordinates":[[[126.9684094,46.7214537,0],[126.9686483,46.7205521,0]]]}},{"type":"Feature","properties":{"network":"排水","diameter_mm":1500,"material":"CP","depth_m":2.4},"geometry":{"type":"MultiLineString","coordinates":[[[126.9674011,46.7290322,0],[126.9674072,46.7290243,0],[126.9682401,46.727949,0],[126.9682473,46.7279356,0],[126.9682528,46.7279235,0],[126.9682567,46.7279137,0],[126.9682604,46.7279027,0],[126.9682627,46.7278945,0],[126.9682647,46.727886,0],[126.9682664,46.727877,0],[126.9682671,46.727873,0],[126.9682677,46.7278685,0],[126.9682686,46.7278596,0],[126.9684446,46.7265814,0],[126.9684574,46.7265149,0],[126.9684603,46.7264947,0],[126.9684608,46.7264813,0],[126.968439,46.725971,0],[126.9683782,46.7245469,0]]]}},{"type":"Feature","properties":{"network":"排水","diameter_mm":1800,"material":"UNK","depth_m":2.4},"geometry":{"type":"MultiLineString","coordinates":[[[126.9759598,46.694083,0],[126.9766804,46.6937093,0],[126.9767021,46.6937046,0],[126.9772857,46.6935135,0],[126.9777016,46.6933766,0],[126.9777296,46.693361,0],[126.9777579,46.6933393,0],[126.9778244,46.6932682,0]]]}},{"type":"Feature","properties":{"network":"排水","diameter_mm":3000,"material":"BR","depth_m":2.4},"geometry":{"type":"MultiLineString","coordinates":[[[126.9929921,46.6768759,0],[126.9931134,46.6767616,0],[126.9931782,46.6767201,0],[126.9950471,46.6755628,0]]]}},{"type":"Feature","properties":{"network":"排水","diameter_mm":900,"material":"CP","depth_m":2.4},"geometry":{"type":"MultiLineString","coordinates":[[[126.9682518,46.7221017,0],[126.9684094,46.7214537,0]]]}},{"type":"Feature","properties":{"network":"排水","diameter_mm":1350,"material":"CP","depth_m":2.4},"geometry":{"type":"MultiLineString","coordinates":[[[127.0160326,46.7421219,0],[127.0160326,46.7421139,0],[127.016034,46.7415203,0],[127.0160341,46.7415003,0],[127.0160365,46.7404475,0],[127.0160365,46.7404423,0]]]}},{"type":"Feature","properties":{"network":"排水","diameter_mm":1350,"material":"CP","depth_m":2.4},"geometry":{"type":"MultiLineString","coordinates":[[[127.0160365,46.7404423,0],[127.0160383,46.7404339,0],[127.016334,46.7390388,0],[127.0163484,46.7389707,0],[127.0163493,46.7389665,0]]]}},{"type":"Feature","properties":{"network":"排水","diameter_mm":1350,"material":"CP","depth_m":2.4},"geometry":{"type":"MultiLineString","coordinates":[[[127.0195762,46.738453,0],[127.0200275,46.738326,0],[127.0200418,46.7383215,0],[127.0200565,46.738316,0],[127.020075,46.7383079,0],[127.0200906,46.7382998,0],[127.0210357,46.7377785,0],[127.0210469,46.7377723,0]]]}},{"type":"Feature","properties":{"network":"排水","diameter_mm":1050,"material":"CP","depth_m":2.4},"geometry":{"type":"MultiLineString","coordinates":[[[126.9453505,46.7301707,0],[126.9453672,46.7301552,0],[126.9460034,46.7295639,0]]]}},{"type":"Feature","properties":{"network":"排水","diameter_mm":750,"material":"CP","depth_m":2.4},"geometry":{"type":"MultiLineString","coordinates":[[[126.9746609,46.7348174,0],[126.9746615,46.7347913,0]]]}},{"type":"Feature","properties":{"network":"排水","diameter_mm":1500,"material":"CP","depth_m":2.4},"geometry":{"type":"MultiLineString","coordinates":[[[126.9726312,46.7329848,0],[126.9711066,46.732634,0],[126.9674227,46.731791,0]]]}},{"type":"Feature","properties":{"network":"排水","diameter_mm":750,"material":"CP","depth_m":2.4},"geometry":{"type":"MultiLineString","coordinates":[[[126.9474874,46.6874098,0],[126.9466656,46.6872568,0],[126.9466004,46.6872446,0],[126.9451713,46.6869277,0],[126.9450138,46.6868928,0],[126.9449789,46.6868998,0]]]}},{"type":"Feature","properties":{"network":"排水","diameter_mm":3000,"material":"BR","depth_m":2.4},"geometry":{"type":"MultiLineString","coordinates":[[[126.9914844,46.6783763,0],[126.9915765,46.678251,0],[126.9929921,46.6768759,0]]]}},{"type":"Feature","properties":{"network":"排水","diameter_mm":600,"material":"CP","depth_m":2.4},"geometry":{"type":"MultiLineString","coordinates":[[[127.0515258,46.744225,0],[127.049844,46.7441013,0]]]}},{"type":"Feature","properties":{"network":"排水","diameter_mm":3000,"material":"BR","depth_m":2.4},"geometry":{"type":"MultiLineString","coordinates":[[[126.9950471,46.6755628,0],[126.9953116,46.6753809,0],[126.995819,46.6741162,0],[126.9958731,46.6740748,0],[126.9959628,46.6740456,0]]]}},{"type":"Feature","properties":{"network":"排水","diameter_mm":1350,"material":"CP","depth_m":2.4},"geometry":{"type":"MultiLineString","coordinates":[[[127.0272539,46.7346042,0],[127.0272551,46.7345968,0],[127.0272729,46.7344762,0],[127.027277,46.7344572,0],[127.027284,46.7344372,0],[127.0272926,46.7344197,0],[127.0273027,46.7344038,0],[127.0273144,46.7343888,0],[127.0273266,46.7343757,0],[127.0273457,46.7343587,0],[127.0279249,46.7338911,0],[127.028216,46.7336562,0],[127.0282249,46.733649,0]]]}},{"type":"Feature","properties":{"network":"排水","diameter_mm":1950,"material":"CP","depth_m":2.4},"geometry":{"type":"MultiLineString","coordinates":[[[126.9703203,46.6254482,0],[126.9703896,46.6254632,0],[126.9704407,46.6254955,0]]]}},{"type":"Feature","properties":{"network":"排水","diameter_mm":450,"material":"CP","depth_m":2.4},"geometry":{"type":"MultiLineString","coordinates":[[[126.9593439,46.7223136,0],[126.9590731,46.7218982,0]]]}},{"type":"Feature","properties":{"network":"排水","diameter_mm":525,"material":"CP","depth_m":2.4},"geometry":{"type":"MultiLineString","coordinates":[[[126.9588644,46.7204987,0],[126.9584777,46.7212654,0]]]}},{"type":"Feature","properties":{"network":"排水","diameter_mm":300,"material":"UNK","depth_m":2.4},"geometry":{"type":"MultiLineString","coordinates":[[[126.9590731,46.7218982,0],[126.9588276,46.7216379,0],[126.9587239,46.7215279,0]]]}},{"type":"Feature","properties":{"network":"排水","diameter_mm":975,"material":"CP","depth_m":2.4},"geometry":{"type":"MultiLineString","coordinates":[[[127.075603,46.6398142,0],[127.075021,46.6395524,0]]]}},{"type":"Feature","properties":{"network":"排水","diameter_mm":675,"material":"CP","depth_m":2.4},"geometry":{"type":"MultiLineString","coordinates":[[[126.9839093,46.7267398,0],[126.9848984,46.726437,0],[126.9849245,46.7264291,0],[126.9850324,46.726396,0],[126.9851404,46.726363,0]]]}},{"type":"Feature","properties":{"network":"排水","diameter_mm":1200,"material":"CP","depth_m":2.4},"geometry":{"type":"MultiLineString","coordinates":[[[126.9431618,46.6919256,0],[126.9431652,46.6919185,0],[126.9431805,46.6918968,0],[126.9432696,46.6917698,0],[126.9432845,46.6917487,0],[126.9432845,46.6917486,0],[126.9433226,46.6916944,0],[126.9433226,46.6916943,0],[126.9433292,46.6916849,0]]]}},{"type":"Feature","properties":{"network":"排水","diameter_mm":2550,"material":"BR","depth_m":2.4},"geometry":{"type":"MultiLineString","coordinates":[[[126.9864288,46.6875434,0],[126.9868521,46.6864049,0]]]}},{"type":"Feature","properties":{"network":"排水","diameter_mm":750,"material":"CP","depth_m":2.4},"geometry":{"type":"MultiLineString","coordinates":[[[126.9918782,46.7233261,0],[126.9925706,46.7225985,0]]]}},{"type":"Feature","properties":{"network":"排水","diameter_mm":1200,"material":"CP","depth_m":2.4},"geometry":{"type":"MultiLineString","coordinates":[[[127.010477,46.7482244,0],[127.010478,46.7482151,0],[127.0105131,46.747903,0],[127.0105175,46.7478629,0],[127.0106172,46.7469746,0],[127.0106188,46.7469604,0]]]}},{"type":"Feature","properties":{"network":"排水","diameter_mm":3000,"material":"CP","depth_m":2.4},"geometry":{"type":"MultiLineString","coordinates":[[[126.9874523,46.6849258,0],[126.9874819,46.6849095,0],[126.9878499,46.6840234,0]]]}},{"type":"Feature","properties":{"network":"排水","diameter_mm":675,"material":"CP","depth_m":2.4},"geometry":{"type":"MultiLineString","coordinates":[[[126.9876433,46.7258765,0],[126.9886638,46.7258275,0],[126.9886781,46.7258262,0],[126.988692,46.7258244,0],[126.98871,46.7258213,0],[126.988727,46.7258175,0],[126.9887422,46.7258134,0],[126.9887598,46.7258076,0],[126.9887785,46.7258003,0],[126.9887958,46.7257923,0],[126.9888137,46.7257825,0],[126.98883,46.725772,0],[126.9888387,46.7257657,0],[126.9888474,46.7257587,0],[126.9888549,46.7257522,0],[126.9888625,46.7257449,0],[126.9888725,46.7257344,0]]]}},{"type":"Feature","properties":{"network":"排水","diameter_mm":1950,"material":"CP","depth_m":2.4},"geometry":{"type":"MultiLineString","coordinates":[[[126.9702491,46.6254328,0],[126.9703203,46.6254482,0]]]}},{"type":"Feature","properties":{"network":"排水","diameter_mm":675,"material":"CP","depth_m":2.4},"geometry":{"type":"MultiLineString","coordinates":[[[126.9888725,46.7257344,0],[126.9891387,46.7254251,0],[126.9892084,46.7253442,0],[126.9894148,46.7251044,0]]]}},{"type":"Feature","properties":{"network":"排水","diameter_mm":675,"material":"CP","depth_m":2.4},"geometry":{"type":"MultiLineString","coordinates":[[[126.9894148,46.7251044,0],[126.990057,46.7243723,0]]]}},{"type":"Feature","properties":{"network":"排水","diameter_mm":3300,"material":"BR","depth_m":2.4},"geometry":{"type":"MultiLineString","coordinates":[[[126.9985939,46.6745651,0],[127.0024383,46.6753929,0]]]}},{"type":"Feature","properties":{"network":"排水","diameter_mm":675,"material":"CP","depth_m":2.4},"geometry":{"type":"MultiLineString","coordinates":[[[126.999522,46.752015,0],[126.9997377,46.7520537,0],[126.9997607,46.7520564,0],[126.9997832,46.7520579,0],[127.0008954,46.7520828,0]]]}},{"type":"Feature","properties":{"network":"排水","diameter_mm":1200,"material":"CP","depth_m":2.4},"geometry":{"type":"MultiLineString","coordinates":[[[127.006352,46.7507797,0],[127.0063581,46.7507608,0],[127.0063778,46.7507396,0],[127.0063821,46.7507305,0],[127.0063874,46.7507174,0],[127.0063922,46.7507022,0],[127.0063956,46.750688,0],[127.0065321,46.7497678,0],[127.0065378,46.7497415,0],[127.0065427,46.7497259,0],[127.0065455,46.7497164,0]]]}},{"type":"Feature","properties":{"network":"排水","diameter_mm":1200,"material":"CP","depth_m":2.4},"geometry":{"type":"MultiLineString","coordinates":[[[127.0106188,46.7469604,0],[127.0106194,46.7469532,0],[127.0106205,46.7469379,0],[127.0106231,46.7469248,0],[127.0106279,46.7469099,0],[127.0106341,46.746896,0],[127.0106416,46.7468829,0],[127.01065,46.746871,0],[127.0106587,46.7468607,0],[127.0106743,46.7468454,0],[127.0113541,46.7462503,0],[127.0114319,46.7461822,0],[127.0116985,46.7459487,0],[127.0117055,46.7459426,0]]]}},{"type":"Feature","properties":{"network":"排水","diameter_mm":675,"material":"CP","depth_m":2.4},"geometry":{"type":"MultiLineString","coordinates":[[[127.001909,46.7521137,0],[127.0019554,46.7521156,0],[127.0019707,46.7521172,0],[127.0019852,46.7521194,0],[127.0019988,46.7521223,0],[127.0020124,46.7521258,0],[127.0020268,46.7521305,0],[127.0020406,46.7521359,0],[127.00206,46.7521453,0],[127.0024964,46.7523215,0],[127.0025107,46.752328,0],[127.0025283,46.7523345,0],[127.0025446,46.7523392,0],[127.0025619,46.7523429,0],[127.002576,46.7523451,0],[127.002591,46.7523466,0],[127.0026076,46.7523473,0],[127.0026238,46.752347,0],[127.00264,46.7523458,0],[127.0026635,46.7523421,0],[127.0027333,46.7523125,0]]]}},{"type":"Feature","properties":{"network":"排水","diameter_mm":1500,"material":"CP","depth_m":2.4},"geometry":{"type":"MultiLineString","coordinates":[[[126.958709,46.7217232,0],[126.9588276,46.7216379,0],[126.9603613,46.7205349,0],[126.960473,46.7204546,0],[126.9604771,46.7204523,0],[126.9605327,46.7204209,0],[126.9626234,46.719278,0]]]}},{"type":"Feature","properties":{"network":"排水","diameter_mm":3000,"material":"CP","depth_m":2.4},"geometry":{"type":"MultiLineString","coordinates":[[[126.9887088,46.6819671,0],[126.9886953,46.6819496,0],[126.9894004,46.6801328,0],[126.9894072,46.6801201,0],[126.9894149,46.6801084,0],[126.9894232,46.6800967,0],[126.9894408,46.6800778,0],[126.989469,46.6800528,0],[126.9894988,46.6800307,0],[126.9895324,46.6800106,0],[126.9895551,46.6800043,0]]]}},{"type":"Feature","properties":{"network":"排水","diameter_mm":900,"material":"VCP","depth_m":2.4},"geometry":{"type":"MultiLineString","coordinates":[[[127.0263457,46.7365509,0],[127.0263489,46.7364384,0]]]}},{"type":"Feature","properties":{"network":"排水","diameter_mm":1350,"material":"CP","depth_m":2.4},"geometry":{"type":"MultiLineString","coordinates":[[[127.0222852,46.7371558,0],[127.0222921,46.7371556,0],[127.0240255,46.7370868,0],[127.0240365,46.7370863,0]]]}},{"type":"Feature","properties":{"network":"排水","diameter_mm":1350,"material":"CP","depth_m":2.4},"geometry":{"type":"MultiLineString","coordinates":[[[126.9858196,46.7124358,0],[126.9858308,46.7124321,0],[126.9865859,46.712179,0],[126.9865948,46.7121758,0],[126.9866041,46.7121721,0],[126.9866042,46.7121721,0],[126.9866178,46.7121661,0],[126.9866299,46.7121601,0],[126.9866426,46.7121532,0],[126.9866538,46.7121463,0],[126.9866643,46.7121393,0],[126.9866745,46.7121317,0],[126.9866836,46.7121243,0],[126.9866929,46.7121159,0],[126.9867027,46.712106,0],[126.9867138,46.7120931,0],[126.9867228,46.7120809,0],[126.9867291,46.7120711,0],[126.9867353,46.7120597,0],[126.9867404,46.7120488,0],[126.986745,46.7120367,0],[126.986749,46.7120227,0],[126.9868055,46.7116755,0]]]}},{"type":"Feature","properties":{"network":"排水","diameter_mm":2100,"material":"CP","depth_m":2.4},"geometry":{"type":"MultiLineString","coordinates":[[[126.9794755,46.6923993,0],[126.9795623,46.6923717,0],[126.9795787,46.6923665,0],[126.979597,46.6923607,0],[126.9796158,46.6923553,0],[126.9796337,46.6923506,0],[126.9796536,46.6923458,0],[126.9796738,46.6923411,0],[126.9796932,46.6923369,0],[126.979716,46.6923324,0],[126.9797367,46.6923285,0],[126.9797567,46.6923251,0],[126.9798384,46.6923142,0],[126.9799321,46.692307,0],[126.9799684,46.6923053,0],[126.9800004,46.6923041,0],[126.9800273,46.6923036,0],[126.9800537,46.6923032,0],[126.9800812,46.6923031,0],[126.9801094,46.6923034,0],[126.9801359,46.6923057,0],[126.9801626,46.6923087,0],[126.9801844,46.6923113,0],[126.9802083,46.6923143,0],[126.9802371,46.6923181,0],[126.9802645,46.6923219,0],[126.9802961,46.6923265,0],[126.9804101,46.6923452,0],[126.9804284,46.6923487,0],[126.9804431,46.6923517,0],[126.9804613,46.6923561,0],[126.9804786,46.6923606,0],[126.9804975,46.6923658,0],[126.9805165,46.6923716,0],[126.9805373,46.6923786,0],[126.9805586,46.6923861,0],[126.9815696,46.6927754,0],[126.9815954,46.6927845,0],[126.9816237,46.6927927,0],[126.9816429,46.692798,0],[126.9816661,46.692804,0],[126.9816874,46.6928091,0],[126.9817106,46.6928143,0],[126.9817302,46.6928183,0],[126.9817534,46.6928227,0],[126.9817766,46.6928268,0],[126.9817985,46.6928303,0],[126.9818244,46.6928342,0],[126.9818581,46.6928388,0],[126.9819336,46.6928477,0],[126.9819657,46.6928509,0],[126.9819966,46.6928536,0],[126.9820241,46.6928556,0],[126.9820618,46.692858,0],[126.9820958,46.6928598,0],[126.9821279,46.692861,0],[126.9821552,46.692861,0],[126.9821882,46.6928598,0],[126.982216,46.6928577,0],[126.9822424,46.6928546,0],[126.9822755,46.6928493,0],[126.982305,46.6928426,0],[126.9823276,46.6928356,0],[126.9823587,46.6928234,0],[126.9824104,46.6927984,0]]]}},{"type":"Feature","properties":{"network":"排水","diameter_mm":1500,"material":"CP","depth_m":2.4},"geometry":{"type":"MultiLineString","coordinates":[[[126.9226122,46.662315,0],[126.9225649,46.6623033,0]]]}},{"type":"Feature","properties":{"network":"排水","diameter_mm":1200,"material":"CP","depth_m":2.4},"geometry":{"type":"MultiLineString","coordinates":[[[127.0070628,46.7493035,0],[127.0070815,46.7492981,0],[127.0076052,46.749153,0],[127.008423,46.7489262,0],[127.0084648,46.7489146,0],[127.0088503,46.7488076,0],[127.0088601,46.7488051,0]]]}},{"type":"Feature","properties":{"network":"排水","diameter_mm":675,"material":"CP","depth_m":2.4},"geometry":{"type":"MultiLineString","coordinates":[[[126.9822385,46.7340251,0],[126.9822384,46.7340129,0],[126.9825235,46.7338355,0]]]}},{"type":"Feature","properties":{"network":"排水","diameter_mm":2100,"material":"CP","depth_m":2.4},"geometry":{"type":"MultiLineString","coordinates":[[[127.0515137,46.7442213,0],[127.0498306,46.7440979,0]]]}},{"type":"Feature","properties":{"network":"排水","diameter_mm":1500,"material":"CP","depth_m":2.4},"geometry":{"type":"MultiLineString","coordinates":[[[126.9225649,46.6623033,0],[126.9218627,46.6621297,0],[126.9217698,46.6621067,0],[126.9216929,46.6620879,0],[126.9216911,46.6620874,0],[126.9216467,46.6620765,0],[126.9216332,46.6620732,0],[126.9216189,46.6620701,0],[126.9216058,46.6620679,0],[126.9215758,46.6620643,0],[126.9215574,46.6620632,0],[126.9215369,46.6620629,0],[126.9215175,46.6620636,0],[126.921498,46.6620651,0],[126.9214793,46.6620674,0],[126.9214649,46.6620696,0],[126.9214394,46.6620753,0],[126.9214185,46.6620815,0],[126.9213963,46.6620889,0],[126.9213729,46.6620983,0],[126.9213475,46.6621123,0],[126.9213239,46.662127,0],[126.9212995,46.6621469,0],[126.9212808,46.6621664,0],[126.921266,46.6621875,0],[126.9212537,46.6622085,0],[126.9212399,46.6622315,0],[126.9212271,46.6622491,0],[126.9212183,46.6622599,0],[126.921201,46.6622736,0],[126.9211742,46.6622909,0]]]}},{"type":"Feature","properties":{"network":"排水","diameter_mm":2286,"material":"CP","depth_m":2.4},"geometry":{"type":"MultiLineString","coordinates":[[[126.8925311,46.6468913,0],[126.8918309,46.6467204,0]]]}},{"type":"Feature","properties":{"network":"排水","diameter_mm":1500,"material":"CP","depth_m":2.4},"geometry":{"type":"MultiLineString","coordinates":[[[127.058566,46.6394437,0],[127.0589798,46.6384517,0],[127.0589842,46.63844,0],[127.0589834,46.6384293,0],[127.0589781,46.6384208,0],[127.0589748,46.6384177,0],[127.0583288,46.6379117,0],[127.0583196,46.6379051,0],[127.0583135,46.6378975,0],[127.0583088,46.637887,0],[127.0583078,46.6378765,0],[127.0583152,46.6377288,0]]]}},{"type":"Feature","properties":{"network":"排水","diameter_mm":1350,"material":"CP","depth_m":2.4},"geometry":{"type":"MultiLineString","coordinates":[[[127.0210469,46.7377723,0],[127.0210515,46.7377698,0],[127.0220979,46.7371985,0],[127.0221129,46.737191,0],[127.0221286,46.7371842,0],[127.0221439,46.7371784,0],[127.0221598,46.7371732,0],[127.0221758,46.7371688,0],[127.0221932,46.7371648,0],[127.02221,46.7371618,0],[127.0222271,46.7371595,0],[127.022239,46.7371583,0],[127.0222542,46.7371573,0],[127.0222741,46.7371563,0],[127.0222852,46.7371558,0]]]}},{"type":"Feature","properties":{"network":"排水","diameter_mm":600,"material":"CP","depth_m":2.4},"geometry":{"type":"MultiLineString","coordinates":[[[127.049844,46.7441013,0],[127.0488647,46.7440289,0],[127.0481871,46.7439788,0]]]}},{"type":"Feature","properties":{"network":"排水","diameter_mm":2100,"material":"CP","depth_m":2.4},"geometry":{"type":"MultiLineString","coordinates":[[[127.0481755,46.7439761,0],[127.0463208,46.7438313,0],[127.0462787,46.743825,0]]]}},{"type":"Feature","properties":{"network":"排水","diameter_mm":600,"material":"CP","depth_m":2.4},"geometry":{"type":"MultiLineString","coordinates":[[[126.9856369,46.7305975,0],[126.9856099,46.7305865,0],[126.9853727,46.7301965,0],[126.9853714,46.7301767,0]]]}},{"type":"Feature","properties":{"network":"排水","diameter_mm":600,"material":"CP","depth_m":2.4},"geometry":{"type":"MultiLineString","coordinates":[[[127.0548796,46.7444707,0],[127.0532047,46.7443477,0]]]}},{"type":"Feature","properties":{"network":"排水","diameter_mm":1050,"material":"CP","depth_m":2.4},"geometry":{"type":"MultiLineString","coordinates":[[[126.9490913,46.7267405,0],[126.9498281,46.7262542,0]]]}},{"type":"Feature","properties":{"network":"排水","diameter_mm":1050,"material":"CP","depth_m":2.4},"geometry":{"type":"MultiLineString","coordinates":[[[126.9476245,46.7273252,0],[126.94906,46.7267586,0],[126.9490646,46.7267563,0],[126.9490697,46.7267536,0],[126.9490745,46.7267509,0],[126.9490809,46.7267472,0],[126.949084,46.7267453,0],[126.9490913,46.7267405,0]]]}},{"type":"Feature","properties":{"network":"排水","diameter_mm":1050,"material":"CP","depth_m":2.4},"geometry":{"type":"MultiLineString","coordinates":[[[126.9498281,46.7262542,0],[126.9505734,46.7257614,0]]]}},{"type":"Feature","properties":{"network":"排水","diameter_mm":675,"material":"CP","depth_m":2.4},"geometry":{"type":"MultiLineString","coordinates":[[[126.9833342,46.7332947,0],[126.9835121,46.7331792,0]]]}},{"type":"Feature","properties":{"network":"排水","diameter_mm":675,"material":"CP","depth_m":2.4},"geometry":{"type":"MultiLineString","coordinates":[[[126.9851752,46.7298903,0],[126.9847084,46.7291476,0]]]}},{"type":"Feature","properties":{"network":"排水","diameter_mm":3600,"material":"CP","depth_m":2.4},"geometry":{"type":"MultiLineString","coordinates":[[[126.9480738,46.6643501,0],[126.94819,46.6643572,0]]]}},{"type":"Feature","properties":{"network":"排水","diameter_mm":1050,"material":"CP","depth_m":2.4},"geometry":{"type":"MultiLineString","coordinates":[[[126.9413595,46.7327649,0],[126.9424182,46.7323044,0]]]}},{"type":"Feature","properties":{"network":"排水","diameter_mm":3300,"material":"BR","depth_m":2.4},"geometry":{"type":"MultiLineString","coordinates":[[[127.0024383,46.6753929,0],[127.0058677,46.6760747,0]]]}},{"type":"Feature","properties":{"network":"排水","diameter_mm":2700,"material":"CP","depth_m":2.4},"geometry":{"type":"MultiLineString","coordinates":[[[126.9931194,46.6734426,0],[126.9959045,46.6740257,0]]]}},{"type":"Feature","properties":{"network":"排水","diameter_mm":1500,"material":"CP","depth_m":2.4},"geometry":{"type":"MultiLineString","coordinates":[[[127.0183835,46.6275528,0],[127.0184633,46.6275931,0],[127.0185258,46.627603,0],[127.0186898,46.6276169,0],[127.0189945,46.6276478,0],[127.0191917,46.627666,0],[127.0192483,46.6276716,0],[127.0192838,46.6276798,0]]]}},{"type":"Feature","properties":{"network":"排水","diameter_mm":1500,"material":"CP","depth_m":2.4},"geometry":{"type":"MultiLineString","coordinates":[[[127.0192838,46.6276798,0],[127.0202988,46.6279069,0]]]}},{"type":"Feature","properties":{"network":"排水","diameter_mm":1500,"material":"CP","depth_m":2.4},"geometry":{"type":"MultiLineString","coordinates":[[[127.0911185,46.6714425,0],[127.0910298,46.6716803,0],[127.0910189,46.6717045,0],[127.0910103,46.6717172,0],[127.0909994,46.6717273,0],[127.0909845,46.6717352,0],[127.0909347,46.6717577,0]]]}},{"type":"Feature","properties":{"network":"排水","diameter_mm":1050,"material":"CP","depth_m":2.4},"geometry":{"type":"MultiLineString","coordinates":[[[127.067504,46.6371038,0],[127.0671695,46.636926,0]]]}},{"type":"Feature","properties":{"network":"排水","diameter_mm":1050,"material":"CP","depth_m":2.4},"geometry":{"type":"MultiLineString","coordinates":[[[127.0637072,46.6361474,0],[127.0632472,46.6361541,0]]]}},{"type":"Feature","properties":{"network":"排水","diameter_mm":1500,"material":"CP","depth_m":2.4},"geometry":{"type":"MultiLineString","coordinates":[[[127.0155596,46.6259477,0],[127.01623,46.6263307,0]]]}},{"type":"Feature","properties":{"network":"排水","diameter_mm":1500,"material":"CP","depth_m":2.4},"geometry":{"type":"MultiLineString","coordinates":[[[127.01623,46.6263307,0],[127.0169535,46.6267369,0]]]}},{"type":"Feature","properties":{"network":"排水","diameter_mm":1500,"material":"CP","depth_m":2.4},"geometry":{"type":"MultiLineString","coordinates":[[[127.0169535,46.6267369,0],[127.017689,46.6271608,0]]]}},{"type":"Feature","properties":{"network":"排水","diameter_mm":1600,"material":"CP","depth_m":2.4},"geometry":{"type":"MultiLineString","coordinates":[[[126.9973616,46.6192809,0],[126.9975768,46.6193284,0]]]}},{"type":"Feature","properties":{"network":"排水","diameter_mm":1500,"material":"CP","depth_m":2.4},"geometry":{"type":"MultiLineString","coordinates":[[[126.9959826,46.6188415,0],[126.9963965,46.6189285,0],[126.9965936,46.6189443,0]]]}},{"type":"Feature","properties":{"network":"排水","diameter_mm":1800,"material":"CP","depth_m":2.4},"geometry":{"type":"MultiLineString","coordinates":[[[126.9954564,46.6188716,0],[126.9954938,46.6188553,0],[126.9955282,46.6188404,0]]]}},{"type":"Feature","properties":{"network":"排水","diameter_mm":1650,"material":"CP","depth_m":2.4},"geometry":{"type":"MultiLineString","coordinates":[[[127.0535484,46.6363955,0],[127.0548277,46.6366841,0]]]}},{"type":"Feature","properties":{"network":"排水","diameter_mm":2400,"material":"CP","depth_m":2.4},"geometry":{"type":"MultiLineString","coordinates":[[[126.9744996,46.6947698,0],[126.9745703,46.694758,0],[126.9746812,46.6947041,0],[126.9753405,46.6943836,0],[126.9759598,46.694083,0]]]}},{"type":"Feature","properties":{"network":"排水","diameter_mm":1500,"material":"CP","depth_m":2.4},"geometry":{"type":"MultiLineString","coordinates":[[[127.0575301,46.6419634,0],[127.0576918,46.6415828,0]]]}},{"type":"Feature","properties":{"network":"排水","diameter_mm":1500,"material":"CP","depth_m":2.4},"geometry":{"type":"MultiLineString","coordinates":[[[127.0574177,46.6422016,0],[127.0575187,46.6419573,0]]]}},{"type":"Feature","properties":{"network":"排水","diameter_mm":2700,"material":"UNK","depth_m":2.4},"geometry":{"type":"MultiLineString","coordinates":[[[126.9959045,46.6740257,0],[126.9959628,46.6740456,0]]]}},{"type":"Feature","properties":{"network":"排水","diameter_mm":1500,"material":"CP","depth_m":2.4},"geometry":{"type":"MultiLineString","coordinates":[[[127.0156854,46.6255838,0],[127.0155877,46.6256738,0],[127.0155351,46.6257221,0],[127.0155,46.6257548,0],[127.0154816,46.6257761,0],[127.0154709,46.6257945,0],[127.015465,46.6258116,0],[127.0154631,46.6258279,0],[127.0154632,46.6258442,0],[127.0154681,46.6258655,0],[127.0154789,46.6258889,0],[127.0154994,46.6259123,0],[127.0155596,46.6259477,0]]]}},{"type":"Feature","properties":{"network":"排水","diameter_mm":750,"material":"CP","depth_m":2.4},"geometry":{"type":"MultiLineString","coordinates":[[[127.0820211,46.6411831,0],[127.0812822,46.6408826,0]]]}},{"type":"Feature","properties":{"network":"排水","diameter_mm":825,"material":"CP","depth_m":2.4},"geometry":{"type":"MultiLineString","coordinates":[[[127.0239707,46.6289797,0],[127.0240116,46.6289721,0],[127.0244894,46.629083,0],[127.0245191,46.6290833,0]]]}},{"type":"Feature","properties":{"network":"排水","diameter_mm":300,"material":"VCP","depth_m":2.4},"geometry":{"type":"MultiLineString","coordinates":[[[127.0247224,46.6356621,0],[127.0247272,46.6356556,0]]]}},{"type":"Feature","properties":{"network":"排水","diameter_mm":975,"material":"CP","depth_m":2.4},"geometry":{"type":"MultiLineString","coordinates":[[[127.0757925,46.6398833,0],[127.075603,46.6398142,0]]]}},{"type":"Feature","properties":{"network":"排水","diameter_mm":750,"material":"CP","depth_m":2.4},"geometry":{"type":"MultiLineString","coordinates":[[[126.9156206,46.7496022,0],[126.9143694,46.748987,0]]]}},{"type":"Feature","properties":{"network":"排水","diameter_mm":1650,"material":"CP","depth_m":2.4},"geometry":{"type":"MultiLineString","coordinates":[[[126.9936926,46.6185445,0],[126.9937639,46.618541,0],[126.9938551,46.6185437,0],[126.9939345,46.6185484,0],[126.994003,46.6185554,0],[126.994142,46.6185854,0]]]}},{"type":"Feature","properties":{"network":"排水","diameter_mm":2700,"material":"CP","depth_m":2.4},"geometry":{"type":"MultiLineString","coordinates":[[[127.0334795,46.6380367,0],[127.0334774,46.6380409,0],[127.0334715,46.6380532,0],[127.0334706,46.638056,0],[127.0334699,46.6380586,0],[127.0334689,46.638064,0],[127.0334693,46.638069,0],[127.0334707,46.6380766,0],[127.0334727,46.6380815,0],[127.0334791,46.6380963,0]]]}},{"type":"Feature","properties":{"network":"排水","diameter_mm":750,"material":"CP","depth_m":2.4},"geometry":{"type":"MultiLineString","coordinates":[[[126.9170768,46.7502304,0],[126.9156206,46.7496022,0]]]}},{"type":"Feature","properties":{"network":"排水","diameter_mm":1650,"material":"CP","depth_m":2.4},"geometry":{"type":"MultiLineString","coordinates":[[[127.0279561,46.62961,0],[127.0291649,46.6298828,0]]]}},{"type":"Feature","properties":{"network":"排水","diameter_mm":1650,"material":"CP","depth_m":2.4},"geometry":{"type":"MultiLineString","coordinates":[[[127.0291649,46.6298828,0],[127.0304714,46.6301775,0]]]}},{"type":"Feature","properties":{"network":"排水","diameter_mm":1800,"material":"CP","depth_m":2.4},"geometry":{"type":"MultiLineString","coordinates":[[[126.8913393,46.6034181,0],[126.8931609,46.603823,0],[126.8936454,46.6039276,0],[126.8937202,46.6039535,0],[126.8937678,46.6039734,0],[126.8938992,46.6040461,0],[126.893993,46.6041164,0],[126.8940864,46.6042164,0],[126.8941487,46.60432,0],[126.894152,46.6043278,0],[126.8941643,46.6043573,0],[126.8941767,46.6043887,0],[126.8941938,46.6044477,0],[126.8942097,46.6045277,0],[126.894211,46.604581,0],[126.8942071,46.6046315,0],[126.8941979,46.6046713,0],[126.8941695,46.6047564,0],[126.8940866,46.6049747,0]]]}},{"type":"Feature","properties":{"network":"排水","diameter_mm":900,"material":"CP","depth_m":2.4},"geometry":{"type":"MultiLineString","coordinates":[[[126.862332,46.6748703,0],[126.8623394,46.6748558,0],[126.8623487,46.6748465,0],[126.862366,46.6748365,0],[126.8623867,46.674824,0],[126.8632023,46.6744217,0]]]}},{"type":"Feature","properties":{"network":"排水","diameter_mm":750,"material":"CP","depth_m":2.4},"geometry":{"type":"MultiLineString","coordinates":[[[126.8932232,46.647057,0],[126.8925311,46.6468913,0]]]}},{"type":"Feature","properties":{"network":"排水","diameter_mm":1525,"material":"CP","depth_m":2.4},"geometry":{"type":"MultiLineString","coordinates":[[[127.0912189,46.6711432,0],[127.0912166,46.6711652,0],[127.0912096,46.6711967,0],[127.0911185,46.6714425,0]]]}},{"type":"Feature","properties":{"network":"排水","diameter_mm":300,"material":"VCP","depth_m":2.4},"geometry":{"type":"MultiLineString","coordinates":[[[127.007151,46.6458164,0],[127.0071231,46.6457714,0]]]}},{"type":"Feature","properties":{"network":"排水","diameter_mm":1800,"material":"CP","depth_m":2.4},"geometry":{"type":"MultiLineString","coordinates":[[[127.0335455,46.6381261,0],[127.0335515,46.6381273,0],[127.0345339,46.6383293,0]]]}},{"type":"Feature","properties":{"network":"排水","diameter_mm":1050,"material":"CP","depth_m":2.4},"geometry":{"type":"MultiLineString","coordinates":[[[126.8608685,46.6784472,0],[126.8608803,46.6784216,0],[126.8608809,46.6784204,0],[126.8609366,46.6782994,0],[126.8610548,46.6780426,0]]]}},{"type":"Feature","properties":{"network":"排水","diameter_mm":1050,"material":"CP","depth_m":2.4},"geometry":{"type":"MultiLineString","coordinates":[[[127.0795122,46.6841541,0],[127.0795456,46.6840722,0]]]}},{"type":"Feature","properties":{"network":"排水","diameter_mm":1500,"material":"CP","depth_m":2.4},"geometry":{"type":"MultiLineString","coordinates":[[[127.0308604,46.6411996,0],[127.0308563,46.6411963,0],[127.0307695,46.6411272,0],[127.0307452,46.6411047,0],[127.0307261,46.6410812,0],[127.0307157,46.6410595,0],[127.0307115,46.6410393,0],[127.0307151,46.6410134,0],[127.0308751,46.640627,0]]]}},{"type":"Feature","properties":{"network":"排水","diameter_mm":900,"material":"UNK","depth_m":2.4},"geometry":{"type":"MultiLineString","coordinates":[[[127.0203144,46.6342404,0],[127.0203722,46.6342499,0],[127.0207247,46.6343081,0]]]}},{"type":"Feature","properties":{"network":"排水","diameter_mm":900,"material":"BR","depth_m":2.4},"geometry":{"type":"MultiLineString","coordinates":[[[127.0917761,46.662322,0],[127.0917485,46.6623168,0]]]}},{"type":"Feature","properties":{"network":"排水","diameter_mm":675,"material":"CP","depth_m":2.4},"geometry":{"type":"MultiLineString","coordinates":[[[126.9125278,46.725441,0],[126.9126123,46.7250523,0]]]}},{"type":"Feature","properties":{"network":"排水","diameter_mm":675,"material":"CP","depth_m":2.4},"geometry":{"type":"MultiLineString","coordinates":[[[127.0826591,46.6414867,0],[127.0821004,46.6413302,0]]]}},{"type":"Feature","properties":{"network":"排水","diameter_mm":1350,"material":"CP","depth_m":2.4},"geometry":{"type":"MultiLineString","coordinates":[[[126.8731125,46.6810274,0],[126.8731148,46.6810226,0],[126.8731204,46.6810111,0],[126.8731232,46.6810054,0],[126.8731271,46.6809982,0],[126.873131,46.6809916,0],[126.8731346,46.6809863,0],[126.8731372,46.6809825,0],[126.8731408,46.6809778,0],[126.873145,46.6809727,0],[126.8731492,46.6809679,0],[126.8731493,46.6809677,0],[126.8731505,46.6809664,0],[126.8741904,46.6798241,0]]]}},{"type":"Feature","properties":{"network":"排水","diameter_mm":1350,"material":"CP","depth_m":2.4},"geometry":{"type":"MultiLineString","coordinates":[[[126.8727388,46.6817569,0],[126.8727398,46.6817303,0],[126.8727397,46.6817244,0],[126.87274,46.6817179,0],[126.872741,46.6817106,0],[126.8727419,46.6817061,0],[126.8727434,46.6817008,0],[126.8727453,46.6816955,0],[126.872748,46.6816891,0],[126.8727501,46.681685,0],[126.8727523,46.6816811,0],[126.8727542,46.681678,0],[126.8730999,46.6810502,0],[126.8731125,46.6810274,0]]]}},{"type":"Feature","properties":{"network":"排水","diameter_mm":750,"material":"CP","depth_m":2.4},"geometry":{"type":"MultiLineString","coordinates":[[[126.9179171,46.7512783,0],[126.9170768,46.7502304,0]]]}},{"type":"Feature","properties":{"network":"排水","diameter_mm":2286,"material":"CP","depth_m":2.4},"geometry":{"type":"MultiLineString","coordinates":[[[126.8939612,46.647234,0],[126.8932232,46.647057,0]]]}},{"type":"Feature","properties":{"network":"排水","diameter_mm":1975,"material":"CP","depth_m":2.4},"geometry":{"type":"MultiLineString","coordinates":[[[126.8949219,46.6474722,0],[126.8946835,46.6474291,0],[126.8943783,46.6473374,0]]]}},{"type":"Feature","properties":{"network":"排水","diameter_mm":600,"material":"UNK","depth_m":2.4},"geometry":{"type":"MultiLineString","coordinates":[[[127.0482998,46.6440571,0],[127.0483187,46.6440581,0],[127.0483376,46.6440591,0]]]}},{"type":"Feature","properties":{"network":"排水","diameter_mm":1524,"material":"CP","depth_m":2.4},"geometry":{"type":"MultiLineString","coordinates":[[[126.8901671,46.6469209,0],[126.8899125,46.64748,0]]]}},{"type":"Feature","properties":{"network":"排水","diameter_mm":900,"material":"UNK","depth_m":2.4},"geometry":{"type":"MultiLineString","coordinates":[[[127.0912165,46.6711265,0],[127.0912089,46.6711281,0],[127.0911708,46.671136,0],[127.0911707,46.671136,0],[127.0911626,46.6711376,0]]]}},{"type":"Feature","properties":{"network":"排水","diameter_mm":750,"material":"UNK","depth_m":2.4},"geometry":{"type":"MultiLineString","coordinates":[[[127.053524,46.6448376,0],[127.0535621,46.6448502,0],[127.0536003,46.6448627,0]]]}},{"type":"Feature","properties":{"network":"排水","diameter_mm":1500,"material":"CP","depth_m":2.4},"geometry":{"type":"MultiLineString","coordinates":[[[126.9406346,46.6230215,0],[126.9405836,46.6230579,0],[126.9405772,46.6230738,0],[126.9405598,46.6231309,0],[126.9405688,46.6231426,0]]]}},{"type":"Feature","properties":{"network":"排水","diameter_mm":1650,"material":"CP","depth_m":2.4},"geometry":{"type":"MultiLineString","coordinates":[[[126.9990894,46.6247074,0],[126.999098,46.6246863,0],[126.9990298,46.6246164,0],[126.9989905,46.6246172,0]]]}},{"type":"Feature","properties":{"network":"排水","diameter_mm":1650,"material":"CP","depth_m":2.4},"geometry":{"type":"MultiLineString","coordinates":[[[127.0004413,46.6208041,0],[127.0004466,46.6208065,0],[127.0004663,46.6208152,0]]]}},{"type":"Feature","properties":{"network":"排水","diameter_mm":900,"material":"UNK","depth_m":2.4},"geometry":{"type":"MultiLineString","coordinates":[[[127.0911626,46.6711376,0],[127.0911081,46.6711424,0],[127.0910579,46.6711501,0],[127.0909971,46.6711638,0],[127.0909712,46.6711732,0],[127.090951,46.6711844,0],[127.0909235,46.6712098,0],[127.0908492,46.6712738,0],[127.0908042,46.6712806,0]]]}},{"type":"Feature","properties":{"network":"排水","diameter_mm":150,"material":"UNK","depth_m":2.4},"geometry":{"type":"MultiLineString","coordinates":[[[126.8942662,46.604983,0],[126.8940866,46.6049747,0]]]}},{"type":"Feature","properties":{"network":"排水","diameter_mm":900,"material":"CP","depth_m":2.4},"geometry":{"type":"MultiLineString","coordinates":[[[126.8632023,46.6744217,0],[126.8632292,46.6743957,0],[126.8632515,46.6743731,0],[126.8632711,46.6743488,0],[126.8632849,46.6743272,0],[126.8632918,46.6743038,0]]]}},{"type":"Feature","properties":{"network":"排水","diameter_mm":900,"material":"CP","depth_m":2.4},"geometry":{"type":"MultiLineString","coordinates":[[[126.8632918,46.6743038,0],[126.8632984,46.6742758,0],[126.8633045,46.6742267,0],[126.8633079,46.6741781,0]]]}},{"type":"Feature","properties":{"network":"排水","diameter_mm":2600,"material":"CP","depth_m":2.4},"geometry":{"type":"MultiLineString","coordinates":[[[126.8645079,46.6376829,0],[126.8665924,46.6362918,0]]]}},{"type":"Feature","properties":{"network":"排水","diameter_mm":1500,"material":"CP","depth_m":2.4},"geometry":{"type":"MultiLineString","coordinates":[[[127.0005987,46.620503,0],[127.0004694,46.6208075,0]]]}},{"type":"Feature","properties":{"network":"排水","diameter_mm":750,"material":"CP","depth_m":2.4},"geometry":{"type":"MultiLineString","coordinates":[[[126.8643621,46.6504371,0],[126.8638057,46.6499867,0]]]}},{"type":"Feature","properties":{"network":"排水","diameter_mm":300,"material":"UNK","depth_m":2.4},"geometry":{"type":"MultiLineString","coordinates":[[[126.9054412,46.6536743,0],[126.9054445,46.6536712,0],[126.9054478,46.6536681,0]]]}},{"type":"Feature","properties":{"network":"排水","diameter_mm":1500,"material":"BR","depth_m":2.4},"geometry":{"type":"MultiLineString","coordinates":[[[126.9845389,46.6166465,0],[126.9849671,46.6167439,0],[126.9856402,46.6168969,0]]]}},{"type":"Feature","properties":{"network":"排水","diameter_mm":1500,"material":"CP","depth_m":2.4},"geometry":{"type":"MultiLineString","coordinates":[[[127.0563932,46.6446373,0],[127.0563969,46.6446337,0],[127.056421,46.6446107,0],[127.0574177,46.6422016,0]]]}},{"type":"Feature","properties":{"network":"排水","diameter_mm":300,"material":"VCP","depth_m":2.4},"geometry":{"type":"MultiLineString","coordinates":[[[127.0309197,46.6412232,0],[127.0306918,46.6411857,0]]]}},{"type":"Feature","properties":{"network":"排水","diameter_mm":900,"material":"UNK","depth_m":2.4},"geometry":{"type":"MultiLineString","coordinates":[[[126.9165245,46.6266947,0],[126.9165451,46.6266976,0],[126.9165586,46.626688,0],[126.9165681,46.6266812,0],[126.9165715,46.6266615,0]]]}},{"type":"Feature","properties":{"network":"排水","diameter_mm":300,"material":"UNK","depth_m":2.4},"geometry":{"type":"MultiLineString","coordinates":[[[126.9163966,46.6271375,0],[126.9163867,46.627134,0],[126.9163769,46.6271305,0]]]}},{"type":"Feature","properties":{"network":"排水","diameter_mm":1500,"material":"CP","depth_m":2.4},"geometry":{"type":"MultiLineString","coordinates":[[[126.9965936,46.6189443,0],[126.9966869,46.6189643,0]]]}},{"type":"Feature","properties":{"network":"排水","diameter_mm":1650,"material":"CP","depth_m":2.4},"geometry":{"type":"MultiLineString","coordinates":[[[127.0496131,46.6355047,0],[127.0510027,46.6358106,0],[127.0510421,46.6358192,0]]]}},{"type":"Feature","properties":{"network":"排水","diameter_mm":1650,"material":"CP","depth_m":2.4},"geometry":{"type":"MultiLineString","coordinates":[[[127.0523208,46.6361109,0],[127.0526583,46.6361892,0],[127.0531308,46.6362987,0],[127.0531407,46.636301,0],[127.0535484,46.6363955,0]]]}},{"type":"Feature","properties":{"network":"排水","diameter_mm":1650,"material":"CP","depth_m":2.4},"geometry":{"type":"MultiLineString","coordinates":[[[127.0573635,46.6372395,0],[127.0582275,46.6373756,0],[127.0585829,46.6374484,0]]]}},{"type":"Feature","properties":{"network":"排水","diameter_mm":1500,"material":"CP","depth_m":2.4},"geometry":{"type":"MultiLineString","coordinates":[[[126.9970181,46.619036,0],[126.9971399,46.6190617,0],[126.9971475,46.6190693,0]]]}},{"type":"Feature","properties":{"network":"排水","diameter_mm":600,"material":"CP","depth_m":2.4},"geometry":{"type":"MultiLineString","coordinates":[[[126.9960138,46.6188832,0],[126.9967482,46.6190395,0]]]}},{"type":"Feature","properties":{"network":"排水","diameter_mm":600,"material":"CP","depth_m":2.4},"geometry":{"type":"MultiLineString","coordinates":[[[126.9955471,46.6188316,0],[126.9955758,46.6188365,0],[126.99566,46.6188077,0],[126.9960138,46.6188832,0]]]}},{"type":"Feature","properties":{"network":"排水","diameter_mm":1650,"material":"CP","depth_m":2.4},"geometry":{"type":"MultiLineString","coordinates":[[[127.0510421,46.6358192,0],[127.0523208,46.6361109,0]]]}},{"type":"Feature","properties":{"network":"排水","diameter_mm":600,"material":"CP","depth_m":2.4},"geometry":{"type":"MultiLineString","coordinates":[[[126.9968143,46.6190527,0],[126.9970181,46.619036,0]]]}},{"type":"Feature","properties":{"network":"排水","diameter_mm":600,"material":"CP","depth_m":2.4},"geometry":{"type":"MultiLineString","coordinates":[[[126.9967482,46.6190395,0],[126.9968143,46.6190527,0]]]}},{"type":"Feature","properties":{"network":"排水","diameter_mm":2100,"material":"CP","depth_m":2.4},"geometry":{"type":"MultiLineString","coordinates":[[[126.9977093,46.6237199,0],[126.9978522,46.6237509,0]]]}},{"type":"Feature","properties":{"network":"排水","diameter_mm":600,"material":"CP","depth_m":2.4},"geometry":{"type":"MultiLineString","coordinates":[[[127.018266,46.6883063,0],[127.0184096,46.6885197,0]]]}},{"type":"Feature","properties":{"network":"排水","diameter_mm":675,"material":"CP","depth_m":2.4},"geometry":{"type":"MultiLineString","coordinates":[[[126.8637775,46.6500086,0],[126.8638057,46.6499867,0]]]}},{"type":"Feature","properties":{"network":"排水","diameter_mm":1500,"material":"CP","depth_m":2.4},"geometry":{"type":"MultiLineString","coordinates":[[[126.9704407,46.6254955,0],[126.9704467,46.6255154,0],[126.9704592,46.6255483,0]]]}},{"type":"Feature","properties":{"network":"排水","diameter_mm":1950,"material":"BR","depth_m":2.4},"geometry":{"type":"MultiLineString","coordinates":[[[126.8959724,46.6477255,0],[126.8949219,46.6474722,0]]]}},{"type":"Feature","properties":{"network":"排水","diameter_mm":1200,"material":"BR","depth_m":2.4},"geometry":{"type":"MultiLineString","coordinates":[[[126.9706281,46.6707771,0],[126.9705862,46.6708832,0],[126.9704413,46.6712509,0]]]}},{"type":"Feature","properties":{"network":"排水","diameter_mm":1370,"material":"CP","depth_m":2.4},"geometry":{"type":"MultiLineString","coordinates":[[[127.0622813,46.6363223,0],[127.0613483,46.6367817,0]]]}},{"type":"Feature","properties":{"network":"排水","diameter_mm":1350,"material":"CP","depth_m":2.4},"geometry":{"type":"MultiLineString","coordinates":[[[127.0632472,46.6361541,0],[127.0622813,46.6363223,0]]]}},{"type":"Feature","properties":{"network":"排水","diameter_mm":750,"material":"CP","depth_m":2.4},"geometry":{"type":"MultiLineString","coordinates":[[[126.8783001,46.5756034,0],[126.8788683,46.5756437,0]]]}},{"type":"Feature","properties":{"network":"排水","diameter_mm":1500,"material":"CP","depth_m":2.4},"geometry":{"type":"MultiLineString","coordinates":[[[126.9966869,46.6189643,0],[126.9970181,46.619036,0]]]}},{"type":"Feature","properties":{"network":"排水","diameter_mm":1500,"material":"CP","depth_m":2.4},"geometry":{"type":"MultiLineString","coordinates":[[[126.9959105,46.6188264,0],[126.9959826,46.6188415,0]]]}},{"type":"Feature","properties":{"network":"排水","diameter_mm":1650,"material":"CP","depth_m":2.4},"geometry":{"type":"MultiLineString","coordinates":[[[127.0408259,46.6324952,0],[127.0409804,46.6325289,0],[127.0411038,46.6325559,0],[127.0419279,46.6327359,0]]]}},{"type":"Feature","properties":{"network":"排水","diameter_mm":1650,"material":"CP","depth_m":2.4},"geometry":{"type":"MultiLineString","coordinates":[[[127.0432364,46.63302,0],[127.044286,46.6332477,0]]]}},{"type":"Feature","properties":{"network":"排水","diameter_mm":3300,"material":"UNK","depth_m":2.4},"geometry":{"type":"MultiLineString","coordinates":[[[127.0058677,46.6760747,0],[127.0068838,46.6762798,0],[127.0070049,46.6762948,0],[127.0071421,46.6763048,0],[127.0072733,46.6763099,0],[127.0073586,46.6763095,0],[127.0074535,46.6763066,0],[127.0075431,46.6762991,0],[127.0076655,46.6762855,0],[127.0077498,46.6762732,0],[127.0078278,46.6762592,0],[127.007929,46.6762379,0],[127.0080552,46.6762028,0],[127.0081425,46.6761764,0],[127.0082811,46.676127,0],[127.009648,46.6754196,0]]]}},{"type":"Feature","properties":{"network":"排水","diameter_mm":1650,"material":"CP","depth_m":2.4},"geometry":{"type":"MultiLineString","coordinates":[[[127.0452118,46.633447,0],[127.0462099,46.6336634,0]]]}},{"type":"Feature","properties":{"network":"排水","diameter_mm":1650,"material":"CP","depth_m":2.4},"geometry":{"type":"MultiLineString","coordinates":[[[127.0469319,46.6349158,0],[127.0482846,46.635213,0]]]}},{"type":"Feature","properties":{"network":"排水","diameter_mm":1650,"material":"CP","depth_m":2.4},"geometry":{"type":"MultiLineString","coordinates":[[[127.044286,46.6332477,0],[127.0452118,46.633447,0]]]}},{"type":"Feature","properties":{"network":"排水","diameter_mm":2100,"material":"BR","depth_m":2.4},"geometry":{"type":"MultiLineString","coordinates":[[[126.9965676,46.6234719,0],[126.9970947,46.6235864,0]]]}},{"type":"Feature","properties":{"network":"排水","diameter_mm":1250,"material":"CP","depth_m":2.4},"geometry":{"type":"MultiLineString","coordinates":[[[126.9964227,46.6234405,0],[126.9965676,46.6234719,0]]]}},{"type":"Feature","properties":{"network":"排水","diameter_mm":2100,"material":"BR","depth_m":2.4},"geometry":{"type":"MultiLineString","coordinates":[[[126.9895916,46.6219504,0],[126.9896395,46.6219609,0],[126.989651,46.6219633,0]]]}},{"type":"Feature","properties":{"network":"排水","diameter_mm":2100,"material":"BR","depth_m":2.4},"geometry":{"type":"MultiLineString","coordinates":[[[126.989651,46.6219633,0],[126.989686,46.6219707,0]]]}},{"type":"Feature","properties":{"network":"排水","diameter_mm":1350,"material":"CP","depth_m":2.4},"geometry":{"type":"MultiLineString","coordinates":[[[127.0601647,46.6368844,0],[127.058886,46.6370034,0]]]}},{"type":"Feature","properties":{"network":"排水","diameter_mm":2825,"material":"BR","depth_m":2.4},"geometry":{"type":"MultiLineString","coordinates":[[[127.0404257,46.6392617,0],[127.0417228,46.6395196,0],[127.0417701,46.6395224,0],[127.0418153,46.6395195,0],[127.0418937,46.6395182,0]]]}},{"type":"Feature","properties":{"network":"排水","diameter_mm":2700,"material":"BR","depth_m":2.4},"geometry":{"type":"MultiLineString","coordinates":[[[127.0433202,46.6397416,0],[127.0433693,46.6397527,0],[127.0444077,46.6399865,0]]]}},{"type":"Feature","properties":{"network":"排水","diameter_mm":1800,"material":"CP","depth_m":2.4},"geometry":{"type":"MultiLineString","coordinates":[[[127.0561615,46.7446681,0],[127.056107,46.7446565,0],[127.0560272,46.7446403,0],[127.0552746,46.7444872,0],[127.0552283,46.7444852,0],[127.0548495,46.7444689,0]]]}},{"type":"Feature","properties":{"network":"排水","diameter_mm":450,"material":"CP","depth_m":2.4},"geometry":{"type":"MultiLineString","coordinates":[[[127.0552721,46.744496,0],[127.0549558,46.7444744,0]]]}},{"type":"Feature","properties":{"network":"排水","diameter_mm":3300,"material":"BR","depth_m":2.4},"geometry":{"type":"MultiLineString","coordinates":[[[127.009648,46.6754196,0],[127.0126411,46.6739026,0]]]}},{"type":"Feature","properties":{"network":"排水","diameter_mm":1200,"material":"CP","depth_m":2.4},"geometry":{"type":"MultiLineString","coordinates":[[[127.0938647,46.6724674,0],[127.09273,46.672316,0]]]}},{"type":"Feature","properties":{"network":"排水","diameter_mm":750,"material":"CP","depth_m":2.4},"geometry":{"type":"MultiLineString","coordinates":[[[126.8635387,46.6636449,0],[126.863692,46.6636202,0]]]}},{"type":"Feature","properties":{"network":"排水","diameter_mm":750,"material":"CP","depth_m":2.4},"geometry":{"type":"MultiLineString","coordinates":[[[126.8587681,46.6631958,0],[126.8594819,46.6631277,0]]]}},{"type":"Feature","properties":{"network":"排水","diameter_mm":1200,"material":"UNK","depth_m":2.4},"geometry":{"type":"MultiLineString","coordinates":[[[127.0863512,46.6729916,0],[127.0866618,46.6725747,0]]]}},{"type":"Feature","properties":{"network":"排水","diameter_mm":1050,"material":"CP","depth_m":2.4},"geometry":{"type":"MultiLineString","coordinates":[[[127.0876943,46.6716048,0],[127.0866284,46.6714126,0]]]}},{"type":"Feature","properties":{"network":"排水","diameter_mm":750,"material":"CP","depth_m":2.4},"geometry":{"type":"MultiLineString","coordinates":[[[126.8567398,46.6512865,0],[126.8568692,46.6513583,0],[126.8576945,46.6518157,0]]]}},{"type":"Feature","properties":{"network":"排水","diameter_mm":750,"material":"CP","depth_m":2.4},"geometry":{"type":"MultiLineString","coordinates":[[[126.8576945,46.6518157,0],[126.8587882,46.6520554,0],[126.8592358,46.6521535,0]]]}},{"type":"Feature","properties":{"network":"排水","diameter_mm":750,"material":"CP","depth_m":2.4},"geometry":{"type":"MultiLineString","coordinates":[[[126.8578543,46.6634112,0],[126.8587681,46.6631958,0]]]}},{"type":"Feature","properties":{"network":"排水","diameter_mm":1350,"material":"CP","depth_m":2.4},"geometry":{"type":"MultiLineString","coordinates":[[[126.9211742,46.6622909,0],[126.9211563,46.6623034,0],[126.9211363,46.6623169,0],[126.9211158,46.6623281,0],[126.9210894,46.6623374,0],[126.9210511,46.6623471,0],[126.9210223,46.6623511,0],[126.920991,46.6623526,0],[126.9209498,46.6623504,0],[126.9209135,46.6623448,0],[126.9208658,46.6623336,0],[126.9208053,46.6623207,0],[126.9207434,46.6623079,0],[126.9193808,46.6620026,0]]]}},{"type":"Feature","properties":{"network":"排水","diameter_mm":600,"material":"CP","depth_m":2.4},"geometry":{"type":"MultiLineString","coordinates":[[[126.8578186,46.6198605,0],[126.8581172,46.6199424,0]]]}},{"type":"Feature","properties":{"network":"排水","diameter_mm":1050,"material":"CP","depth_m":2.4},"geometry":{"type":"MultiLineString","coordinates":[[[127.0935293,46.6753261,0],[127.0940336,46.6743411,0]]]}},{"type":"Feature","properties":{"network":"排水","diameter_mm":900,"material":"CP","depth_m":2.4},"geometry":{"type":"MultiLineString","coordinates":[[[127.0777298,46.6883629,0],[127.0782205,46.6872364,0],[127.0782649,46.6871315,0],[127.078272,46.6871149,0]]]}},{"type":"Feature","properties":{"network":"排水","diameter_mm":900,"material":"CP","depth_m":2.4},"geometry":{"type":"MultiLineString","coordinates":[[[127.0891521,46.7128979,0],[127.0897632,46.7122846,0]]]}},{"type":"Feature","properties":{"network":"排水","diameter_mm":1200,"material":"UNK","depth_m":2.4},"geometry":{"type":"MultiLineString","coordinates":[[[127.0848815,46.6738383,0],[127.0857475,46.674044,0],[127.0857953,46.6740465,0],[127.085833,46.6740287,0],[127.0858757,46.6740102,0],[127.0859281,46.6739782,0]]]}},{"type":"Feature","properties":{"network":"排水","diameter_mm":1050,"material":"CP","depth_m":2.4},"geometry":{"type":"MultiLineString","coordinates":[[[127.0957493,46.753246,0],[127.0965446,46.752592,0],[127.0970136,46.7522062,0]]]}},{"type":"Feature","properties":{"network":"排水","diameter_mm":1200,"material":"UNK","depth_m":2.4},"geometry":{"type":"MultiLineString","coordinates":[[[127.0838329,46.6737291,0],[127.0838831,46.6736896,0],[127.0839137,46.6736724,0],[127.0839381,46.6736683,0],[127.0839722,46.6736626,0],[127.0840036,46.6736583,0],[127.0840337,46.6736541,0],[127.0841073,46.6736667,0],[127.0848815,46.6738383,0]]]}},{"type":"Feature","properties":{"network":"排水","diameter_mm":1200,"material":"CP","depth_m":2.4},"geometry":{"type":"MultiLineString","coordinates":[[[127.0825189,46.6767784,0],[127.0833333,46.6748821,0]]]}},{"type":"Feature","properties":{"network":"排水","diameter_mm":1200,"material":"CP","depth_m":2.4},"geometry":{"type":"MultiLineString","coordinates":[[[127.09273,46.672316,0],[127.0919133,46.6720843,0]]]}},{"type":"Feature","properties":{"network":"排水","diameter_mm":1050,"material":"CP","depth_m":2.4},"geometry":{"type":"MultiLineString","coordinates":[[[127.0932626,46.6763442,0],[127.0935293,46.6753261,0]]]}},{"type":"Feature","properties":{"network":"排水","diameter_mm":1350,"material":"CP","depth_m":2.4},"geometry":{"type":"MultiLineString","coordinates":[[[127.088957,46.6665565,0],[127.0899911,46.6667812,0],[127.0899915,46.6667813,0]]]}},{"type":"Feature","properties":{"network":"排水","diameter_mm":450,"material":"UNK","depth_m":2.4},"geometry":{"type":"MultiLineString","coordinates":[[[127.0927654,46.70977,0],[127.093305,46.7089422,0]]]}},{"type":"Feature","properties":{"network":"排水","diameter_mm":750,"material":"CP","depth_m":2.4},"geometry":{"type":"MultiLineString","coordinates":[[[126.8592358,46.6521535,0],[126.8597836,46.6516415,0]]]}},{"type":"Feature","properties":{"network":"排水","diameter_mm":900,"material":"CP","depth_m":2.4},"geometry":{"type":"MultiLineString","coordinates":[[[127.0943902,46.6789809,0],[127.0942075,46.6780852,0]]]}},{"type":"Feature","properties":{"network":"排水","diameter_mm":900,"material":"CP","depth_m":2.4},"geometry":{"type":"MultiLineString","coordinates":[[[127.0905795,46.7116069,0],[127.0909716,46.7110944,0],[127.0910316,46.711016,0]]]}},{"type":"Feature","properties":{"network":"排水","diameter_mm":900,"material":"CP","depth_m":2.4},"geometry":{"type":"MultiLineString","coordinates":[[[127.0868999,46.7181932,0],[127.0872786,46.7172524,0]]]}},{"type":"Feature","properties":{"network":"排水","diameter_mm":300,"material":"UNK","depth_m":2.4},"geometry":{"type":"MultiLineString","coordinates":[[[126.8604675,46.6195274,0],[126.8604473,46.6195787,0]]]}},{"type":"Feature","properties":{"network":"排水","diameter_mm":900,"material":"UNK","depth_m":2.4},"geometry":{"type":"MultiLineString","coordinates":[[[127.078272,46.6871149,0],[127.0785681,46.6863987,0],[127.0786172,46.6862797,0]]]}},{"type":"Feature","properties":{"network":"排水","diameter_mm":900,"material":"CP","depth_m":2.4},"geometry":{"type":"MultiLineString","coordinates":[[[127.08094,46.6805278,0],[127.0810482,46.680263,0],[127.0811595,46.6799906,0],[127.0811928,46.679909,0],[127.0812857,46.6796816,0],[127.0813022,46.6796413,0]]]}},{"type":"Feature","properties":{"network":"排水","diameter_mm":900,"material":"CP","depth_m":2.4},"geometry":{"type":"MultiLineString","coordinates":[[[127.0954604,46.6813079,0],[127.0955208,46.6800774,0]]]}},{"type":"Feature","properties":{"network":"排水","diameter_mm":1050,"material":"CP","depth_m":2.4},"geometry":{"type":"MultiLineString","coordinates":[[[127.0660853,46.6728389,0],[127.0642744,46.6736279,0]]]}},{"type":"Feature","properties":{"network":"排水","diameter_mm":900,"material":"CP","depth_m":2.4},"geometry":{"type":"MultiLineString","coordinates":[[[127.0942075,46.6780852,0],[127.0941132,46.6778992,0],[127.0938174,46.6773155,0],[127.0936495,46.6769842,0]]]}},{"type":"Feature","properties":{"network":"排水","diameter_mm":900,"material":"CP","depth_m":2.4},"geometry":{"type":"MultiLineString","coordinates":[[[127.0764511,46.690774,0],[127.0763945,46.6907885,0]]]}},{"type":"Feature","properties":{"network":"排水","diameter_mm":450,"material":"UNK","depth_m":2.4},"geometry":{"type":"MultiLineString","coordinates":[[[127.0941072,46.7078529,0],[127.0951965,46.7072648,0]]]}},{"type":"Feature","properties":{"network":"排水","diameter_mm":900,"material":"CP","depth_m":2.4},"geometry":{"type":"MultiLineString","coordinates":[[[127.094847,46.6839611,0],[127.095133,46.6826217,0]]]}},{"type":"Feature","properties":{"network":"排水","diameter_mm":1350,"material":"UNK","depth_m":2.4},"geometry":{"type":"MultiLineString","coordinates":[[[126.8739541,46.6226088,0],[126.8742167,46.6226447,0]]]}},{"type":"Feature","properties":{"network":"排水","diameter_mm":675,"material":"BR","depth_m":2.4},"geometry":{"type":"MultiLineString","coordinates":[[[127.0976036,46.6625528,0],[127.0954951,46.6624695,0]]]}},{"type":"Feature","properties":{"network":"排水","diameter_mm":750,"material":"CP","depth_m":2.4},"geometry":{"type":"MultiLineString","coordinates":[[[126.8597836,46.6516415,0],[126.8606601,46.6514216,0]]]}},{"type":"Feature","properties":{"network":"排水","diameter_mm":900,"material":"CP","depth_m":2.4},"geometry":{"type":"MultiLineString","coordinates":[[[127.0876678,46.7163023,0],[127.0879564,46.7155634,0]]]}},{"type":"Feature","properties":{"network":"排水","diameter_mm":900,"material":"CP","depth_m":2.4},"geometry":{"type":"MultiLineString","coordinates":[[[127.093847,46.7078556,0],[127.0949795,46.7072273,0]]]}},{"type":"Feature","properties":{"network":"排水","diameter_mm":450,"material":"UNK","depth_m":2.4},"geometry":{"type":"MultiLineString","coordinates":[[[127.093305,46.7089422,0],[127.0938244,46.7081263,0]]]}},{"type":"Feature","properties":{"network":"排水","diameter_mm":1800,"material":"CP","depth_m":2.4},"geometry":{"type":"MultiLineString","coordinates":[[[126.8647681,46.645034,0],[126.8650925,46.6433926,0]]]}},{"type":"Feature","properties":{"network":"排水","diameter_mm":1050,"material":"CP","depth_m":2.4},"geometry":{"type":"MultiLineString","coordinates":[[[127.0821274,46.6777017,0],[127.0823651,46.677141,0],[127.0824722,46.6768884,0],[127.0825189,46.6767784,0]]]}},{"type":"Feature","properties":{"network":"排水","diameter_mm":900,"material":"CP","depth_m":2.4},"geometry":{"type":"MultiLineString","coordinates":[[[126.865138,46.6488766,0],[126.8652318,46.6479398,0]]]}},{"type":"Feature","properties":{"network":"排水","diameter_mm":675,"material":"CP","depth_m":2.4},"geometry":{"type":"MultiLineString","coordinates":[[[126.8606601,46.6514216,0],[126.8614258,46.6514009,0],[126.8620296,46.6513846,0]]]}},{"type":"Feature","properties":{"network":"排水","diameter_mm":750,"material":"CP","depth_m":2.4},"geometry":{"type":"MultiLineString","coordinates":[[[126.8567141,46.6715365,0],[126.8578389,46.6711297,0]]]}},{"type":"Feature","properties":{"network":"排水","diameter_mm":600,"material":"UNK","depth_m":2.4},"geometry":{"type":"MultiLineString","coordinates":[[[126.8677602,46.6127757,0],[126.8680396,46.6119556,0]]]}},{"type":"Feature","properties":{"network":"排水","diameter_mm":750,"material":"CP","depth_m":2.4},"geometry":{"type":"MultiLineString","coordinates":[[[126.8578389,46.6711297,0],[126.8589235,46.6707375,0]]]}},{"type":"Feature","properties":{"network":"排水","diameter_mm":750,"material":"CP","depth_m":2.4},"geometry":{"type":"MultiLineString","coordinates":[[[126.8589235,46.6707375,0],[126.8601164,46.6705974,0]]]}},{"type":"Feature","properties":{"network":"排水","diameter_mm":3300,"material":"BR","depth_m":2.4},"geometry":{"type":"MultiLineString","coordinates":[[[127.0126411,46.6739026,0],[127.0128693,46.6737874,0],[127.0130996,46.6736719,0],[127.013133,46.6736567,0],[127.0131741,46.673639,0],[127.0132186,46.6736208,0],[127.0132676,46.673602,0],[127.0133287,46.6735804,0],[127.013372,46.6735662,0],[127.0134201,46.6735515,0],[127.0134691,46.6735377,0],[127.0135348,46.6735208,0],[127.0135869,46.6735088,0],[127.0136442,46.6734969,0],[127.0136982,46.6734869,0],[127.0137711,46.6734753,0],[127.0140044,46.673451,0],[127.0145144,46.6733989,0],[127.0152401,46.6733248,0],[127.0155512,46.673293,0],[127.0172666,46.6731536,0],[127.017315,46.6731496,0]]]}},{"type":"Feature","properties":{"network":"排水","diameter_mm":900,"material":"CP","depth_m":2.4},"geometry":{"type":"MultiLineString","coordinates":[[[127.0953245,46.6842156,0],[127.094847,46.6839611,0]]]}},{"type":"Feature","properties":{"network":"排水","diameter_mm":900,"material":"CP","depth_m":2.4},"geometry":{"type":"MultiLineString","coordinates":[[[127.0900761,46.7121686,0],[127.0905795,46.7116069,0]]]}},{"type":"Feature","properties":{"network":"排水","diameter_mm":1200,"material":"CP","depth_m":2.4},"geometry":{"type":"MultiLineString","coordinates":[[[127.0625452,46.6744568,0],[127.061705,46.6743779,0]]]}},{"type":"Feature","properties":{"network":"排水","diameter_mm":750,"material":"CP","depth_m":2.4},"geometry":{"type":"MultiLineString","coordinates":[[[126.8697388,46.7303399,0],[126.8691405,46.7299368,0]]]}},{"type":"Feature","properties":{"network":"排水","diameter_mm":750,"material":"CP","depth_m":2.4},"geometry":{"type":"MultiLineString","coordinates":[[[126.8689528,46.7292743,0],[126.8689361,46.7291973,0],[126.8688131,46.7286304,0],[126.868772,46.7284408,0],[126.8687685,46.7284309,0],[126.8687648,46.7284225,0],[126.8687604,46.7284141,0],[126.8687541,46.7284042,0],[126.8687488,46.7283968,0],[126.8687422,46.7283889,0],[126.8687338,46.7283801,0],[126.8687244,46.7283716,0],[126.8685835,46.7282663,0]]]}},{"type":"Feature","properties":{"network":"排水","diameter_mm":450,"material":"VCP","depth_m":2.4},"geometry":{"type":"MultiLineString","coordinates":[[[127.0341954,46.6706765,0],[127.0335418,46.671099,0]]]}},{"type":"Feature","properties":{"network":"排水","diameter_mm":1200,"material":"CP","depth_m":2.4},"geometry":{"type":"MultiLineString","coordinates":[[[127.0597781,46.6743777,0],[127.059105,46.674598,0],[127.058146,46.6749118,0]]]}},{"type":"Feature","properties":{"network":"排水","diameter_mm":600,"material":"CP","depth_m":2.4},"geometry":{"type":"MultiLineString","coordinates":[[[126.8578186,46.6198605,0],[126.8578509,46.6198368,0],[126.8582559,46.6195515,0]]]}},{"type":"Feature","properties":{"network":"排水","diameter_mm":600,"material":"UNK","depth_m":2.4},"geometry":{"type":"MultiLineString","coordinates":[[[127.0617428,46.6745961,0],[127.061705,46.6743779,0]]]}},{"type":"Feature","properties":{"network":"排水","diameter_mm":900,"material":"CP","depth_m":2.4},"geometry":{"type":"MultiLineString","coordinates":[[[127.0949386,46.67951,0],[127.0943902,46.6789809,0]]]}},{"type":"Feature","properties":{"network":"排水","diameter_mm":1800,"material":"CP","depth_m":2.4},"geometry":{"type":"MultiLineString","coordinates":[[[127.017225,46.6732848,0],[127.0172666,46.6731536,0]]]}},{"type":"Feature","properties":{"network":"排水","diameter_mm":900,"material":"CP","depth_m":2.4},"geometry":{"type":"MultiLineString","coordinates":[[[127.0886738,46.7137698,0],[127.0891764,46.7129108,0],[127.0891873,46.7128921,0]]]}},{"type":"Feature","properties":{"network":"排水","diameter_mm":1350,"material":"CP","depth_m":2.4},"geometry":{"type":"MultiLineString","coordinates":[[[126.8729889,46.6224109,0],[126.8735586,46.6225307,0],[126.8739541,46.6226088,0]]]}},{"type":"Feature","properties":{"network":"排水","diameter_mm":1050,"material":"CP","depth_m":2.4},"geometry":{"type":"MultiLineString","coordinates":[[[127.0940336,46.6743411,0],[127.0941602,46.6739926,0],[127.0944548,46.6731815,0]]]}},{"type":"Feature","properties":{"network":"排水","diameter_mm":1050,"material":"CP","depth_m":2.4},"geometry":{"type":"MultiLineString","coordinates":[[[127.0477629,46.6749534,0],[127.0460176,46.6747305,0]]]}},{"type":"Feature","properties":{"network":"排水","diameter_mm":300,"material":"CP","depth_m":2.4},"geometry":{"type":"MultiLineString","coordinates":[[[127.0942644,46.677289,0],[127.0938174,46.6773155,0]]]}},{"type":"Feature","properties":{"network":"排水","diameter_mm":375,"material":"CP","depth_m":2.4},"geometry":{"type":"MultiLineString","coordinates":[[[126.8775944,46.577287,0],[126.8779476,46.5764403,0]]]}},{"type":"Feature","properties":{"network":"排水","diameter_mm":1050,"material":"CP","depth_m":2.4},"geometry":{"type":"MultiLineString","coordinates":[[[127.049256,46.6750849,0],[127.0490535,46.675067,0],[127.0477629,46.6749534,0]]]}},{"type":"Feature","properties":{"network":"排水","diameter_mm":400,"material":"VCP","depth_m":2.4},"geometry":{"type":"MultiLineString","coordinates":[[[127.0335418,46.671099,0],[127.0336204,46.6713651,0]]]}},{"type":"Feature","properties":{"network":"排水","diameter_mm":1829,"material":"CP","depth_m":2.4},"geometry":{"type":"MultiLineString","coordinates":[[[127.0328767,46.6713012,0],[127.0325046,46.6716167,0]]]}},{"type":"Feature","properties":{"network":"排水","diameter_mm":600,"material":"UNK","depth_m":2.4},"geometry":{"type":"MultiLineString","coordinates":[[[126.8654044,46.6143435,0],[126.8663987,46.6149259,0]]]}},{"type":"Feature","properties":{"network":"排水","diameter_mm":600,"material":"UNK","depth_m":2.4},"geometry":{"type":"MultiLineString","coordinates":[[[126.8663987,46.6149259,0],[126.866966,46.6150405,0]]]}},{"type":"Feature","properties":{"network":"排水","diameter_mm":600,"material":"UNK","depth_m":2.4},"geometry":{"type":"MultiLineString","coordinates":[[[126.854859,46.6206194,0],[126.8568633,46.6205121,0]]]}},{"type":"Feature","properties":{"network":"排水","diameter_mm":1200,"material":"CP","depth_m":2.4},"geometry":{"type":"MultiLineString","coordinates":[[[127.058146,46.6749118,0],[127.0562382,46.6749024,0]]]}},{"type":"Feature","properties":{"network":"排水","diameter_mm":1050,"material":"CP","depth_m":2.4},"geometry":{"type":"MultiLineString","coordinates":[[[127.0750691,46.6707677,0],[127.0734246,46.6714487,0]]]}},{"type":"Feature","properties":{"network":"排水","diameter_mm":600,"material":"UNK","depth_m":2.4},"geometry":{"type":"MultiLineString","coordinates":[[[126.8677518,46.6135095,0],[126.8677602,46.6127757,0]]]}},{"type":"Feature","properties":{"network":"排水","diameter_mm":1050,"material":"CP","depth_m":2.4},"geometry":{"type":"MultiLineString","coordinates":[[[127.0642744,46.6736279,0],[127.0625452,46.6744568,0]]]}},{"type":"Feature","properties":{"network":"排水","diameter_mm":750,"material":"CP","depth_m":2.4},"geometry":{"type":"MultiLineString","coordinates":[[[126.8634675,46.5942143,0],[126.86435,46.5943882,0]]]}},{"type":"Feature","properties":{"network":"排水","diameter_mm":1050,"material":"CP","depth_m":2.4},"geometry":{"type":"MultiLineString","coordinates":[[[127.0781385,46.6705894,0],[127.076639,46.6706744,0]]]}},{"type":"Feature","properties":{"network":"排水","diameter_mm":1050,"material":"CP","depth_m":2.4},"geometry":{"type":"MultiLineString","coordinates":[[[127.0824478,46.6715498,0],[127.0821947,46.6714589,0],[127.0803327,46.6707901,0]]]}},{"type":"Feature","properties":{"network":"排水","diameter_mm":1200,"material":"CP","depth_m":2.4},"geometry":{"type":"MultiLineString","coordinates":[[[126.8677767,46.6930326,0],[126.8679321,46.6923985,0],[126.8679507,46.6923227,0],[126.8681226,46.6916212,0]]]}},{"type":"Feature","properties":{"network":"排水","diameter_mm":750,"material":"CP","depth_m":2.4},"geometry":{"type":"MultiLineString","coordinates":[[[126.8587807,46.5726908,0],[126.8591772,46.5717386,0],[126.8591913,46.5717047,0]]]}},{"type":"Feature","properties":{"network":"排水","diameter_mm":3600,"material":"BR","depth_m":2.4},"geometry":{"type":"MultiLineString","coordinates":[[[127.017315,46.6731496,0],[127.017859,46.6729468,0]]]}},{"type":"Feature","properties":{"network":"排水","diameter_mm":900,"material":"CP","depth_m":2.4},"geometry":{"type":"MultiLineString","coordinates":[[[126.8600414,46.6997559,0],[126.8601562,46.6992893,0],[126.8602291,46.6989931,0]]]}},{"type":"Feature","properties":{"network":"排水","diameter_mm":1050,"material":"CP","depth_m":2.4},"geometry":{"type":"MultiLineString","coordinates":[[[126.8602291,46.6989931,0],[126.860325,46.6981991,0]]]}},{"type":"Feature","properties":{"network":"排水","diameter_mm":900,"material":"CP","depth_m":2.4},"geometry":{"type":"MultiLineString","coordinates":[[[126.8595807,46.7029583,0],[126.8597331,46.7019991,0]]]}},{"type":"Feature","properties":{"network":"排水","diameter_mm":375,"material":"CP","depth_m":2.4},"geometry":{"type":"MultiLineString","coordinates":[[[126.9113401,46.7318055,0],[126.9113546,46.7309106,0]]]}},{"type":"Feature","properties":{"network":"排水","diameter_mm":900,"material":"CP","depth_m":2.4},"geometry":{"type":"MultiLineString","coordinates":[[[126.8597331,46.7019991,0],[126.8599042,46.7009427,0]]]}},{"type":"Feature","properties":{"network":"排水","diameter_mm":1050,"material":"CP","depth_m":2.4},"geometry":{"type":"MultiLineString","coordinates":[[[126.8608833,46.6968617,0],[126.8629184,46.6971372,0]]]}},{"type":"Feature","properties":{"network":"排水","diameter_mm":900,"material":"CP","depth_m":2.4},"geometry":{"type":"MultiLineString","coordinates":[[[126.8609644,46.7060723,0],[126.8593175,46.705923,0],[126.8592978,46.7059191,0],[126.8592793,46.7059139,0],[126.8592611,46.705907,0],[126.8592428,46.7058981,0],[126.8592289,46.7058898,0],[126.8592183,46.7058822,0],[126.8592137,46.705878,0],[126.8592075,46.7058731,0],[126.8592012,46.705867,0],[126.8591911,46.7058553,0],[126.8591794,46.7058376,0],[126.8591747,46.7058278,0],[126.8591708,46.7058173,0],[126.8591684,46.7058079,0],[126.8591665,46.7057944,0],[126.8591645,46.7056111,0]]]}},{"type":"Feature","properties":{"network":"排水","diameter_mm":1050,"material":"CP","depth_m":2.4},"geometry":{"type":"MultiLineString","coordinates":[[[126.8840866,46.5959135,0],[126.8852507,46.5961727,0]]]}},{"type":"Feature","properties":{"network":"排水","diameter_mm":1800,"material":"BR","depth_m":2.4},"geometry":{"type":"MultiLineString","coordinates":[[[126.9055836,46.6531688,0],[126.9056058,46.6531529,0],[126.9056051,46.6531189,0],[126.9055889,46.6530937,0]]]}},{"type":"Feature","properties":{"network":"排水","diameter_mm":1500,"material":"CP","depth_m":2.4},"geometry":{"type":"MultiLineString","coordinates":[[[126.9173637,46.6615658,0],[126.9160922,46.6612898,0]]]}},{"type":"Feature","properties":{"network":"排水","diameter_mm":900,"material":"CP","depth_m":2.4},"geometry":{"type":"MultiLineString","coordinates":[[[126.8863141,46.5847563,0],[126.8863373,46.5848815,0]]]}},{"type":"Feature","properties":{"network":"排水","diameter_mm":1200,"material":"CP","depth_m":2.4},"geometry":{"type":"MultiLineString","coordinates":[[[126.8677823,46.690299,0],[126.8676893,46.6899128,0]]]}},{"type":"Feature","properties":{"network":"排水","diameter_mm":1200,"material":"BR","depth_m":2.4},"geometry":{"type":"MultiLineString","coordinates":[[[126.972175,46.7050976,0],[126.9724902,46.7038647,0]]]}},{"type":"Feature","properties":{"network":"排水","diameter_mm":1200,"material":"BR","depth_m":2.4},"geometry":{"type":"MultiLineString","coordinates":[[[126.9724902,46.7038647,0],[126.9726748,46.7031626,0],[126.972806,46.7026595,0]]]}},{"type":"Feature","properties":{"network":"排水","diameter_mm":3300,"material":"BR","depth_m":2.4},"geometry":{"type":"MultiLineString","coordinates":[[[127.017859,46.6729468,0],[127.01826,46.672608,0]]]}},{"type":"Feature","properties":{"network":"排水","diameter_mm":2700,"material":"CP","depth_m":2.4},"geometry":{"type":"MultiLineString","coordinates":[[[126.9407799,46.7218586,0],[126.9407807,46.7218877,0],[126.9466007,46.7231361,0]]]}},{"type":"Feature","properties":{"network":"排水","diameter_mm":1650,"material":"BR","depth_m":2.4},"geometry":{"type":"MultiLineString","coordinates":[[[126.9791294,46.6715341,0],[126.9792888,46.6715576,0],[126.9793055,46.6715594,0],[126.9793186,46.6715603,0],[126.9793326,46.6715605,0],[126.9793502,46.67156,0],[126.9793614,46.6715591,0],[126.9793773,46.6715572,0],[126.979387,46.6715556,0],[126.9794,46.671553,0],[126.9794173,46.6715486,0],[126.9794309,46.6715443,0],[126.9794472,46.6715381,0],[126.9794649,46.67153,0],[126.9794882,46.6715164,0],[126.9795079,46.6715014,0],[126.9795184,46.6714918,0],[126.9795289,46.6714805,0],[126.9795321,46.6714765,0],[126.9795407,46.6714646,0],[126.9795463,46.6714552,0],[126.9795532,46.6714409,0],[126.9795658,46.6713886,0],[126.9795901,46.6712669,0],[126.9796291,46.671072,0],[126.979676,46.670834,0],[126.979678,46.6708246,0],[126.9796812,46.6708141,0],[126.979684,46.6708066,0],[126.9796874,46.6707989,0],[126.9796921,46.6707901,0],[126.9796979,46.6707809,0],[126.9797048,46.6707713,0],[126.9797134,46.670761,0],[126.9797244,46.6707498,0],[126.9797336,46.6707417,0],[126.9797413,46.6707358,0],[126.9797511,46.6707287,0],[126.9797585,46.6707239,0],[126.9797697,46.6707174,0],[126.9797792,46.6707125,0],[126.9797883,46.6707082,0],[126.9798063,46.6707009,0],[126.979825,46.6706947,0],[126.9798385,46.6706911,0],[126.9798525,46.6706881,0],[126.9798596,46.6706868,0],[126.9798736,46.6706846,0],[126.9798974,46.6706826,0],[126.9799223,46.6706821,0],[126.979949,46.6706838,0],[126.9799835,46.6706891,0],[126.979989,46.6706902,0],[126.9799991,46.6706923,0],[126.9800252,46.6706978,0]]]}},{"type":"Feature","properties":{"network":"排水","diameter_mm":750,"material":"CP","depth_m":2.4},"geometry":{"type":"MultiLineString","coordinates":[[[126.9097146,46.7381778,0],[126.9100853,46.7383974,0],[126.9101461,46.7384334,0],[126.91041,46.7385897,0]]]}},{"type":"Feature","properties":{"network":"排水","diameter_mm":675,"material":"CP","depth_m":2.4},"geometry":{"type":"MultiLineString","coordinates":[[[126.9061044,46.736825,0],[126.9061343,46.7368219,0],[126.9061476,46.7368206,0],[126.9061622,46.7368198,0],[126.9061771,46.7368198,0],[126.9061908,46.7368205,0],[126.9062026,46.7368216,0],[126.9062168,46.7368236,0],[126.9062301,46.7368262,0],[126.9076718,46.7371645,0]]]}},{"type":"Feature","properties":{"network":"排水","diameter_mm":1200,"material":"BR","depth_m":2.4},"geometry":{"type":"MultiLineString","coordinates":[[[126.9799579,46.6694207,0],[126.979938,46.6695144,0],[126.9797511,46.6703912,0],[126.9797444,46.6704326,0],[126.9797455,46.6704502,0],[126.9797484,46.670465,0],[126.9797535,46.6704807,0],[126.9797612,46.6704966,0],[126.9797734,46.6705153,0],[126.9797947,46.6705386,0],[126.9798281,46.6705654,0],[126.9798689,46.6705969,0],[126.9799006,46.6706215,0],[126.9799323,46.6706461,0],[126.9799729,46.6706775,0],[126.9799891,46.6706902,0]]]}},{"type":"Feature","properties":{"network":"排水","diameter_mm":1800,"material":"CP","depth_m":2.4},"geometry":{"type":"MultiLineString","coordinates":[[[127.0169133,46.6738327,0],[127.017225,46.6732848,0]]]}},{"type":"Feature","properties":{"network":"排水","diameter_mm":1200,"material":"BR","depth_m":2.4},"geometry":{"type":"MultiLineString","coordinates":[[[126.9712397,46.7087656,0],[126.9714943,46.7076058,0],[126.971509,46.7075716,0],[126.9715325,46.7075352,0],[126.9715589,46.7074982,0],[126.9715795,46.7074669,0],[126.9715902,46.7074448,0],[126.9715997,46.707401,0]]]}},{"type":"Feature","properties":{"network":"排水","diameter_mm":1200,"material":"BR","depth_m":2.4},"geometry":{"type":"MultiLineString","coordinates":[[[126.9715997,46.707401,0],[126.9716577,46.7071601,0],[126.9718859,46.706212,0]]]}},{"type":"Feature","properties":{"network":"排水","diameter_mm":1200,"material":"BR","depth_m":2.4},"geometry":{"type":"MultiLineString","coordinates":[[[126.9718859,46.706212,0],[126.972175,46.7050976,0]]]}},{"type":"Feature","properties":{"network":"排水","diameter_mm":1050,"material":"CP","depth_m":2.4},"geometry":{"type":"MultiLineString","coordinates":[[[126.866509,46.6956225,0],[126.8669121,46.695268,0],[126.8672507,46.6949703,0],[126.8672545,46.6949671,0],[126.8672597,46.6949624,0],[126.8672646,46.6949574,0],[126.8672685,46.6949532,0],[126.8672729,46.6949479,0],[126.867277,46.6949423,0],[126.8672838,46.6949314,0],[126.8672866,46.6949258,0],[126.8672887,46.6949213,0],[126.8672902,46.6949175,0],[126.8672917,46.694913,0],[126.8672928,46.694909,0],[126.8672938,46.6949058,0],[126.8672948,46.694901,0],[126.867299,46.6948835,0]]]}},{"type":"Feature","properties":{"network":"排水","diameter_mm":900,"material":"CP","depth_m":2.4},"geometry":{"type":"MultiLineString","coordinates":[[[126.889301,46.6488277,0],[126.8891863,46.6488095,0]]]}},{"type":"Feature","properties":{"network":"排水","diameter_mm":1350,"material":"CP","depth_m":2.4},"geometry":{"type":"MultiLineString","coordinates":[[[126.9193808,46.6620026,0],[126.917395,46.6615726,0],[126.9173637,46.6615658,0]]]}},{"type":"Feature","properties":{"network":"排水","diameter_mm":2286,"material":"CP","depth_m":2.4},"geometry":{"type":"MultiLineString","coordinates":[[[126.8943783,46.6473374,0],[126.8939612,46.647234,0]]]}},{"type":"Feature","properties":{"network":"排水","diameter_mm":900,"material":"CP","depth_m":2.4},"geometry":{"type":"MultiLineString","coordinates":[[[126.8702127,46.7079251,0],[126.8690724,46.7074396,0]]]}},{"type":"Feature","properties":{"network":"排水","diameter_mm":900,"material":"CP","depth_m":2.4},"geometry":{"type":"MultiLineString","coordinates":[[[126.8679269,46.7069489,0],[126.8666931,46.7069191,0]]]}},{"type":"Feature","properties":{"network":"排水","diameter_mm":1200,"material":"CP","depth_m":2.4},"geometry":{"type":"MultiLineString","coordinates":[[[126.8677852,46.6878412,0],[126.8683729,46.6869735,0],[126.868407,46.686923,0]]]}},{"type":"Feature","properties":{"network":"排水","diameter_mm":1200,"material":"CP","depth_m":2.4},"geometry":{"type":"MultiLineString","coordinates":[[[126.8673506,46.6884815,0],[126.8674563,46.6883258,0],[126.8677852,46.6878412,0]]]}},{"type":"Feature","properties":{"network":"排水","diameter_mm":1200,"material":"CP","depth_m":2.4},"geometry":{"type":"MultiLineString","coordinates":[[[126.8676893,46.6899128,0],[126.8673295,46.6885753,0],[126.867328,46.6885698,0],[126.8673269,46.6885641,0],[126.867326,46.6885575,0],[126.8673255,46.68855,0],[126.8673257,46.688542,0],[126.867327,46.6885306,0],[126.8673282,46.6885259,0],[126.8673294,46.688521,0],[126.867331,46.6885161,0],[126.8673327,46.6885114,0],[126.8673348,46.6885068,0],[126.8673377,46.6885008,0],[126.8673412,46.6884948,0],[126.8673444,46.6884898,0],[126.8673481,46.6884847,0],[126.8673506,46.6884815,0]]]}},{"type":"Feature","properties":{"network":"排水","diameter_mm":1200,"material":"CP","depth_m":2.4},"geometry":{"type":"MultiLineString","coordinates":[[[126.868407,46.686923,0],[126.8684103,46.6869183,0],[126.8684168,46.686908,0],[126.8684232,46.6868968,0],[126.8684284,46.6868866,0],[126.8684356,46.6868699,0],[126.8684389,46.6868607,0],[126.8684425,46.686849,0],[126.868445,46.6868395,0],[126.8684475,46.686827,0],[126.8684492,46.6868151,0],[126.8684502,46.6868037,0],[126.8684506,46.6867923,0],[126.86845,46.6867746,0],[126.868406,46.6861942,0],[126.8684057,46.6861835,0],[126.8684062,46.6861687,0],[126.8684078,46.6861529,0],[126.8684107,46.6861366,0],[126.868414,46.6861227,0],[126.8684192,46.686106,0],[126.8684238,46.6860936,0],[126.8684323,46.6860752,0],[126.8684398,46.6860614,0],[126.8684478,46.6860485,0],[126.8684575,46.6860346,0],[126.8684675,46.6860218,0],[126.8684781,46.6860095,0],[126.8688029,46.6856873,0],[126.8688144,46.6856759,0],[126.8688252,46.6856658,0],[126.8688377,46.6856552,0],[126.8688524,46.6856435,0],[126.8688678,46.6856325,0],[126.8688833,46.6856223,0],[126.8688978,46.6856134,0],[126.8689132,46.6856048,0],[126.8689233,46.6855994,0],[126.8689343,46.685594,0],[126.8689452,46.6855888,0],[126.8689569,46.6855837,0],[126.8689706,46.685578,0],[126.8689822,46.6855735,0],[126.8689946,46.6855691,0],[126.8690095,46.6855641,0],[126.8690169,46.6855618,0],[126.8690262,46.6855591,0],[126.8691873,46.6855298,0]]]}},{"type":"Feature","properties":{"network":"排水","diameter_mm":1350,"material":"CP","depth_m":2.4},"geometry":{"type":"MultiLineString","coordinates":[[[126.8726144,46.6847592,0],[126.8726213,46.6847574,0],[126.8726275,46.6847555,0],[126.8726333,46.6847536,0],[126.8726407,46.6847509,0],[126.8726472,46.6847482,0],[126.8726539,46.6847452,0],[126.8726594,46.6847424,0],[126.8726647,46.6847396,0],[126.8726698,46.6847365,0],[126.8726743,46.6847337,0],[126.8726792,46.6847304,0],[126.8726831,46.6847275,0],[126.8726867,46.6847247,0],[126.8726901,46.6847218,0],[126.8726986,46.6847138,0],[126.8727048,46.6847071,0],[126.8727112,46.6846991,0],[126.8727165,46.6846914,0],[126.8727204,46.6846846,0],[126.8727238,46.6846776,0],[126.8727271,46.6846697,0],[126.8727298,46.6846607,0],[126.872732,46.6846503,0],[126.8727326,46.6846448,0],[126.8727331,46.6846368,0],[126.872748,46.6834479,0]]]}},{"type":"Feature","properties":{"network":"排水","diameter_mm":525,"material":"CP","depth_m":2.4},"geometry":{"type":"MultiLineString","coordinates":[[[126.9113546,46.7309106,0],[126.9115069,46.7300156,0]]]}},{"type":"Feature","properties":{"network":"排水","diameter_mm":375,"material":"CP","depth_m":2.4},"geometry":{"type":"MultiLineString","coordinates":[[[126.9113003,46.7335962,0],[126.9113469,46.7327088,0]]]}},{"type":"Feature","properties":{"network":"排水","diameter_mm":375,"material":"CP","depth_m":2.4},"geometry":{"type":"MultiLineString","coordinates":[[[126.9113469,46.7327088,0],[126.9113401,46.7318055,0]]]}},{"type":"Feature","properties":{"network":"排水","diameter_mm":1524,"material":"CP","depth_m":2.4},"geometry":{"type":"MultiLineString","coordinates":[[[126.8899125,46.64748,0],[126.889876,46.6475607,0],[126.8896058,46.6481582,0]]]}},{"type":"Feature","properties":{"network":"排水","diameter_mm":750,"material":"CP","depth_m":2.4},"geometry":{"type":"MultiLineString","coordinates":[[[127.0638083,46.6885248,0],[127.0635409,46.688544,0]]]}},{"type":"Feature","properties":{"network":"排水","diameter_mm":1050,"material":"CP","depth_m":2.4},"geometry":{"type":"MultiLineString","coordinates":[[[127.0198799,46.6713952,0],[127.0199105,46.6714003,0],[127.0201368,46.6712438,0],[127.0201473,46.6712395,0],[127.0206316,46.6712074,0],[127.0206962,46.6711907,0],[127.0214712,46.671152,0],[127.0215096,46.6711376,0]]]}},{"type":"Feature","properties":{"network":"排水","diameter_mm":1050,"material":"CP","depth_m":2.4},"geometry":{"type":"MultiLineString","coordinates":[[[127.0215096,46.6711376,0],[127.0215355,46.6711488,0],[127.0217092,46.6711396,0],[127.0217355,46.6711259,0]]]}},{"type":"Feature","properties":{"network":"排水","diameter_mm":2700,"material":"CP","depth_m":2.4},"geometry":{"type":"MultiLineString","coordinates":[[[126.9358982,46.7209145,0],[126.9359279,46.7208779,0],[126.9374452,46.721191,0],[126.938339,46.7213746,0],[126.9392917,46.7215743,0],[126.9393167,46.7215795,0],[126.9393226,46.7215807,0],[126.9394333,46.7216039,0],[126.9396255,46.7216442,0],[126.9397089,46.7216617,0],[126.9403142,46.721789,0],[126.9407602,46.7218828,0],[126.9407799,46.7218586,0]]]}},{"type":"Feature","properties":{"network":"排水","diameter_mm":200,"material":"CP","depth_m":2.4},"geometry":{"type":"MultiLineString","coordinates":[[[127.0195408,46.6883234,0],[127.0194203,46.688708,0]]]}},{"type":"Feature","properties":{"network":"排水","diameter_mm":1350,"material":"UNK","depth_m":2.4},"geometry":{"type":"MultiLineString","coordinates":[[[127.0119243,46.6945402,0],[127.0132312,46.6939578,0]]]}},{"type":"Feature","properties":{"network":"排水","diameter_mm":1350,"material":"UNK","depth_m":2.4},"geometry":{"type":"MultiLineString","coordinates":[[[127.0132312,46.6939578,0],[127.0147565,46.6933479,0]]]}},{"type":"Feature","properties":{"network":"排水","diameter_mm":1050,"material":"CP","depth_m":2.4},"geometry":{"type":"MultiLineString","coordinates":[[[126.8629184,46.6971372,0],[126.8637798,46.6970921,0]]]}},{"type":"Feature","properties":{"network":"排水","diameter_mm":1050,"material":"CP","depth_m":2.4},"geometry":{"type":"MultiLineString","coordinates":[[[126.860325,46.6981991,0],[126.86066,46.6969716,0],[126.8606644,46.6969588,0],[126.8606698,46.6969475,0],[126.8606775,46.6969351,0],[126.8606881,46.6969219,0],[126.8607011,46.6969092,0],[126.860712,46.6969006,0],[126.860727,46.6968907,0],[126.8607465,46.6968806,0],[126.8607652,46.6968731,0],[126.8607896,46.696866,0],[126.8608095,46.6968622,0],[126.8608278,46.6968601,0],[126.8608392,46.6968595,0],[126.8608468,46.6968594,0],[126.8608592,46.6968596,0],[126.8608713,46.6968604,0],[126.8608833,46.6968617,0]]]}},{"type":"Feature","properties":{"network":"排水","diameter_mm":1350,"material":"UNK","depth_m":2.4},"geometry":{"type":"MultiLineString","coordinates":[[[127.0147565,46.6933479,0],[127.0163998,46.6935244,0]]]}},{"type":"Feature","properties":{"network":"排水","diameter_mm":1050,"material":"CP","depth_m":2.4},"geometry":{"type":"MultiLineString","coordinates":[[[126.8656653,46.6963538,0],[126.8656739,46.6963503,0],[126.8656798,46.6963477,0],[126.8656864,46.6963446,0],[126.865695,46.6963402,0],[126.8657045,46.6963348,0],[126.8657102,46.6963312,0],[126.8657166,46.6963268,0],[126.8657232,46.6963219,0],[126.8657324,46.6963144,0],[126.866509,46.6956225,0]]]}},{"type":"Feature","properties":{"network":"排水","diameter_mm":600,"material":"CP","depth_m":2.4},"geometry":{"type":"MultiLineString","coordinates":[[[127.0179626,46.6881319,0],[127.018266,46.6883063,0]]]}},{"type":"Feature","properties":{"network":"排水","diameter_mm":900,"material":"CP","depth_m":2.4},"geometry":{"type":"MultiLineString","coordinates":[[[126.886055,46.5829874,0],[126.886076,46.5831391,0]]]}},{"type":"Feature","properties":{"network":"排水","diameter_mm":375,"material":"CP","depth_m":2.4},"geometry":{"type":"MultiLineString","coordinates":[[[126.8826087,46.6633548,0],[126.8826909,46.6631468,0]]]}},{"type":"Feature","properties":{"network":"排水","diameter_mm":1650,"material":"CP","depth_m":2.4},"geometry":{"type":"MultiLineString","coordinates":[[[126.9449789,46.6868998,0],[126.9449652,46.6868966,0],[126.9427986,46.6864124,0],[126.9427899,46.6864104,0],[126.9426768,46.6863852,0]]]}},{"type":"Feature","properties":{"network":"排水","diameter_mm":1650,"material":"CP","depth_m":2.4},"geometry":{"type":"MultiLineString","coordinates":[[[126.9397608,46.6857618,0],[126.9396085,46.6857292,0],[126.9368609,46.6851414,0],[126.9367625,46.6851204,0]]]}},{"type":"Feature","properties":{"network":"排水","diameter_mm":600,"material":"CP","depth_m":2.4},"geometry":{"type":"MultiLineString","coordinates":[[[126.8761564,46.6066616,0],[126.8771258,46.6057991,0]]]}},{"type":"Feature","properties":{"network":"排水","diameter_mm":1650,"material":"CP","depth_m":2.4},"geometry":{"type":"MultiLineString","coordinates":[[[126.9426768,46.6863852,0],[126.9397966,46.6857695,0],[126.9397608,46.6857618,0]]]}},{"type":"Feature","properties":{"network":"排水","diameter_mm":600,"material":"CP","depth_m":2.4},"geometry":{"type":"MultiLineString","coordinates":[[[126.8700279,46.6112128,0],[126.8703633,46.6105401,0]]]}},{"type":"Feature","properties":{"network":"排水","diameter_mm":1350,"material":"CP","depth_m":2.4},"geometry":{"type":"MultiLineString","coordinates":[[[126.8775298,46.6789865,0],[126.8793782,46.6785487,0]]]}},{"type":"Feature","properties":{"network":"排水","diameter_mm":2100,"material":"CP","depth_m":2.4},"geometry":{"type":"MultiLineString","coordinates":[[[126.9248497,46.712778,0],[126.9248519,46.7127863,0],[126.9248158,46.7128961,0],[126.924779,46.7128972,0]]]}},{"type":"Feature","properties":{"network":"排水","diameter_mm":700,"material":"CP","depth_m":2.4},"geometry":{"type":"MultiLineString","coordinates":[[[126.859406,46.5934386,0],[126.8605151,46.5936369,0]]]}},{"type":"Feature","properties":{"network":"排水","diameter_mm":1524,"material":"CP","depth_m":2.4},"geometry":{"type":"MultiLineString","coordinates":[[[126.890413,46.6464233,0],[126.8903932,46.6464633,0],[126.8903756,46.6464988,0],[126.8902291,46.6467954,0],[126.8901671,46.6469209,0]]]}},{"type":"Feature","properties":{"network":"排水","diameter_mm":1524,"material":"CP","depth_m":2.4},"geometry":{"type":"MultiLineString","coordinates":[[[126.8904394,46.6463699,0],[126.8904373,46.6463741,0],[126.890413,46.6464233,0]]]}},{"type":"Feature","properties":{"network":"排水","diameter_mm":2700,"material":"CP","depth_m":2.4},"geometry":{"type":"MultiLineString","coordinates":[[[126.9231995,46.7176126,0],[126.923255,46.7176409,0],[126.9232466,46.7176716,0],[126.9232417,46.7177011,0],[126.9232392,46.7177277,0],[126.9232386,46.7177594,0],[126.9232403,46.7177889,0],[126.9232442,46.7178181,0],[126.9232515,46.7178518,0],[126.9232599,46.7178799,0],[126.923268,46.717902,0],[126.9232987,46.7179645,0],[126.9233176,46.717994,0],[126.9233435,46.7180284,0],[126.9233668,46.718055,0],[126.9233938,46.7180821,0],[126.9234176,46.7181034,0],[126.9234473,46.7181273,0],[126.923476,46.7181504,0],[126.9235032,46.7181701,0],[126.9235292,46.7181869,0],[126.9235519,46.7182005,0],[126.9235945,46.7182227,0],[126.9236466,46.718246,0],[126.9237052,46.7182681,0],[126.9237726,46.7182872,0],[126.9262894,46.7188167,0],[126.9272886,46.7190322,0],[126.9272917,46.7190329,0],[126.927848,46.7191529,0],[126.9279179,46.7191727,0],[126.9279459,46.7191889,0]]]}},{"type":"Feature","properties":{"network":"排水","diameter_mm":1050,"material":"CP","depth_m":2.4},"geometry":{"type":"MultiLineString","coordinates":[[[126.8859378,46.5981189,0],[126.8863366,46.5982743,0]]]}},{"type":"Feature","properties":{"network":"排水","diameter_mm":825,"material":"CP","depth_m":2.4},"geometry":{"type":"MultiLineString","coordinates":[[[126.8754022,46.7205435,0],[126.876526,46.720089,0]]]}},{"type":"Feature","properties":{"network":"排水","diameter_mm":750,"material":"CP","depth_m":2.4},"geometry":{"type":"MultiLineString","coordinates":[[[126.8670069,46.7270882,0],[126.866429,46.7266524,0],[126.8662375,46.726508,0]]]}},{"type":"Feature","properties":{"network":"排水","diameter_mm":675,"material":"CP","depth_m":2.4},"geometry":{"type":"MultiLineString","coordinates":[[[126.8839339,46.5985413,0],[126.8843746,46.5986358,0]]]}},{"type":"Feature","properties":{"network":"排水","diameter_mm":750,"material":"CP","depth_m":2.4},"geometry":{"type":"MultiLineString","coordinates":[[[126.8678556,46.7239479,0],[126.8690347,46.7236036,0]]]}},{"type":"Feature","properties":{"network":"排水","diameter_mm":750,"material":"CP","depth_m":2.4},"geometry":{"type":"MultiLineString","coordinates":[[[126.8704241,46.7231841,0],[126.8714678,46.7225747,0]]]}},{"type":"Feature","properties":{"network":"排水","diameter_mm":600,"material":"CP","depth_m":2.4},"geometry":{"type":"MultiLineString","coordinates":[[[126.8771258,46.6057991,0],[126.8774812,46.6054858,0]]]}},{"type":"Feature","properties":{"network":"排水","diameter_mm":1200,"material":"CP","depth_m":2.4},"geometry":{"type":"MultiLineString","coordinates":[[[126.9190485,46.7177869,0],[126.9199999,46.7169152,0]]]}},{"type":"Feature","properties":{"network":"排水","diameter_mm":750,"material":"CP","depth_m":2.4},"geometry":{"type":"MultiLineString","coordinates":[[[126.8667188,46.7243678,0],[126.8667257,46.7243433,0],[126.866727,46.7243395,0],[126.8667295,46.724333,0],[126.8667317,46.7243279,0],[126.8667348,46.7243218,0],[126.8667383,46.7243159,0],[126.8667419,46.7243104,0],[126.8667447,46.7243066,0],[126.8667485,46.7243017,0],[126.8667528,46.7242967,0],[126.8667576,46.7242917,0],[126.8667626,46.7242869,0],[126.8667659,46.724284,0],[126.8667714,46.7242793,0],[126.8667777,46.7242746,0],[126.8667848,46.7242697,0],[126.8667916,46.7242655,0],[126.8667985,46.7242615,0],[126.8668071,46.7242571,0],[126.8668167,46.7242528,0],[126.8668264,46.724249,0],[126.8668404,46.7242443,0],[126.8678556,46.7239479,0]]]}},{"type":"Feature","properties":{"network":"排水","diameter_mm":825,"material":"CP","depth_m":2.4},"geometry":{"type":"MultiLineString","coordinates":[[[126.8739346,46.7212623,0],[126.8754022,46.7205435,0]]]}},{"type":"Feature","properties":{"network":"排水","diameter_mm":825,"material":"CP","depth_m":2.4},"geometry":{"type":"MultiLineString","coordinates":[[[126.8714678,46.7225747,0],[126.8716714,46.7224541,0],[126.8722401,46.7221172,0],[126.8724842,46.7219726,0]]]}},{"type":"Feature","properties":{"network":"排水","diameter_mm":750,"material":"CP","depth_m":2.4},"geometry":{"type":"MultiLineString","coordinates":[[[126.8677964,46.7276765,0],[126.8670069,46.7270882,0]]]}},{"type":"Feature","properties":{"network":"排水","diameter_mm":1050,"material":"CP","depth_m":2.4},"geometry":{"type":"MultiLineString","coordinates":[[[126.9302964,46.7386034,0],[126.9323447,46.7378568,0]]]}},{"type":"Feature","properties":{"network":"排水","diameter_mm":1050,"material":"CP","depth_m":2.4},"geometry":{"type":"MultiLineString","coordinates":[[[126.9295042,46.7395346,0],[126.9298978,46.7390422,0],[126.9301834,46.738685,0],[126.9301885,46.7386783,0],[126.9301948,46.7386706,0],[126.9302012,46.7386635,0],[126.9302085,46.7386563,0],[126.9302152,46.7386502,0],[126.9302223,46.7386444,0],[126.9302305,46.7386381,0],[126.9302394,46.7386319,0],[126.9302546,46.7386226,0],[126.9302622,46.7386185,0],[126.9302747,46.7386123,0],[126.9302877,46.7386067,0],[126.9302964,46.7386034,0]]]}},{"type":"Feature","properties":{"network":"排水","diameter_mm":750,"material":"CP","depth_m":2.4},"geometry":{"type":"MultiLineString","coordinates":[[[126.9113407,46.7391377,0],[126.9112355,46.7403792,0],[126.9112183,46.7405821,0]]]}},{"type":"Feature","properties":{"network":"排水","diameter_mm":1050,"material":"CP","depth_m":2.4},"geometry":{"type":"MultiLineString","coordinates":[[[126.9317994,46.7200477,0],[126.9326713,46.7201841,0]]]}},{"type":"Feature","properties":{"network":"排水","diameter_mm":900,"material":"CP","depth_m":2.4},"geometry":{"type":"MultiLineString","coordinates":[[[126.8796982,46.7154639,0],[126.8799301,46.71453,0]]]}},{"type":"Feature","properties":{"network":"排水","diameter_mm":825,"material":"CP","depth_m":2.4},"geometry":{"type":"MultiLineString","coordinates":[[[126.878956,46.7170437,0],[126.8793263,46.7162529,0]]]}},{"type":"Feature","properties":{"network":"排水","diameter_mm":900,"material":"CP","depth_m":2.4},"geometry":{"type":"MultiLineString","coordinates":[[[126.8819887,46.7125031,0],[126.8820079,46.7124513,0],[126.8821915,46.711955,0]]]}},{"type":"Feature","properties":{"network":"排水","diameter_mm":900,"material":"CP","depth_m":2.4},"geometry":{"type":"MultiLineString","coordinates":[[[126.8821915,46.711955,0],[126.882386,46.7113937,0]]]}},{"type":"Feature","properties":{"network":"排水","diameter_mm":600,"material":"CP","depth_m":2.4},"geometry":{"type":"MultiLineString","coordinates":[[[126.8784522,46.6053534,0],[126.8793572,46.6052249,0]]]}},{"type":"Feature","properties":{"network":"排水","diameter_mm":600,"material":"CP","depth_m":2.4},"geometry":{"type":"MultiLineString","coordinates":[[[126.8774812,46.6054858,0],[126.8784522,46.6053534,0]]]}},{"type":"Feature","properties":{"network":"排水","diameter_mm":1350,"material":"CP","depth_m":2.4},"geometry":{"type":"MultiLineString","coordinates":[[[126.8741904,46.6798241,0],[126.8741961,46.6798178,0],[126.8742024,46.6798119,0],[126.8742072,46.6798079,0],[126.8742156,46.6798019,0],[126.874224,46.6797966,0],[126.8742303,46.6797934,0],[126.8742382,46.6797897,0],[126.8742471,46.6797863,0],[126.8742563,46.6797833,0],[126.8742652,46.6797809,0],[126.874273,46.6797793,0],[126.8750565,46.6795811,0],[126.875063,46.6795794,0],[126.8750639,46.6795792,0],[126.8750647,46.679579,0],[126.8751448,46.6795587,0],[126.875683,46.6794226,0]]]}},{"type":"Feature","properties":{"network":"排水","diameter_mm":2400,"material":"CP","depth_m":2.4},"geometry":{"type":"MultiLineString","coordinates":[[[126.924779,46.7128972,0],[126.9248107,46.7129149,0],[126.9247663,46.7130506,0],[126.9239409,46.7155876,0],[126.923877,46.7157787,0],[126.9237138,46.7162669,0],[126.9237062,46.7162895,0],[126.9232641,46.7176113,0],[126.9231995,46.7176126,0]]]}},{"type":"Feature","properties":{"network":"排水","diameter_mm":825,"material":"CP","depth_m":2.4},"geometry":{"type":"MultiLineString","coordinates":[[[126.8773526,46.7197532,0],[126.8781849,46.7194153,0]]]}},{"type":"Feature","properties":{"network":"排水","diameter_mm":825,"material":"CP","depth_m":2.4},"geometry":{"type":"MultiLineString","coordinates":[[[126.8781849,46.7194153,0],[126.8782741,46.7184945,0]]]}},{"type":"Feature","properties":{"network":"排水","diameter_mm":825,"material":"CP","depth_m":2.4},"geometry":{"type":"MultiLineString","coordinates":[[[126.8782741,46.7184945,0],[126.8785267,46.7179549,0],[126.8785406,46.7179252,0],[126.878551,46.717903,0],[126.8786738,46.7176404,0]]]}},{"type":"Feature","properties":{"network":"排水","diameter_mm":900,"material":"CP","depth_m":2.4},"geometry":{"type":"MultiLineString","coordinates":[[[126.8793263,46.7162529,0],[126.8794622,46.7159646,0],[126.879524,46.7158335,0],[126.879563,46.7157507,0],[126.8796982,46.7154639,0]]]}},{"type":"Feature","properties":{"network":"排水","diameter_mm":1650,"material":"CP","depth_m":2.4},"geometry":{"type":"MultiLineString","coordinates":[[[126.9367625,46.6851204,0],[126.9346705,46.6846713,0],[126.9346178,46.6846599,0],[126.9346073,46.6846579,0]]]}},{"type":"Feature","properties":{"network":"排水","diameter_mm":1350,"material":"CP","depth_m":2.4},"geometry":{"type":"MultiLineString","coordinates":[[[127.0553755,46.6889266,0],[127.0560951,46.6876899,0]]]}},{"type":"Feature","properties":{"network":"排水","diameter_mm":1350,"material":"CP","depth_m":2.4},"geometry":{"type":"MultiLineString","coordinates":[[[127.0556582,46.6864071,0],[127.0557692,46.6862342,0],[127.0564058,46.6852432,0]]]}},{"type":"Feature","properties":{"network":"排水","diameter_mm":1050,"material":"CP","depth_m":2.4},"geometry":{"type":"MultiLineString","coordinates":[[[127.0763945,46.6907885,0],[127.0748914,46.6911689,0]]]}},{"type":"Feature","properties":{"network":"排水","diameter_mm":1200,"material":"CP","depth_m":2.4},"geometry":{"type":"MultiLineString","coordinates":[[[127.073304,46.6912016,0],[127.0718218,46.6910371,0],[127.0717764,46.6910321,0]]]}},{"type":"Feature","properties":{"network":"排水","diameter_mm":1200,"material":"CP","depth_m":2.4},"geometry":{"type":"MultiLineString","coordinates":[[[127.0224279,46.6888702,0],[127.0235795,46.6891902,0]]]}},{"type":"Feature","properties":{"network":"排水","diameter_mm":600,"material":"CP","depth_m":2.4},"geometry":{"type":"MultiLineString","coordinates":[[[126.911701,46.7291392,0],[126.9119321,46.7281074,0]]]}},{"type":"Feature","properties":{"network":"排水","diameter_mm":900,"material":"CP","depth_m":2.4},"geometry":{"type":"MultiLineString","coordinates":[[[126.9129146,46.7237023,0],[126.9129416,46.7235776,0],[126.913115,46.7227756,0]]]}},{"type":"Feature","properties":{"network":"排水","diameter_mm":900,"material":"CP","depth_m":2.4},"geometry":{"type":"MultiLineString","coordinates":[[[126.913115,46.7227756,0],[126.9133581,46.7220428,0]]]}},{"type":"Feature","properties":{"network":"排水","diameter_mm":900,"material":"CP","depth_m":2.4},"geometry":{"type":"MultiLineString","coordinates":[[[126.9139215,46.7212764,0],[126.914776,46.7206475,0]]]}},{"type":"Feature","properties":{"network":"排水","diameter_mm":750,"material":"CP","depth_m":2.4},"geometry":{"type":"MultiLineString","coordinates":[[[126.862101,46.593958,0],[126.8624518,46.5940564,0]]]}},{"type":"Feature","properties":{"network":"排水","diameter_mm":675,"material":"CP","depth_m":2.4},"geometry":{"type":"MultiLineString","coordinates":[[[126.9121276,46.7272181,0],[126.9121647,46.7270518,0],[126.9121671,46.7270412,0],[126.912326,46.7263297,0]]]}},{"type":"Feature","properties":{"network":"排水","diameter_mm":675,"material":"CP","depth_m":2.4},"geometry":{"type":"MultiLineString","coordinates":[[[126.912326,46.7263297,0],[126.9125278,46.725441,0]]]}},{"type":"Feature","properties":{"network":"排水","diameter_mm":900,"material":"CP","depth_m":2.4},"geometry":{"type":"MultiLineString","coordinates":[[[126.914776,46.7206475,0],[126.9157739,46.7201341,0]]]}},{"type":"Feature","properties":{"network":"排水","diameter_mm":750,"material":"CP","depth_m":2.4},"geometry":{"type":"MultiLineString","coordinates":[[[126.8633366,46.5941974,0],[126.8634675,46.5942143,0]]]}},{"type":"Feature","properties":{"network":"排水","diameter_mm":3300,"material":"BR","depth_m":2.4},"geometry":{"type":"MultiLineString","coordinates":[[[127.01826,46.672608,0],[127.0187347,46.672168,0]]]}},{"type":"Feature","properties":{"network":"排水","diameter_mm":900,"material":"CP","depth_m":2.4},"geometry":{"type":"MultiLineString","coordinates":[[[126.885936,46.5815954,0],[126.8859588,46.5819019,0]]]}},{"type":"Feature","properties":{"network":"排水","diameter_mm":600,"material":"CP","depth_m":2.4},"geometry":{"type":"MultiLineString","coordinates":[[[126.8724964,46.6087357,0],[126.8731336,46.6081672,0]]]}},{"type":"Feature","properties":{"network":"排水","diameter_mm":1050,"material":"CP","depth_m":2.4},"geometry":{"type":"MultiLineString","coordinates":[[[126.9346668,46.7205758,0],[126.9358504,46.7208221,0]]]}},{"type":"Feature","properties":{"network":"排水","diameter_mm":900,"material":"CP","depth_m":2.4},"geometry":{"type":"MultiLineString","coordinates":[[[126.8830722,46.5768898,0],[126.8840652,46.5774604,0]]]}},{"type":"Feature","properties":{"network":"排水","diameter_mm":1350,"material":"CP","depth_m":2.4},"geometry":{"type":"MultiLineString","coordinates":[[[127.0691064,46.6905679,0],[127.0677783,46.6902794,0]]]}},{"type":"Feature","properties":{"network":"排水","diameter_mm":1350,"material":"CP","depth_m":2.4},"geometry":{"type":"MultiLineString","coordinates":[[[127.0677783,46.6902794,0],[127.0668764,46.6906299,0]]]}},{"type":"Feature","properties":{"network":"排水","diameter_mm":1350,"material":"CP","depth_m":2.4},"geometry":{"type":"MultiLineString","coordinates":[[[127.065534,46.6908133,0],[127.0644616,46.6905769,0]]]}},{"type":"Feature","properties":{"network":"排水","diameter_mm":600,"material":"CP","depth_m":2.4},"geometry":{"type":"MultiLineString","coordinates":[[[127.0179206,46.6881056,0],[127.0179626,46.6881319,0]]]}},{"type":"Feature","properties":{"network":"排水","diameter_mm":1200,"material":"CP","depth_m":2.4},"geometry":{"type":"MultiLineString","coordinates":[[[127.0184096,46.6885197,0],[127.0187833,46.6885905,0],[127.0194203,46.688708,0],[127.0198554,46.6887882,0]]]}},{"type":"Feature","properties":{"network":"排水","diameter_mm":1200,"material":"CP","depth_m":2.4},"geometry":{"type":"MultiLineString","coordinates":[[[127.0206631,46.6885447,0],[127.0224279,46.6888702,0]]]}},{"type":"Feature","properties":{"network":"排水","diameter_mm":1200,"material":"CP","depth_m":2.4},"geometry":{"type":"MultiLineString","coordinates":[[[127.0198554,46.6887882,0],[127.0205521,46.6885781,0],[127.0206631,46.6885447,0]]]}},{"type":"Feature","properties":{"network":"排水","diameter_mm":1500,"material":"CP","depth_m":2.4},"geometry":{"type":"MultiLineString","coordinates":[[[127.0275031,46.6893486,0],[127.0296164,46.6890089,0]]]}},{"type":"Feature","properties":{"network":"排水","diameter_mm":1500,"material":"CP","depth_m":2.4},"geometry":{"type":"MultiLineString","coordinates":[[[127.0400293,46.6782603,0],[127.0413112,46.6776603,0]]]}},{"type":"Feature","properties":{"network":"排水","diameter_mm":1050,"material":"CP","depth_m":2.4},"geometry":{"type":"MultiLineString","coordinates":[[[126.9205814,46.7448449,0],[126.9207751,46.7446535,0],[126.9218316,46.7436103,0],[126.9221474,46.7432983,0]]]}},{"type":"Feature","properties":{"network":"排水","diameter_mm":1050,"material":"CP","depth_m":2.4},"geometry":{"type":"MultiLineString","coordinates":[[[126.9245617,46.7425079,0],[126.9255042,46.7422011,0],[126.9261578,46.7419885,0],[126.9262093,46.7419717,0],[126.926263,46.7419542,0]]]}},{"type":"Feature","properties":{"network":"排水","diameter_mm":1350,"material":"CP","depth_m":2.4},"geometry":{"type":"MultiLineString","coordinates":[[[127.0246405,46.6914936,0],[127.0252244,46.6907309,0],[127.0253708,46.6905396,0]]]}},{"type":"Feature","properties":{"network":"排水","diameter_mm":1350,"material":"CP","depth_m":2.4},"geometry":{"type":"MultiLineString","coordinates":[[[127.0253708,46.6905396,0],[127.026246,46.6895429,0]]]}},{"type":"Feature","properties":{"network":"排水","diameter_mm":1200,"material":"CP","depth_m":2.4},"geometry":{"type":"MultiLineString","coordinates":[[[127.0614862,46.6900964,0],[127.0614578,46.6900927,0],[127.0614267,46.6900891,0],[127.0613816,46.690079,0],[127.0613474,46.6900678,0],[127.0613158,46.6900555,0],[127.0612771,46.6900351,0],[127.0612479,46.6900166,0],[127.0593669,46.6885572,0]]]}},{"type":"Feature","properties":{"network":"排水","diameter_mm":1050,"material":"CP","depth_m":2.4},"geometry":{"type":"MultiLineString","coordinates":[[[127.0525526,46.6750941,0],[127.0523652,46.6750659,0],[127.0514545,46.6749291,0]]]}},{"type":"Feature","properties":{"network":"排水","diameter_mm":750,"material":"CP","depth_m":2.4},"geometry":{"type":"MultiLineString","coordinates":[[[126.8580168,46.5745359,0],[126.8584037,46.5736053,0]]]}},{"type":"Feature","properties":{"network":"排水","diameter_mm":1350,"material":"CP","depth_m":2.4},"geometry":{"type":"MultiLineString","coordinates":[[[127.0239127,46.6924472,0],[127.0246405,46.6914936,0]]]}},{"type":"Feature","properties":{"network":"排水","diameter_mm":750,"material":"CP","depth_m":2.4},"geometry":{"type":"MultiLineString","coordinates":[[[126.8584037,46.5736053,0],[126.8587807,46.5726908,0]]]}},{"type":"Feature","properties":{"network":"排水","diameter_mm":900,"material":"CP","depth_m":2.4},"geometry":{"type":"MultiLineString","coordinates":[[[126.8803727,46.7091326,0],[126.8803603,46.7091223,0],[126.8794716,46.708382,0],[126.8794643,46.7083765,0],[126.8794553,46.7083704,0],[126.879445,46.7083643,0],[126.8794341,46.7083585,0],[126.8794221,46.708353,0],[126.8794119,46.7083489,0],[126.8794045,46.7083462,0],[126.8793952,46.7083432,0],[126.8793884,46.7083413,0],[126.8793797,46.7083391,0],[126.8793715,46.7083372,0],[126.8793641,46.7083358,0],[126.8793637,46.7083357,0],[126.8793551,46.7083343,0]]]}},{"type":"Feature","properties":{"network":"排水","diameter_mm":600,"material":"CP","depth_m":2.4},"geometry":{"type":"MultiLineString","coordinates":[[[126.8731336,46.6081672,0],[126.8741884,46.6075877,0]]]}},{"type":"Feature","properties":{"network":"排水","diameter_mm":600,"material":"CP","depth_m":2.4},"geometry":{"type":"MultiLineString","coordinates":[[[126.8741884,46.6075877,0],[126.8748106,46.6073333,0],[126.8755033,46.6070501,0]]]}},{"type":"Feature","properties":{"network":"排水","diameter_mm":375,"material":"CP","depth_m":2.4},"geometry":{"type":"MultiLineString","coordinates":[[[126.8798681,46.7080812,0],[126.8798564,46.7080871,0],[126.8793636,46.7083301,0],[126.8793551,46.7083343,0]]]}},{"type":"Feature","properties":{"network":"排水","diameter_mm":1650,"material":"CP","depth_m":2.4},"geometry":{"type":"MultiLineString","coordinates":[[[126.9276369,46.7050718,0],[126.9276387,46.7050785,0],[126.9276331,46.7050959,0],[126.9271965,46.706227,0],[126.9271923,46.7062342,0]]]}},{"type":"Feature","properties":{"network":"排水","diameter_mm":2100,"material":"CP","depth_m":2.4},"geometry":{"type":"MultiLineString","coordinates":[[[126.9266974,46.7075147,0],[126.926699,46.7075232,0],[126.926693,46.707539,0],[126.9266759,46.7075838,0],[126.9263254,46.7085004,0],[126.925964,46.7094794,0],[126.925998,46.7094958,0]]]}},{"type":"Feature","properties":{"network":"排水","diameter_mm":1650,"material":"CP","depth_m":2.4},"geometry":{"type":"MultiLineString","coordinates":[[[126.9271923,46.7062342,0],[126.9271919,46.7062398,0],[126.9271852,46.706257,0],[126.9267148,46.7074829,0],[126.9267148,46.7074829,0],[126.926705,46.7075082,0],[126.9266974,46.7075147,0]]]}},{"type":"Feature","properties":{"network":"排水","diameter_mm":675,"material":"CP","depth_m":2.4},"geometry":{"type":"MultiLineString","coordinates":[[[126.9076718,46.7371645,0],[126.9082779,46.7373065,0],[126.909235,46.7375307,0]]]}},{"type":"Feature","properties":{"network":"排水","diameter_mm":675,"material":"CP","depth_m":2.4},"geometry":{"type":"MultiLineString","coordinates":[[[126.9043388,46.7370711,0],[126.9061044,46.736825,0]]]}},{"type":"Feature","properties":{"network":"排水","diameter_mm":1200,"material":"CP","depth_m":2.4},"geometry":{"type":"MultiLineString","coordinates":[[[126.8674313,46.6942933,0],[126.8674987,46.6940473,0],[126.8677767,46.6930326,0]]]}},{"type":"Feature","properties":{"network":"排水","diameter_mm":1200,"material":"CP","depth_m":2.4},"geometry":{"type":"MultiLineString","coordinates":[[[126.867299,46.6948835,0],[126.8673691,46.6945709,0],[126.8674313,46.6942933,0]]]}},{"type":"Feature","properties":{"network":"排水","diameter_mm":900,"material":"CP","depth_m":2.4},"geometry":{"type":"MultiLineString","coordinates":[[[126.9358507,46.7209165,0],[126.9358982,46.7209145,0]]]}},{"type":"Feature","properties":{"network":"排水","diameter_mm":1524,"material":"CP","depth_m":2.4},"geometry":{"type":"MultiLineString","coordinates":[[[126.8896058,46.6481582,0],[126.889301,46.6488277,0]]]}},{"type":"Feature","properties":{"network":"排水","diameter_mm":900,"material":"CP","depth_m":2.4},"geometry":{"type":"MultiLineString","coordinates":[[[126.8854613,46.5792863,0],[126.8858228,46.5802824,0]]]}},{"type":"Feature","properties":{"network":"排水","diameter_mm":900,"material":"CP","depth_m":2.4},"geometry":{"type":"MultiLineString","coordinates":[[[126.8858228,46.5802824,0],[126.885936,46.5815954,0]]]}},{"type":"Feature","properties":{"network":"排水","diameter_mm":1500,"material":"CP","depth_m":2.4},"geometry":{"type":"MultiLineString","coordinates":[[[127.0336204,46.6713651,0],[127.0340615,46.6716273,0]]]}},{"type":"Feature","properties":{"network":"排水","diameter_mm":750,"material":"CP","depth_m":2.4},"geometry":{"type":"MultiLineString","coordinates":[[[126.9182509,46.7181268,0],[126.9186146,46.7181693,0]]]}},{"type":"Feature","properties":{"network":"排水","diameter_mm":1350,"material":"CP","depth_m":2.4},"geometry":{"type":"MultiLineString","coordinates":[[[127.0564058,46.6852432,0],[127.0565062,46.6843797,0]]]}},{"type":"Feature","properties":{"network":"排水","diameter_mm":1500,"material":"CP","depth_m":2.4},"geometry":{"type":"MultiLineString","coordinates":[[[127.05208,46.6828788,0],[127.0506635,46.6823465,0]]]}},{"type":"Feature","properties":{"network":"排水","diameter_mm":1500,"material":"CP","depth_m":2.4},"geometry":{"type":"MultiLineString","coordinates":[[[127.0493432,46.6817825,0],[127.0479746,46.680531,0]]]}},{"type":"Feature","properties":{"network":"排水","diameter_mm":2600,"material":"CP","depth_m":2.4},"geometry":{"type":"MultiLineString","coordinates":[[[126.8823186,46.6150165,0],[126.8823866,46.6149085,0],[126.8825178,46.6147046,0],[126.8827171,46.6143845,0],[126.8827722,46.6143016,0],[126.8828592,46.6142021,0],[126.8829212,46.6141228,0],[126.8830026,46.6140426,0],[126.883107,46.613964,0],[126.8831899,46.6139147,0],[126.8832851,46.6138685,0],[126.8839843,46.6135438,0],[126.8840354,46.6135231,0],[126.8840664,46.6135118,0]]]}},{"type":"Feature","properties":{"network":"排水","diameter_mm":1500,"material":"CP","depth_m":2.4},"geometry":{"type":"MultiLineString","coordinates":[[[127.0325077,46.688003,0],[127.033834,46.6872791,0]]]}},{"type":"Feature","properties":{"network":"排水","diameter_mm":750,"material":"CP","depth_m":2.4},"geometry":{"type":"MultiLineString","coordinates":[[[126.8788683,46.5756437,0],[126.8804138,46.5758148,0]]]}},{"type":"Feature","properties":{"network":"排水","diameter_mm":750,"material":"CP","depth_m":2.4},"geometry":{"type":"MultiLineString","coordinates":[[[126.866295,46.7258655,0],[126.8663632,46.7256244,0],[126.8663764,46.725578,0],[126.8667188,46.7243678,0]]]}},{"type":"Feature","properties":{"network":"排水","diameter_mm":1050,"material":"CP","depth_m":2.4},"geometry":{"type":"MultiLineString","coordinates":[[[127.0536001,46.6755001,0],[127.0525526,46.6750941,0]]]}},{"type":"Feature","properties":{"network":"排水","diameter_mm":1200,"material":"CP","depth_m":2.4},"geometry":{"type":"MultiLineString","coordinates":[[[127.055119,46.6753604,0],[127.0550222,46.6753693,0],[127.0536001,46.6755001,0]]]}},{"type":"Feature","properties":{"network":"排水","diameter_mm":900,"material":"CP","depth_m":2.4},"geometry":{"type":"MultiLineString","coordinates":[[[126.8863373,46.5848815,0],[126.8864268,46.5854427,0]]]}},{"type":"Feature","properties":{"network":"排水","diameter_mm":1350,"material":"CP","depth_m":2.4},"geometry":{"type":"MultiLineString","coordinates":[[[127.0234967,46.6931646,0],[127.0239127,46.6924472,0]]]}},{"type":"Feature","properties":{"network":"排水","diameter_mm":1500,"material":"CP","depth_m":2.4},"geometry":{"type":"MultiLineString","coordinates":[[[127.0322556,46.6711375,0],[127.0336204,46.6713651,0]]]}},{"type":"Feature","properties":{"network":"排水","diameter_mm":1500,"material":"CP","depth_m":2.4},"geometry":{"type":"MultiLineString","coordinates":[[[127.0382962,46.6827229,0],[127.0386225,46.6817777,0]]]}},{"type":"Feature","properties":{"network":"排水","diameter_mm":1500,"material":"CP","depth_m":2.4},"geometry":{"type":"MultiLineString","coordinates":[[[127.0389093,46.6808196,0],[127.0383838,46.6797779,0]]]}},{"type":"Feature","properties":{"network":"排水","diameter_mm":1500,"material":"CP","depth_m":2.4},"geometry":{"type":"MultiLineString","coordinates":[[[127.0383838,46.6797779,0],[127.0388379,46.6786784,0]]]}},{"type":"Feature","properties":{"network":"排水","diameter_mm":1350,"material":"CP","depth_m":2.4},"geometry":{"type":"MultiLineString","coordinates":[[[127.026246,46.6895429,0],[127.0274541,46.6893562,0],[127.0275031,46.6893486,0]]]}},{"type":"Feature","properties":{"network":"排水","diameter_mm":450,"material":"CP","depth_m":2.4},"geometry":{"type":"MultiLineString","coordinates":[[[126.9225978,46.714607,0],[126.9223603,46.7148189,0],[126.9217708,46.7153448,0]]]}},{"type":"Feature","properties":{"network":"排水","diameter_mm":450,"material":"CP","depth_m":2.4},"geometry":{"type":"MultiLineString","coordinates":[[[126.9217708,46.7153448,0],[126.9208789,46.7161478,0]]]}},{"type":"Feature","properties":{"network":"排水","diameter_mm":600,"material":"CP","depth_m":2.4},"geometry":{"type":"MultiLineString","coordinates":[[[126.8759118,46.6068777,0],[126.8761564,46.6066616,0]]]}},{"type":"Feature","properties":{"network":"排水","diameter_mm":450,"material":"CP","depth_m":2.4},"geometry":{"type":"MultiLineString","coordinates":[[[126.9208789,46.7161478,0],[126.9199999,46.7169152,0]]]}},{"type":"Feature","properties":{"network":"排水","diameter_mm":1050,"material":"CP","depth_m":2.4},"geometry":{"type":"MultiLineString","coordinates":[[[126.9167791,46.7195852,0],[126.9176886,46.7189621,0]]]}},{"type":"Feature","properties":{"network":"排水","diameter_mm":1050,"material":"CP","depth_m":2.4},"geometry":{"type":"MultiLineString","coordinates":[[[126.9176886,46.7189621,0],[126.9186146,46.7181693,0]]]}},{"type":"Feature","properties":{"network":"排水","diameter_mm":825,"material":"UNK","depth_m":2.4},"geometry":{"type":"MultiLineString","coordinates":[[[126.8774565,46.5730791,0],[126.8774367,46.5731288,0]]]}},{"type":"Feature","properties":{"network":"排水","diameter_mm":1350,"material":"CP","depth_m":2.4},"geometry":{"type":"MultiLineString","coordinates":[[[127.0226605,46.6940719,0],[127.0234967,46.6931646,0]]]}},{"type":"Feature","properties":{"network":"排水","diameter_mm":600,"material":"CP","depth_m":2.4},"geometry":{"type":"MultiLineString","coordinates":[[[126.8703633,46.6105401,0],[126.8710927,46.6100553,0]]]}},{"type":"Feature","properties":{"network":"排水","diameter_mm":900,"material":"CP","depth_m":2.4},"geometry":{"type":"MultiLineString","coordinates":[[[126.8876771,46.5883004,0],[126.8877347,46.5882493,0]]]}},{"type":"Feature","properties":{"network":"排水","diameter_mm":900,"material":"CP","depth_m":2.4},"geometry":{"type":"MultiLineString","coordinates":[[[126.8859997,46.5824069,0],[126.886055,46.5829874,0]]]}},{"type":"Feature","properties":{"network":"排水","diameter_mm":600,"material":"CP","depth_m":2.4},"geometry":{"type":"MultiLineString","coordinates":[[[126.8755033,46.6070501,0],[126.8759118,46.6068777,0]]]}},{"type":"Feature","properties":{"network":"排水","diameter_mm":1350,"material":"CP","depth_m":2.4},"geometry":{"type":"MultiLineString","coordinates":[[[126.8573453,46.5761622,0],[126.857682,46.5753487,0]]]}},{"type":"Feature","properties":{"network":"排水","diameter_mm":750,"material":"CP","depth_m":2.4},"geometry":{"type":"MultiLineString","coordinates":[[[126.857682,46.5753487,0],[126.8580168,46.5745359,0]]]}},{"type":"Feature","properties":{"network":"排水","diameter_mm":1500,"material":"CP","depth_m":2.4},"geometry":{"type":"MultiLineString","coordinates":[[[127.0581712,46.6882223,0],[127.0567624,46.6878221,0]]]}},{"type":"Feature","properties":{"network":"排水","diameter_mm":1800,"material":"CP","depth_m":2.4},"geometry":{"type":"MultiLineString","coordinates":[[[127.0567624,46.6878221,0],[127.0562846,46.6876916,0]]]}},{"type":"Feature","properties":{"network":"排水","diameter_mm":900,"material":"CP","depth_m":2.4},"geometry":{"type":"MultiLineString","coordinates":[[[126.8877347,46.5882493,0],[126.8881455,46.588135,0],[126.8881932,46.5881575,0]]]}},{"type":"Feature","properties":{"network":"排水","diameter_mm":600,"material":"CP","depth_m":2.4},"geometry":{"type":"MultiLineString","coordinates":[[[126.8787497,46.5973827,0],[126.8805454,46.5977769,0]]]}},{"type":"Feature","properties":{"network":"排水","diameter_mm":750,"material":"CP","depth_m":2.4},"geometry":{"type":"MultiLineString","coordinates":[[[126.8661049,46.5947299,0],[126.8675554,46.595017,0]]]}},{"type":"Feature","properties":{"network":"排水","diameter_mm":750,"material":"CP","depth_m":2.4},"geometry":{"type":"MultiLineString","coordinates":[[[126.8843416,46.6019695,0],[126.8843392,46.6019041,0]]]}},{"type":"Feature","properties":{"network":"排水","diameter_mm":750,"material":"CP","depth_m":2.4},"geometry":{"type":"MultiLineString","coordinates":[[[126.8675554,46.595017,0],[126.8688149,46.5952714,0]]]}},{"type":"Feature","properties":{"network":"排水","diameter_mm":750,"material":"CP","depth_m":2.4},"geometry":{"type":"MultiLineString","coordinates":[[[126.8549837,46.5925567,0],[126.8565901,46.5928737,0]]]}},{"type":"Feature","properties":{"network":"排水","diameter_mm":1050,"material":"CP","depth_m":2.4},"geometry":{"type":"MultiLineString","coordinates":[[[126.8861735,46.5971094,0],[126.8861313,46.5972902,0],[126.8859378,46.5981189,0]]]}},{"type":"Feature","properties":{"network":"排水","diameter_mm":2600,"material":"CP","depth_m":2.4},"geometry":{"type":"MultiLineString","coordinates":[[[126.8802195,46.6155458,0],[126.8803897,46.6154824,0],[126.8804703,46.6154547,0],[126.8805726,46.6154251,0],[126.8806821,46.6153932,0],[126.8808067,46.6153616,0],[126.8810241,46.6153257,0],[126.8814828,46.6152654,0],[126.8818068,46.6152559,0],[126.8819539,46.6152478,0],[126.8820259,46.6152368,0],[126.8820849,46.6152225,0],[126.88214,46.6151978,0],[126.8821911,46.6151654,0],[126.8822357,46.6151225,0],[126.8822607,46.6150939,0],[126.8822902,46.6150583,0],[126.8823186,46.6150165,0]]]}},{"type":"Feature","properties":{"network":"排水","diameter_mm":750,"material":"CP","depth_m":2.4},"geometry":{"type":"MultiLineString","coordinates":[[[126.8605151,46.5936369,0],[126.862101,46.593958,0]]]}},{"type":"Feature","properties":{"network":"排水","diameter_mm":900,"material":"CP","depth_m":2.4},"geometry":{"type":"MultiLineString","coordinates":[[[126.886239,46.5842521,0],[126.8862686,46.5843941,0]]]}},{"type":"Feature","properties":{"network":"排水","diameter_mm":1350,"material":"UNK","depth_m":2.4},"geometry":{"type":"MultiLineString","coordinates":[[[127.0179745,46.6936953,0],[127.0195705,46.6938702,0]]]}},{"type":"Feature","properties":{"network":"排水","diameter_mm":1350,"material":"UNK","depth_m":2.4},"geometry":{"type":"MultiLineString","coordinates":[[[127.0195705,46.6938702,0],[127.0211654,46.6940438,0]]]}},{"type":"Feature","properties":{"network":"排水","diameter_mm":1350,"material":"CP","depth_m":2.4},"geometry":{"type":"MultiLineString","coordinates":[[[126.9907537,46.7067568,0],[126.9907914,46.7067181,0],[126.9918173,46.7056624,0]]]}},{"type":"Feature","properties":{"network":"排水","diameter_mm":1350,"material":"CP","depth_m":2.4},"geometry":{"type":"MultiLineString","coordinates":[[[126.9964525,46.7029612,0],[126.9964651,46.7029495,0],[126.996477,46.7029397,0],[126.9964868,46.7029322,0],[126.9965011,46.7029224,0],[126.9965186,46.7029115,0],[126.9965405,46.7028998,0],[126.996567,46.7028878,0],[126.9965839,46.7028813,0],[126.9966052,46.7028742,0],[126.9966266,46.7028683,0],[126.9966491,46.7028631,0],[126.9966702,46.7028594,0],[126.9966929,46.7028564,0],[126.996713,46.7028546,0],[126.9967307,46.7028536,0],[126.9967483,46.7028534,0],[126.9967645,46.7028536,0],[126.9979131,46.7028836,0]]]}},{"type":"Feature","properties":{"network":"排水","diameter_mm":1350,"material":"CP","depth_m":2.4},"geometry":{"type":"MultiLineString","coordinates":[[[126.9991262,46.7029354,0],[126.9991431,46.702936,0],[126.9991579,46.7029359,0],[126.9991724,46.7029355,0],[126.9991904,46.7029344,0],[126.9992097,46.7029325,0],[126.9992361,46.7029287,0],[126.9992602,46.702924,0],[126.9992826,46.7029185,0],[126.9993017,46.7029129,0],[126.9993229,46.7029056,0],[126.9993382,46.7028996,0],[126.9993535,46.702893,0],[126.9993714,46.7028842,0],[126.9993863,46.7028761,0],[127.0006198,46.7021786,0]]]}},{"type":"Feature","properties":{"network":"排水","diameter_mm":1350,"material":"CP","depth_m":2.4},"geometry":{"type":"MultiLineString","coordinates":[[[126.9954798,46.703824,0],[126.9964525,46.7029612,0]]]}},{"type":"Feature","properties":{"network":"排水","diameter_mm":1500,"material":"CP","depth_m":2.4},"geometry":{"type":"MultiLineString","coordinates":[[[126.9476734,46.6817143,0],[126.9476816,46.6817222,0],[126.9481188,46.6818372,0],[126.9490019,46.6820696,0],[126.9490085,46.6820713,0],[126.949065,46.6820862,0],[126.9490777,46.6820895,0],[126.9501592,46.6823741,0],[126.9501647,46.6823828,0]]]}},{"type":"Feature","properties":{"network":"排水","diameter_mm":1500,"material":"CP","depth_m":2.4},"geometry":{"type":"MultiLineString","coordinates":[[[126.9501647,46.6823828,0],[126.9501783,46.68238,0],[126.9502087,46.6823863,0],[126.9548581,46.6833442,0],[126.9548706,46.6833442,0]]]}},{"type":"Feature","properties":{"network":"排水","diameter_mm":750,"material":"CP","depth_m":2.4},"geometry":{"type":"MultiLineString","coordinates":[[[127.013503,46.7079584,0],[127.0141466,46.7073612,0]]]}},{"type":"Feature","properties":{"network":"排水","diameter_mm":750,"material":"CP","depth_m":2.4},"geometry":{"type":"MultiLineString","coordinates":[[[127.0152554,46.7065939,0],[127.016571,46.7062793,0]]]}},{"type":"Feature","properties":{"network":"排水","diameter_mm":675,"material":"CP","depth_m":2.4},"geometry":{"type":"MultiLineString","coordinates":[[[126.9816975,46.7343584,0],[126.9818299,46.7342834,0]]]}},{"type":"Feature","properties":{"network":"排水","diameter_mm":675,"material":"CP","depth_m":2.4},"geometry":{"type":"MultiLineString","coordinates":[[[126.9852551,46.7320492,0],[126.9854883,46.7313979,0]]]}},{"type":"Feature","properties":{"network":"排水","diameter_mm":1200,"material":"CP","depth_m":2.4},"geometry":{"type":"MultiLineString","coordinates":[[[126.9626234,46.719278,0],[126.9642126,46.7185718,0]]]}},{"type":"Feature","properties":{"network":"排水","diameter_mm":1200,"material":"BR","depth_m":2.4},"geometry":{"type":"MultiLineString","coordinates":[[[126.972806,46.7026595,0],[126.9728758,46.7023978,0],[126.973028,46.7018146,0],[126.973079,46.7016158,0]]]}},{"type":"Feature","properties":{"network":"排水","diameter_mm":675,"material":"CP","depth_m":2.4},"geometry":{"type":"MultiLineString","coordinates":[[[126.9788161,46.734749,0],[126.9788693,46.7347418,0],[126.9793098,46.734682,0],[126.9798172,46.7346133,0],[126.9804694,46.734529,0]]]}},{"type":"Feature","properties":{"network":"排水","diameter_mm":675,"material":"CP","depth_m":2.4},"geometry":{"type":"MultiLineString","coordinates":[[[126.9825235,46.7338355,0],[126.9829452,46.7335538,0],[126.9829699,46.7335373,0],[126.9833342,46.7332947,0]]]}},{"type":"Feature","properties":{"network":"排水","diameter_mm":900,"material":"CP","depth_m":2.4},"geometry":{"type":"MultiLineString","coordinates":[[[126.9689606,46.719262,0],[126.9691877,46.7181108,0]]]}},{"type":"Feature","properties":{"network":"排水","diameter_mm":1500,"material":"CP","depth_m":2.4},"geometry":{"type":"MultiLineString","coordinates":[[[126.9752249,46.7133929,0],[126.9752325,46.7133853,0],[126.9756324,46.712986,0],[126.9756515,46.7129671,0],[126.9756748,46.7129442,0],[126.9756991,46.7129202,0],[126.9757204,46.7128993,0],[126.9757376,46.712883,0],[126.975754,46.7128687,0],[126.9757693,46.7128562,0],[126.9757884,46.7128415,0],[126.9758084,46.7128274,0],[126.9758274,46.7128147,0],[126.975857,46.7127966,0],[126.9761144,46.7126503,0],[126.9761402,46.7126356,0],[126.9761503,46.7126299,0]]]}},{"type":"Feature","properties":{"network":"排水","diameter_mm":675,"material":"CP","depth_m":2.4},"geometry":{"type":"MultiLineString","coordinates":[[[126.9804694,46.734529,0],[126.9816975,46.7343584,0]]]}},{"type":"Feature","properties":{"network":"排水","diameter_mm":1500,"material":"CP","depth_m":2.4},"geometry":{"type":"MultiLineString","coordinates":[[[126.9761503,46.7126299,0],[126.9761619,46.7126266,0],[126.9765177,46.7125263,0],[126.9765461,46.7125182,0],[126.9765739,46.7125113,0],[126.9766008,46.7125055,0],[126.9766266,46.7125007,0],[126.9766547,46.7124964,0],[126.9766705,46.7124944,0],[126.9766893,46.7124923,0],[126.9767061,46.7124908,0],[126.9767256,46.7124895,0],[126.9767391,46.7124888,0],[126.9767558,46.7124882,0],[126.9767646,46.712488,0],[126.9767736,46.7124879,0],[126.9767877,46.7124878,0],[126.9768036,46.7124881,0],[126.9768121,46.7124883,0],[126.976827,46.712489,0],[126.9768446,46.71249,0],[126.9768632,46.7124914,0],[126.9768768,46.7124927,0],[126.9768951,46.7124948,0],[126.9769147,46.7124975,0],[126.9769355,46.7125007,0],[126.9769554,46.7125043,0],[126.9769698,46.7125072,0],[126.9769746,46.7125082,0],[126.9769858,46.7125107,0],[126.9769997,46.712514,0],[126.9770188,46.712519,0],[126.9770584,46.712529,0],[126.9771369,46.7125484,0],[126.9775786,46.7126571,0],[126.9775905,46.71266,0]]]}},{"type":"Feature","properties":{"network":"排水","diameter_mm":1500,"material":"CP","depth_m":2.4},"geometry":{"type":"MultiLineString","coordinates":[[[126.9721139,46.7141296,0],[126.9722929,46.7140468,0],[126.9733948,46.7135368,0]]]}},{"type":"Feature","properties":{"network":"排水","diameter_mm":1500,"material":"CP","depth_m":2.4},"geometry":{"type":"MultiLineString","coordinates":[[[126.9733948,46.7135368,0],[126.9740485,46.7136277,0],[126.974078,46.7136315,0],[126.9741042,46.7136341,0],[126.9741259,46.7136357,0],[126.9741462,46.7136368,0],[126.9741699,46.7136374,0],[126.9741939,46.7136376,0],[126.9742209,46.713637,0],[126.9742501,46.7136355,0],[126.9742738,46.7136336,0],[126.9742898,46.713632,0],[126.9743048,46.7136302,0],[126.9746152,46.7135968,0],[126.9746403,46.7135939,0],[126.9746753,46.7135888,0],[126.9747005,46.7135842,0],[126.9747147,46.7135813,0],[126.9747299,46.713578,0],[126.9747552,46.7135718,0],[126.9747729,46.713567,0],[126.974792,46.7135614,0],[126.9748076,46.7135564,0],[126.9748234,46.7135511,0],[126.9748357,46.7135466,0],[126.9748526,46.7135402,0],[126.9752137,46.7133973,0],[126.9752249,46.7133929,0]]]}},{"type":"Feature","properties":{"network":"排水","diameter_mm":750,"material":"CP","depth_m":2.4},"geometry":{"type":"MultiLineString","coordinates":[[[127.0142725,46.7072319,0],[127.0152554,46.7065939,0]]]}},{"type":"Feature","properties":{"network":"排水","diameter_mm":750,"material":"CP","depth_m":2.4},"geometry":{"type":"MultiLineString","coordinates":[[[126.9674192,46.7167776,0],[126.9674308,46.7167798,0],[126.9679387,46.7166431,0],[126.9684231,46.7165128,0],[126.9684344,46.7165162,0]]]}},{"type":"Feature","properties":{"network":"排水","diameter_mm":1200,"material":"CP","depth_m":2.4},"geometry":{"type":"MultiLineString","coordinates":[[[126.9674192,46.7167776,0],[126.9674269,46.7167708,0],[126.9679307,46.7166344,0],[126.9684175,46.7165027,0],[126.9684177,46.7165029,0],[126.9684344,46.7165162,0]]]}},{"type":"Feature","properties":{"network":"排水","diameter_mm":1050,"material":"CP","depth_m":2.4},"geometry":{"type":"MultiLineString","coordinates":[[[126.9694773,46.7169528,0],[126.9695022,46.716928,0],[126.9696036,46.7168275,0],[126.9697008,46.7167312,0],[126.9697049,46.7167284,0],[126.9697087,46.7167258,0],[126.9697102,46.7167249,0],[126.9697116,46.7167239,0],[126.9697133,46.7167229,0],[126.9697157,46.7167215,0],[126.969717,46.7167207,0],[126.9697197,46.7167191,0],[126.9697215,46.7167181,0],[126.9697233,46.7167171,0],[126.9697293,46.716714,0],[126.9697371,46.7167103,0],[126.9697446,46.716707,0],[126.9697505,46.7167046,0],[126.9697597,46.7167013,0],[126.9697685,46.7166984,0],[126.9697769,46.716696,0],[126.9697857,46.7166938,0],[126.9697947,46.7166919,0],[126.9698056,46.71669,0],[126.9698147,46.7166888,0],[126.9698268,46.7166875,0],[126.9698357,46.716687,0],[126.9698468,46.7166866,0],[126.9698552,46.7166867,0],[126.969862,46.7166869,0],[126.969871,46.7166874,0],[126.9698783,46.716688,0],[126.9698837,46.7166886,0],[126.96989,46.7166894,0],[126.9698956,46.7166903,0],[126.9698995,46.7166909,0],[126.9699035,46.7166917,0],[126.9699063,46.7166922,0],[126.9699093,46.7166928,0],[126.969912,46.7166934,0],[126.9699136,46.7166938,0],[126.9699144,46.716694,0],[126.9699173,46.7166947,0],[126.9701956,46.7167568,0],[126.970208,46.7167596,0]]]}},{"type":"Feature","properties":{"network":"排水","diameter_mm":1050,"material":"CP","depth_m":2.4},"geometry":{"type":"MultiLineString","coordinates":[[[126.970208,46.7167596,0],[126.9702205,46.7167624,0],[126.9703199,46.7167846,0],[126.9703919,46.7168007,0]]]}},{"type":"Feature","properties":{"network":"排水","diameter_mm":675,"material":"CP","depth_m":2.4},"geometry":{"type":"MultiLineString","coordinates":[[[126.9031082,46.733993,0],[126.9036535,46.7344991,0],[126.9036665,46.7345132,0],[126.9036741,46.7345235,0],[126.9036794,46.7345321,0],[126.9036836,46.7345402,0],[126.903688,46.7345511,0],[126.9036912,46.7345617,0],[126.9036933,46.7345722,0],[126.9036943,46.7345817,0],[126.9036944,46.7345904,0],[126.903694,46.7345983,0],[126.9036934,46.7346032,0],[126.9036907,46.7346261,0]]]}},{"type":"Feature","properties":{"network":"排水","diameter_mm":750,"material":"CP","depth_m":2.4},"geometry":{"type":"MultiLineString","coordinates":[[[127.0039022,46.7140797,0],[127.0047439,46.7136393,0],[127.0048215,46.7135987,0],[127.0050211,46.7134943,0]]]}},{"type":"Feature","properties":{"network":"排水","diameter_mm":750,"material":"CP","depth_m":2.4},"geometry":{"type":"MultiLineString","coordinates":[[[127.0050211,46.7134943,0],[127.0058598,46.7130647,0]]]}},{"type":"Feature","properties":{"network":"排水","diameter_mm":750,"material":"CP","depth_m":2.4},"geometry":{"type":"MultiLineString","coordinates":[[[127.007842,46.7113825,0],[127.0083652,46.7111033,0],[127.0090885,46.7107172,0]]]}},{"type":"Feature","properties":{"network":"排水","diameter_mm":750,"material":"CP","depth_m":2.4},"geometry":{"type":"MultiLineString","coordinates":[[[126.91041,46.7385897,0],[126.9113407,46.7391377,0]]]}},{"type":"Feature","properties":{"network":"排水","diameter_mm":1350,"material":"CP","depth_m":2.4},"geometry":{"type":"MultiLineString","coordinates":[[[126.9979131,46.7028836,0],[126.9991262,46.7029354,0]]]}},{"type":"Feature","properties":{"network":"排水","diameter_mm":1350,"material":"CP","depth_m":2.4},"geometry":{"type":"MultiLineString","coordinates":[[[126.9926762,46.704778,0],[126.9936849,46.7041322,0]]]}},{"type":"Feature","properties":{"network":"排水","diameter_mm":1350,"material":"CP","depth_m":2.4},"geometry":{"type":"MultiLineString","coordinates":[[[126.9936849,46.7041322,0],[126.9937018,46.7041216,0],[126.9937189,46.7041121,0],[126.9937307,46.7041062,0],[126.9937461,46.7040991,0],[126.9937659,46.7040911,0],[126.993783,46.704085,0],[126.9938041,46.7040786,0],[126.9938247,46.7040733,0],[126.9938475,46.7040685,0],[126.9938772,46.7040639,0],[126.995248,46.7039177,0],[126.9952695,46.7039154,0],[126.9952916,46.7039119,0],[126.9953154,46.7039069,0],[126.9953375,46.7039011,0],[126.9953578,46.7038946,0],[126.9953803,46.703886,0],[126.9953984,46.7038779,0],[126.9954154,46.7038693,0],[126.9954301,46.7038608,0],[126.9954437,46.7038522,0],[126.9954551,46.7038442,0],[126.995465,46.7038366,0],[126.9954798,46.703824,0]]]}},{"type":"Feature","properties":{"network":"排水","diameter_mm":1350,"material":"CP","depth_m":2.4},"geometry":{"type":"MultiLineString","coordinates":[[[126.9918173,46.7056624,0],[126.9926762,46.704778,0]]]}},{"type":"Feature","properties":{"network":"排水","diameter_mm":675,"material":"CP","depth_m":2.4},"geometry":{"type":"MultiLineString","coordinates":[[[126.9818299,46.7342834,0],[126.9818723,46.7342583,0],[126.9819133,46.7342507,0],[126.9820765,46.7342204,0],[126.9820825,46.7342193,0],[126.9820879,46.7342181,0],[126.9820923,46.734217,0],[126.9820972,46.7342155,0],[126.9821029,46.7342135,0],[126.9821086,46.7342112,0],[126.9821136,46.7342089,0],[126.9821185,46.7342064,0],[126.9821236,46.7342034,0],[126.982129,46.7341998,0],[126.9821336,46.7341963,0],[126.9821378,46.7341927,0],[126.9821416,46.7341889,0],[126.9821449,46.7341852,0],[126.9821481,46.7341813,0],[126.9821511,46.7341769,0],[126.9821539,46.7341719,0],[126.9822194,46.7340388,0],[126.9822385,46.7340251,0]]]}},{"type":"Feature","properties":{"network":"排水","diameter_mm":1350,"material":"CP","depth_m":2.4},"geometry":{"type":"MultiLineString","coordinates":[[[127.0270981,46.7358089,0],[127.0270986,46.7358028,0],[127.0271218,46.7356254,0],[127.027179,46.7351829,0],[127.0272292,46.734795,0],[127.027253,46.7346109,0],[127.0272539,46.7346042,0]]]}},{"type":"Feature","properties":{"network":"排水","diameter_mm":1350,"material":"CP","depth_m":2.4},"geometry":{"type":"MultiLineString","coordinates":[[[127.0258245,46.7368225,0],[127.0258309,46.7368169,0],[127.0263422,46.7364433,0],[127.0263489,46.7364384,0],[127.0263489,46.7364384,0],[127.0264952,46.7363315,0],[127.027009,46.735956,0],[127.0270241,46.7359445,0],[127.0270383,46.735932,0],[127.0270501,46.7359198,0],[127.0270602,46.7359078,0],[127.0270716,46.7358913,0],[127.0270826,46.7358707,0],[127.0270893,46.7358535,0],[127.0270948,46.735831,0],[127.0270973,46.7358145,0],[127.0270981,46.7358089,0]]]}},{"type":"Feature","properties":{"network":"排水","diameter_mm":1350,"material":"CP","depth_m":2.4},"geometry":{"type":"MultiLineString","coordinates":[[[127.0240365,46.7370863,0],[127.0240444,46.737086,0],[127.0254317,46.7370309,0],[127.025449,46.7370294,0],[127.0254661,46.7370273,0],[127.0254866,46.7370238,0],[127.0255037,46.73702,0],[127.025521,46.7370153,0],[127.0255396,46.7370093,0],[127.0255563,46.737003,0],[127.0255729,46.7369957,0],[127.0255871,46.7369887,0],[127.0255973,46.736983,0],[127.0256066,46.7369774,0],[127.025615,46.736972,0],[127.0258178,46.7368264,0],[127.0258245,46.7368225,0]]]}},{"type":"Feature","properties":{"network":"排水","diameter_mm":1350,"material":"CP","depth_m":2.4},"geometry":{"type":"MultiLineString","coordinates":[[[127.0006198,46.7021786,0],[127.0015689,46.7016325,0]]]}},{"type":"Feature","properties":{"network":"排水","diameter_mm":1350,"material":"CP","depth_m":2.4},"geometry":{"type":"MultiLineString","coordinates":[[[127.0015689,46.7016325,0],[127.0025042,46.7010946,0]]]}},{"type":"Feature","properties":{"network":"排水","diameter_mm":1350,"material":"CP","depth_m":2.4},"geometry":{"type":"MultiLineString","coordinates":[[[127.0447163,46.7123978,0],[127.0447715,46.7120647,0],[127.0447736,46.712049,0],[127.0447738,46.7120311,0],[127.0447722,46.7120157,0],[127.0447691,46.712001,0],[127.0447639,46.711985,0],[127.0447593,46.7119743,0],[127.0447521,46.7119579,0],[127.0447367,46.7119228,0],[127.0445106,46.711387,0]]]}},{"type":"Feature","properties":{"network":"排水","diameter_mm":750,"material":"CP","depth_m":2.4},"geometry":{"type":"MultiLineString","coordinates":[[[127.0090885,46.7107172,0],[127.0102052,46.7102118,0]]]}},{"type":"Feature","properties":{"network":"排水","diameter_mm":750,"material":"CP","depth_m":2.4},"geometry":{"type":"MultiLineString","coordinates":[[[127.0102052,46.7102118,0],[127.011472,46.7096362,0]]]}},{"type":"Feature","properties":{"network":"排水","diameter_mm":750,"material":"CP","depth_m":2.4},"geometry":{"type":"MultiLineString","coordinates":[[[127.011472,46.7096362,0],[127.0122351,46.7091509,0]]]}},{"type":"Feature","properties":{"network":"排水","diameter_mm":1050,"material":"CP","depth_m":2.4},"geometry":{"type":"MultiLineString","coordinates":[[[126.9505734,46.7257614,0],[126.9514745,46.7249824,0]]]}},{"type":"Feature","properties":{"network":"排水","diameter_mm":750,"material":"CP","depth_m":2.4},"geometry":{"type":"MultiLineString","coordinates":[[[126.9971543,46.7189523,0],[126.9977449,46.7183433,0],[126.9977515,46.7183365,0]]]}},{"type":"Feature","properties":{"network":"排水","diameter_mm":1200,"material":"CP","depth_m":2.4},"geometry":{"type":"MultiLineString","coordinates":[[[126.9642126,46.7185718,0],[126.9658312,46.7178626,0],[126.9658405,46.7178585,0]]]}},{"type":"Feature","properties":{"network":"排水","diameter_mm":1050,"material":"CP","depth_m":2.4},"geometry":{"type":"MultiLineString","coordinates":[[[126.9514745,46.7249824,0],[126.9521553,46.724401,0]]]}},{"type":"Feature","properties":{"network":"排水","diameter_mm":1050,"material":"CP","depth_m":2.4},"geometry":{"type":"MultiLineString","coordinates":[[[126.9521553,46.724401,0],[126.9523925,46.7242586,0]]]}},{"type":"Feature","properties":{"network":"排水","diameter_mm":1050,"material":"CP","depth_m":2.4},"geometry":{"type":"MultiLineString","coordinates":[[[126.9471198,46.7281197,0],[126.947495,46.7274291,0],[126.9475007,46.7274197,0],[126.9475071,46.7274104,0],[126.9475164,46.7273985,0],[126.9475275,46.7273864,0],[126.9475396,46.7273751,0],[126.9475514,46.7273655,0],[126.9475634,46.7273568,0],[126.9475748,46.7273494,0],[126.9475858,46.727343,0],[126.9475974,46.727337,0],[126.9476091,46.7273314,0],[126.9476153,46.7273288,0],[126.9476245,46.7273252,0]]]}},{"type":"Feature","properties":{"network":"排水","diameter_mm":600,"material":"CP","depth_m":2.4},"geometry":{"type":"MultiLineString","coordinates":[[[126.9853714,46.7301767,0],[126.9853493,46.7301716,0],[126.9852677,46.7300725,0],[126.9852674,46.7300515,0]]]}},{"type":"Feature","properties":{"network":"排水","diameter_mm":375,"material":"CP","depth_m":2.4},"geometry":{"type":"MultiLineString","coordinates":[[[126.9533505,46.7241859,0],[126.952937,46.7239159,0]]]}},{"type":"Feature","properties":{"network":"排水","diameter_mm":375,"material":"CP","depth_m":2.4},"geometry":{"type":"MultiLineString","coordinates":[[[126.952937,46.7239159,0],[126.9528848,46.723856,0]]]}},{"type":"Feature","properties":{"network":"排水","diameter_mm":750,"material":"CP","depth_m":2.4},"geometry":{"type":"MultiLineString","coordinates":[[[126.9995551,46.716325,0],[127.0004323,46.7158717,0]]]}},{"type":"Feature","properties":{"network":"排水","diameter_mm":1350,"material":"CP","depth_m":2.4},"geometry":{"type":"MultiLineString","coordinates":[[[127.0280789,46.7311113,0],[127.0280822,46.7311072,0],[127.02847,46.7306137,0],[127.0284803,46.7306009,0],[127.0284903,46.7305903,0],[127.0285031,46.7305789,0],[127.0285166,46.7305685,0],[127.0285306,46.7305592,0],[127.0285444,46.7305514,0],[127.0285599,46.7305438,0],[127.0285738,46.7305379,0],[127.0285904,46.7305319,0],[127.0292665,46.7302916,0],[127.0294734,46.7302181,0],[127.0294748,46.7302177,0],[127.0294895,46.7302122,0],[127.0295097,46.730203,0],[127.0295226,46.7301959,0],[127.0295396,46.7301848,0],[127.0295421,46.7301829,0],[127.0295822,46.7301547,0],[127.0295873,46.7301511,0]]]}},{"type":"Feature","properties":{"network":"排水","diameter_mm":1350,"material":"CP","depth_m":2.4},"geometry":{"type":"MultiLineString","coordinates":[[[127.0284568,46.7324261,0],[127.0284552,46.7324216,0],[127.0280354,46.7312864,0],[127.0280313,46.7312746,0],[127.0280268,46.7312565,0],[127.0280242,46.7312357,0],[127.0280259,46.7312158,0],[127.0280285,46.7312004,0],[127.0280332,46.7311838,0],[127.0280395,46.7311683,0],[127.0280482,46.7311519,0],[127.0280628,46.7311312,0],[127.0280732,46.7311184,0],[127.0280789,46.7311113,0]]]}},{"type":"Feature","properties":{"network":"排水","diameter_mm":1350,"material":"CP","depth_m":2.4},"geometry":{"type":"MultiLineString","coordinates":[[[127.0282249,46.733649,0],[127.0282287,46.7336454,0],[127.0282428,46.7336323,0],[127.0282552,46.7336214,0],[127.0282664,46.7336101,0],[127.0282767,46.7335981,0],[127.0282862,46.7335853,0],[127.028293,46.7335745,0],[127.0282996,46.7335623,0],[127.0283041,46.7335526,0],[127.0283089,46.7335409,0],[127.0283656,46.7333676,0],[127.0284385,46.7331478,0],[127.0285543,46.7327966,0],[127.0285576,46.7327837,0],[127.0285599,46.7327683,0],[127.0285607,46.7327523,0],[127.0285599,46.732737,0],[127.0285575,46.732721,0],[127.0285528,46.7327027,0],[127.0285496,46.7326937,0],[127.0285495,46.7326933,0],[127.0284599,46.7324348,0],[127.0284568,46.7324261,0]]]}},{"type":"Feature","properties":{"network":"排水","diameter_mm":750,"material":"CP","depth_m":2.4},"geometry":{"type":"MultiLineString","coordinates":[[[126.9925706,46.7225985,0],[126.9931624,46.7222719,0],[126.9936365,46.7220104,0]]]}},{"type":"Feature","properties":{"network":"排水","diameter_mm":750,"material":"CP","depth_m":2.4},"geometry":{"type":"MultiLineString","coordinates":[[[126.9909087,46.7238891,0],[126.9916513,46.7234578,0],[126.9918186,46.7233607,0],[126.991869,46.7233314,0],[126.9918782,46.7233261,0]]]}},{"type":"Feature","properties":{"network":"排水","diameter_mm":1950,"material":"CP","depth_m":2.4},"geometry":{"type":"MultiLineString","coordinates":[[[126.9747325,46.6950182,0],[126.9747514,46.6950066,0]]]}},{"type":"Feature","properties":{"network":"排水","diameter_mm":3000,"material":"CP","depth_m":2.4},"geometry":{"type":"MultiLineString","coordinates":[[[126.9217394,46.6787451,0],[126.9178443,46.6778661,0],[126.9158627,46.6774189,0]]]}},{"type":"Feature","properties":{"network":"排水","diameter_mm":1350,"material":"CP","depth_m":2.4},"geometry":{"type":"MultiLineString","coordinates":[[[127.0295873,46.7301511,0],[127.0295989,46.7301431,0],[127.0298445,46.7299736,0],[127.0299922,46.7298717,0],[127.0304757,46.729538,0],[127.0305574,46.7294816,0],[127.0305708,46.7294714,0],[127.0305871,46.7294571,0],[127.0305977,46.7294463,0],[127.0306071,46.7294354,0],[127.0306168,46.7294224,0],[127.0306248,46.7294098,0],[127.030636,46.7293875,0],[127.0308122,46.7289121,0]]]}},{"type":"Feature","properties":{"network":"排水","diameter_mm":1200,"material":"CP","depth_m":2.4},"geometry":{"type":"MultiLineString","coordinates":[[[126.9684344,46.7165162,0],[126.9684544,46.7164987,0],[126.9684929,46.7164918,0],[126.9685037,46.7164896,0],[126.9685152,46.7164875,0],[126.9685285,46.7164854,0],[126.9685414,46.7164835,0],[126.9685575,46.7164815,0],[126.9685741,46.7164799,0],[126.9685917,46.7164786,0],[126.9686096,46.7164777,0],[126.9686268,46.7164773,0],[126.9686525,46.7164774,0],[126.9686737,46.7164782,0],[126.969168,46.7165257,0],[126.9705161,46.7166553,0]]]}},{"type":"Feature","properties":{"network":"排水","diameter_mm":750,"material":"CP","depth_m":2.4},"geometry":{"type":"MultiLineString","coordinates":[[[126.9964137,46.7197086,0],[126.9968977,46.7192144,0],[126.9969555,46.7191554,0],[126.9969821,46.7191282,0],[126.9969977,46.7191122,0],[126.9971543,46.7189523,0]]]}},{"type":"Feature","properties":{"network":"排水","diameter_mm":3000,"material":"UNK","depth_m":2.4},"geometry":{"type":"MultiLineString","coordinates":[[[126.9158627,46.6774189,0],[126.9117812,46.6765619,0],[126.9117076,46.6765464,0],[126.9117057,46.676546,0],[126.9113128,46.6764635,0]]]}},{"type":"Feature","properties":{"network":"排水","diameter_mm":1050,"material":"CP","depth_m":2.4},"geometry":{"type":"MultiLineString","coordinates":[[[127.094669,46.753209,0],[127.094686,46.7531925,0],[127.0946961,46.7531833,0],[127.0947127,46.7531709,0],[127.0947295,46.7531611,0],[127.0947496,46.7531521,0],[127.0947846,46.7531415,0],[127.0948191,46.7531366,0],[127.0948417,46.7531366,0],[127.0948642,46.7531366,0],[127.094903,46.7531438,0],[127.0949573,46.7531575,0],[127.0949573,46.7531575,0],[127.0949744,46.7531618,0],[127.0951729,46.7532115,0],[127.0955291,46.7532994,0],[127.0955433,46.7533028,0],[127.0955664,46.7533066,0],[127.095588,46.7533077,0],[127.0956062,46.7533072,0],[127.0956225,46.7533058,0],[127.0956403,46.7533028,0],[127.0956526,46.7532997,0],[127.095656,46.7532988,0],[127.0956612,46.7532975,0],[127.0956838,46.7532895,0],[127.095706,46.7532784,0],[127.0957269,46.7532637,0],[127.0957493,46.753246,0]]]}},{"type":"Feature","properties":{"network":"排水","diameter_mm":1050,"material":"CP","depth_m":2.4},"geometry":{"type":"MultiLineString","coordinates":[[[126.9703919,46.7168007,0],[126.9704024,46.7167884,0],[126.9705161,46.7166553,0]]]}},{"type":"Feature","properties":{"network":"排水","diameter_mm":1350,"material":"CP","depth_m":2.4},"geometry":{"type":"MultiLineString","coordinates":[[[126.8851673,46.6759534,0],[126.8851746,46.6759495,0],[126.885181,46.6759463,0],[126.8851879,46.6759432,0],[126.8851966,46.6759397,0],[126.8852039,46.6759371,0],[126.8852104,46.675935,0],[126.8852167,46.6759332,0],[126.8852226,46.6759316,0],[126.8852305,46.6759297,0],[126.8863018,46.6756647,0],[126.8863768,46.6756462,0],[126.8867199,46.6755613,0],[126.8869428,46.6755061,0]]]}},{"type":"Feature","properties":{"network":"排水","diameter_mm":1200,"material":"CP","depth_m":2.4},"geometry":{"type":"MultiLineString","coordinates":[[[126.9112954,46.6765285,0],[126.9112463,46.676452,0]]]}},{"type":"Feature","properties":{"network":"排水","diameter_mm":1350,"material":"CP","depth_m":2.4},"geometry":{"type":"MultiLineString","coordinates":[[[127.0179679,46.7387156,0],[127.0179798,46.738716,0],[127.0185411,46.7387352,0],[127.0185628,46.7387354,0],[127.0185834,46.7387344,0],[127.0186013,46.7387327,0],[127.0186159,46.7387306,0],[127.0186337,46.7387272,0],[127.0186618,46.73872,0],[127.0195648,46.7384564,0],[127.0195762,46.738453,0]]]}},{"type":"Feature","properties":{"network":"排水","diameter_mm":1350,"material":"CP","depth_m":2.4},"geometry":{"type":"MultiLineString","coordinates":[[[127.0158954,46.743186,0],[127.0159055,46.7431808,0],[127.0159201,46.7431733,0],[127.0159338,46.7431656,0],[127.0159469,46.7431571,0],[127.0159587,46.7431483,0],[127.0159691,46.7431395,0],[127.0159817,46.743127,0],[127.0159925,46.7431142,0],[127.0160031,46.7430986,0],[127.016011,46.7430839,0],[127.0160181,46.7430654,0],[127.0160223,46.7430477,0],[127.0160236,46.7430369,0],[127.0160241,46.7430272,0],[127.0160325,46.7421328,0],[127.0160326,46.7421219,0]]]}},{"type":"Feature","properties":{"network":"排水","diameter_mm":750,"material":"CP","depth_m":2.4},"geometry":{"type":"MultiLineString","coordinates":[[[126.9942952,46.7215928,0],[126.9950189,46.7211403,0]]]}},{"type":"Feature","properties":{"network":"排水","diameter_mm":1200,"material":"CP","depth_m":2.4},"geometry":{"type":"MultiLineString","coordinates":[[[127.0117055,46.7459426,0],[127.0119739,46.745512,0],[127.0120125,46.7454501,0],[127.0120988,46.7453117,0],[127.0121085,46.7452974,0],[127.0121245,46.74528,0],[127.0121374,46.7452687,0],[127.0121585,46.7452537,0],[127.0121869,46.7452383,0],[127.0127485,46.7449911,0],[127.0129828,46.744888,0],[127.0129966,46.7448817,0]]]}},{"type":"Feature","properties":{"network":"排水","diameter_mm":1200,"material":"CP","depth_m":2.4},"geometry":{"type":"MultiLineString","coordinates":[[[127.0088601,46.7488051,0],[127.0088738,46.748801,0],[127.0103369,46.7483809,0],[127.0103602,46.7483725,0],[127.0103803,46.7483631,0],[127.0103989,46.7483524,0],[127.0104147,46.7483415,0],[127.01043,46.7483296,0],[127.0104421,46.7483151,0],[127.0104529,46.7483008,0],[127.010461,46.7482872,0],[127.0104683,46.7482705,0],[127.0104722,46.7482577,0],[127.0104752,46.7482409,0],[127.0104761,46.748233,0],[127.010477,46.7482244,0]]]}},{"type":"Feature","properties":{"network":"排水","diameter_mm":1200,"material":"CP","depth_m":2.4},"geometry":{"type":"MultiLineString","coordinates":[[[127.0063637,46.7532755,0],[127.0063633,46.7532665,0],[127.0063122,46.7520748,0],[127.0063118,46.7520657,0]]]}},{"type":"Feature","properties":{"network":"排水","diameter_mm":1200,"material":"CP","depth_m":2.4},"geometry":{"type":"MultiLineString","coordinates":[[[127.0039678,46.7518054,0],[127.0049319,46.7514064,0],[127.004945,46.7514023,0]]]}},{"type":"Feature","properties":{"network":"排水","diameter_mm":1200,"material":"CP","depth_m":2.4},"geometry":{"type":"MultiLineString","coordinates":[[[127.004945,46.7514023,0],[127.0049547,46.7513969,0],[127.005356,46.7512246,0],[127.0053561,46.7512245,0],[127.0062486,46.7508414,0],[127.0062744,46.7508274,0],[127.0062994,46.7508115,0],[127.0063174,46.7507988,0],[127.006332,46.7507861,0],[127.006352,46.7507797,0]]]}},{"type":"Feature","properties":{"network":"排水","diameter_mm":1050,"material":"CP","depth_m":2.4},"geometry":{"type":"MultiLineString","coordinates":[[[126.9424182,46.7323044,0],[126.9432141,46.7318029,0]]]}},{"type":"Feature","properties":{"network":"排水","diameter_mm":750,"material":"CP","depth_m":2.4},"geometry":{"type":"MultiLineString","coordinates":[[[127.0004323,46.7158717,0],[127.0004902,46.7158418,0],[127.0005363,46.715818,0],[127.0006876,46.7157399,0],[127.0016576,46.7152391,0]]]}},{"type":"Feature","properties":{"network":"排水","diameter_mm":750,"material":"CP","depth_m":2.4},"geometry":{"type":"MultiLineString","coordinates":[[[127.0016576,46.7152391,0],[127.0028542,46.7146186,0],[127.0029504,46.7145687,0]]]}},{"type":"Feature","properties":{"network":"排水","diameter_mm":750,"material":"CP","depth_m":2.4},"geometry":{"type":"MultiLineString","coordinates":[[[127.0029504,46.7145687,0],[127.0029713,46.714558,0],[127.0032179,46.7144313,0],[127.0039022,46.7140797,0]]]}},{"type":"Feature","properties":{"network":"排水","diameter_mm":1350,"material":"CP","depth_m":2.4},"geometry":{"type":"MultiLineString","coordinates":[[[127.014348,46.7440963,0],[127.0143524,46.7440937,0],[127.0144336,46.7440459,0],[127.0149672,46.743732,0],[127.015886,46.7431915,0],[127.0158954,46.743186,0]]]}},{"type":"Feature","properties":{"network":"排水","diameter_mm":525,"material":"CP","depth_m":2.4},"geometry":{"type":"MultiLineString","coordinates":[[[126.9600413,46.720009,0],[126.9599855,46.7200322,0],[126.9588644,46.7204987,0]]]}},{"type":"Feature","properties":{"network":"排水","diameter_mm":1050,"material":"CP","depth_m":2.4},"geometry":{"type":"MultiLineString","coordinates":[[[126.9221474,46.7432983,0],[126.9221692,46.74328,0],[126.9221747,46.7432755,0],[126.9221815,46.7432706,0],[126.9221891,46.7432657,0],[126.9221959,46.7432618,0],[126.9222035,46.7432579,0],[126.9222111,46.7432545,0],[126.9222182,46.7432516,0],[126.9222304,46.7432475,0],[126.9245617,46.7425079,0]]]}},{"type":"Feature","properties":{"network":"排水","diameter_mm":2250,"material":"CP","depth_m":2.4},"geometry":{"type":"MultiLineString","coordinates":[[[126.9346073,46.6846579,0],[126.9345994,46.6846562,0],[126.9339231,46.6845149,0],[126.9338989,46.6845072,0],[126.9338752,46.684498,0],[126.9338509,46.6844864,0],[126.9338302,46.6844745,0],[126.93381,46.6844608,0],[126.9337882,46.6844428,0],[126.9337719,46.6844265,0],[126.9337588,46.6844107,0],[126.9337489,46.6843966,0],[126.9337345,46.6843699,0],[126.9337053,46.684347,0]]]}},{"type":"Feature","properties":{"network":"排水","diameter_mm":1050,"material":"CP","depth_m":2.4},"geometry":{"type":"MultiLineString","coordinates":[[[126.9244004,46.7020539,0],[126.9255794,46.7015092,0]]]}},{"type":"Feature","properties":{"network":"排水","diameter_mm":1350,"material":"CP","depth_m":2.4},"geometry":{"type":"MultiLineString","coordinates":[[[127.0313202,46.7275169,0],[127.0313641,46.7273872,0],[127.0313682,46.7273724,0],[127.0313705,46.72736,0],[127.0313717,46.7273496,0],[127.0313724,46.7273354,0],[127.031372,46.7273241,0],[127.0312225,46.7263228,0],[127.0312207,46.7263113,0]]]}},{"type":"Feature","properties":{"network":"排水","diameter_mm":1350,"material":"CP","depth_m":2.4},"geometry":{"type":"MultiLineString","coordinates":[[[127.0308122,46.7289121,0],[127.0310934,46.7281299,0],[127.0313202,46.7275169,0]]]}},{"type":"Feature","properties":{"network":"排水","diameter_mm":2100,"material":"CP","depth_m":2.4},"geometry":{"type":"MultiLineString","coordinates":[[[127.0498306,46.7440979,0],[127.0488862,46.7440284,0],[127.0481755,46.7439761,0]]]}},{"type":"Feature","properties":{"network":"排水","diameter_mm":1050,"material":"CP","depth_m":2.4},"geometry":{"type":"MultiLineString","coordinates":[[[126.9377847,46.7350567,0],[126.9385217,46.7342967,0]]]}},{"type":"Feature","properties":{"network":"排水","diameter_mm":1500,"material":"CP","depth_m":2.4},"geometry":{"type":"MultiLineString","coordinates":[[[126.9544788,46.7225389,0],[126.9545816,46.7224563,0],[126.9545909,46.7224488,0],[126.9546083,46.7224355,0],[126.9546288,46.7224213,0],[126.9546511,46.7224076,0],[126.9546723,46.7223958,0],[126.9546906,46.7223866,0],[126.9547097,46.7223779,0],[126.9547309,46.7223691,0],[126.9547552,46.7223602,0],[126.9547805,46.722352,0],[126.9547972,46.7223473,0],[126.9555182,46.722157,0],[126.9562614,46.7219608,0],[126.9562794,46.7219557,0],[126.9563018,46.7219499,0],[126.9563226,46.7219452,0],[126.956341,46.7219415,0],[126.9563614,46.7219379,0],[126.9563847,46.7219344,0],[126.9564074,46.7219317,0],[126.9564294,46.7219297,0],[126.9564459,46.7219285,0],[126.9564637,46.7219276,0],[126.9564864,46.721927,0],[126.9565083,46.7219274,0]]]}},{"type":"Feature","properties":{"network":"排水","diameter_mm":1350,"material":"CP","depth_m":2.4},"geometry":{"type":"MultiLineString","coordinates":[[[127.0312207,46.7263113,0],[127.0312201,46.7263069,0],[127.031056,46.7252329,0],[127.0310541,46.7252206,0]]]}},{"type":"Feature","properties":{"network":"排水","diameter_mm":1350,"material":"CP","depth_m":2.4},"geometry":{"type":"MultiLineString","coordinates":[[[127.0310541,46.7252206,0],[127.0310531,46.725215,0],[127.0310495,46.7251969,0],[127.0310482,46.725179,0],[127.0310493,46.7251591,0],[127.0310531,46.7251392,0],[127.0310586,46.7251221,0],[127.0310671,46.7251036,0],[127.0310746,46.7250902,0],[127.031085,46.7250763,0],[127.0310954,46.7250624,0],[127.0311086,46.7250509,0],[127.0311255,46.7250368,0],[127.0311416,46.7250255,0],[127.031166,46.7250113,0],[127.0311932,46.7249989,0],[127.0312125,46.7249918,0],[127.0312444,46.7249829,0],[127.0324456,46.7246968,0],[127.0324584,46.7246939,0]]]}},{"type":"Feature","properties":{"network":"排水","diameter_mm":1500,"material":"CP","depth_m":2.4},"geometry":{"type":"MultiLineString","coordinates":[[[126.9565083,46.7219274,0],[126.9582191,46.7219532,0],[126.9582337,46.7219516,0],[126.958246,46.72195,0],[126.9582773,46.7219451,0],[126.9583026,46.7219401,0],[126.958326,46.7219347,0],[126.9583509,46.7219281,0],[126.9583761,46.7219204,0],[126.9583996,46.7219124,0],[126.9584259,46.7219021,0],[126.9584526,46.7218905,0],[126.9584781,46.721878,0],[126.9584957,46.7218684,0],[126.9585146,46.7218573,0],[126.958709,46.7217232,0]]]}},{"type":"Feature","properties":{"network":"排水","diameter_mm":675,"material":"CP","depth_m":2.4},"geometry":{"type":"MultiLineString","coordinates":[[[126.9036907,46.7346261,0],[126.9035486,46.7354109,0],[126.9034708,46.7358407,0],[126.9034699,46.7358535,0],[126.9034703,46.7358654,0],[126.9034713,46.7358733,0],[126.9034729,46.7358816,0],[126.9034754,46.7358905,0],[126.9034779,46.7358975,0],[126.9034813,46.7359054,0],[126.9034849,46.7359125,0],[126.9034967,46.7359328,0]]]}},{"type":"Feature","properties":{"network":"排水","diameter_mm":675,"material":"CP","depth_m":2.4},"geometry":{"type":"MultiLineString","coordinates":[[[126.9034967,46.7359328,0],[126.9035702,46.7360641,0],[126.9040451,46.7369117,0],[126.9040956,46.7369974,0],[126.9041047,46.7370103,0],[126.9041136,46.7370205,0],[126.9041236,46.7370299,0],[126.9041361,46.7370397,0],[126.9041499,46.7370486,0],[126.9041651,46.7370566,0],[126.9041797,46.7370628,0],[126.9041958,46.7370683,0],[126.9042147,46.7370732,0],[126.904232,46.7370763,0],[126.9042486,46.7370781,0],[126.9042648,46.7370788,0],[126.9042842,46.7370784,0],[126.9043067,46.737076,0],[126.9043388,46.7370711,0]]]}},{"type":"Feature","properties":{"network":"排水","diameter_mm":1050,"material":"CP","depth_m":2.4},"geometry":{"type":"MultiLineString","coordinates":[[[126.9279516,46.7414049,0],[126.9280025,46.7413819,0],[126.9280101,46.7413774,0],[126.9280182,46.7413721,0],[126.9280245,46.7413676,0],[126.9280316,46.7413621,0],[126.9280399,46.7413549,0],[126.9280476,46.7413475,0],[126.9280545,46.7413401,0],[126.9280598,46.7413336,0],[126.9280674,46.7413231,0],[126.9287409,46.7404943,0]]]}},{"type":"Feature","properties":{"network":"排水","diameter_mm":3000,"material":"CP","depth_m":2.4},"geometry":{"type":"MultiLineString","coordinates":[[[126.9113128,46.6764635,0],[126.9112463,46.676452,0],[126.911191,46.6764425,0],[126.9111744,46.6764395,0],[126.9111516,46.676435,0],[126.9111288,46.6764305,0],[126.9110936,46.676423,0],[126.9103043,46.6762675,0],[126.9100897,46.6762253,0],[126.909544,46.6761178,0],[126.9095229,46.6761136,0],[126.9094834,46.6761058,0]]]}},{"type":"Feature","properties":{"network":"排水","diameter_mm":1050,"material":"CP","depth_m":2.4},"geometry":{"type":"MultiLineString","coordinates":[[[126.9396238,46.7331929,0],[126.9413595,46.7327649,0]]]}},{"type":"Feature","properties":{"network":"排水","diameter_mm":1050,"material":"CP","depth_m":2.4},"geometry":{"type":"MultiLineString","coordinates":[[[126.9440871,46.7313435,0],[126.9445727,46.730899,0]]]}},{"type":"Feature","properties":{"network":"排水","diameter_mm":675,"material":"CP","depth_m":2.4},"geometry":{"type":"MultiLineString","coordinates":[[[126.9929596,46.7532822,0],[126.9939865,46.7527941,0]]]}},{"type":"Feature","properties":{"network":"排水","diameter_mm":675,"material":"CP","depth_m":2.4},"geometry":{"type":"MultiLineString","coordinates":[[[126.9912411,46.7537265,0],[126.9928835,46.7533121,0],[126.9928905,46.7533106,0],[126.9928969,46.7533089,0],[126.9929028,46.7533073,0],[126.9929091,46.7533052,0],[126.9929158,46.7533028,0],[126.992921,46.7533007,0],[126.9929261,46.7532984,0],[126.9929338,46.7532942,0],[126.9929596,46.7532822,0]]]}},{"type":"Feature","properties":{"network":"排水","diameter_mm":2700,"material":"CP","depth_m":2.4},"geometry":{"type":"MultiLineString","coordinates":[[[126.9079957,46.6758117,0],[126.9068566,46.6755917,0],[126.9058487,46.675397,0],[126.9057415,46.675409,0]]]}},{"type":"Feature","properties":{"network":"排水","diameter_mm":675,"material":"CP","depth_m":2.4},"geometry":{"type":"MultiLineString","coordinates":[[[127.0027333,46.7523125,0],[127.0039574,46.7518097,0],[127.0039678,46.7518054,0]]]}},{"type":"Feature","properties":{"network":"排水","diameter_mm":675,"material":"CP","depth_m":2.4},"geometry":{"type":"MultiLineString","coordinates":[[[126.9977145,46.7516935,0],[126.999522,46.752015,0]]]}},{"type":"Feature","properties":{"network":"排水","diameter_mm":675,"material":"CP","depth_m":2.4},"geometry":{"type":"MultiLineString","coordinates":[[[127.0008954,46.7520828,0],[127.001909,46.7521137,0]]]}},{"type":"Feature","properties":{"network":"排水","diameter_mm":675,"material":"CP","depth_m":2.4},"geometry":{"type":"MultiLineString","coordinates":[[[126.9964212,46.7519303,0],[126.9965025,46.7519132,0],[126.9975827,46.7516917,0],[126.997589,46.7516906,0],[126.9975979,46.7516891,0],[126.9976071,46.7516879,0],[126.9976136,46.7516872,0],[126.9976225,46.7516865,0],[126.9976316,46.751686,0],[126.9976416,46.7516858,0],[126.9976596,46.7516861,0],[126.9977145,46.7516935,0]]]}},{"type":"Feature","properties":{"network":"排水","diameter_mm":675,"material":"CP","depth_m":2.4},"geometry":{"type":"MultiLineString","coordinates":[[[126.9939865,46.7527941,0],[126.9949135,46.7523584,0],[126.9953338,46.7521609,0],[126.9953419,46.7521573,0],[126.9953478,46.7521547,0],[126.9953537,46.7521522,0],[126.9953596,46.7521497,0],[126.9953663,46.752147,0],[126.9953716,46.7521448,0],[126.9953769,46.7521427,0],[126.9953829,46.7521403,0],[126.9954363,46.752129,0]]]}},{"type":"Feature","properties":{"network":"排水","diameter_mm":1050,"material":"CP","depth_m":2.4},"geometry":{"type":"MultiLineString","coordinates":[[[126.9445727,46.730899,0],[126.9452808,46.730236,0],[126.9453505,46.7301707,0]]]}},{"type":"Feature","properties":{"network":"排水","diameter_mm":1050,"material":"CP","depth_m":2.4},"geometry":{"type":"MultiLineString","coordinates":[[[126.9460034,46.7295639,0],[126.9466629,46.7289517,0],[126.9466683,46.7289452,0],[126.946674,46.7289378,0],[126.946687,46.7289179,0],[126.9466907,46.7289108,0]]]}},{"type":"Feature","properties":{"network":"排水","diameter_mm":250,"material":"CP","depth_m":2.4},"geometry":{"type":"MultiLineString","coordinates":[[[126.9426038,46.7321365,0],[126.9433672,46.7316841,0]]]}},{"type":"Feature","properties":{"network":"排水","diameter_mm":250,"material":"CP","depth_m":2.4},"geometry":{"type":"MultiLineString","coordinates":[[[126.9433672,46.7316841,0],[126.9434037,46.7317032,0]]]}},{"type":"Feature","properties":{"network":"排水","diameter_mm":1050,"material":"CP","depth_m":2.4},"geometry":{"type":"MultiLineString","coordinates":[[[126.9432141,46.7318029,0],[126.9434037,46.7317032,0],[126.9440871,46.7313435,0]]]}},{"type":"Feature","properties":{"network":"排水","diameter_mm":2100,"material":"CP","depth_m":2.4},"geometry":{"type":"MultiLineString","coordinates":[[[126.9747514,46.6950066,0],[126.9750588,46.6948266,0]]]}},{"type":"Feature","properties":{"network":"排水","diameter_mm":525,"material":"CP","depth_m":2.4},"geometry":{"type":"MultiLineString","coordinates":[[[126.9587239,46.7215279,0],[126.958709,46.7217232,0]]]}},{"type":"Feature","properties":{"network":"排水","diameter_mm":525,"material":"CP","depth_m":2.4},"geometry":{"type":"MultiLineString","coordinates":[[[126.9584777,46.7212654,0],[126.9587239,46.7215279,0]]]}},{"type":"Feature","properties":{"network":"排水","diameter_mm":1350,"material":"CP","depth_m":2.4},"geometry":{"type":"MultiLineString","coordinates":[[[127.0343976,46.7230164,0],[127.0345001,46.7216437,0],[127.0345008,46.7216348,0]]]}},{"type":"Feature","properties":{"network":"排水","diameter_mm":675,"material":"CP","depth_m":2.4},"geometry":{"type":"MultiLineString","coordinates":[[[126.9776051,46.734912,0],[126.9777866,46.7348875,0],[126.9781292,46.7348414,0],[126.9782098,46.7348306,0],[126.9788161,46.734749,0]]]}},{"type":"Feature","properties":{"network":"排水","diameter_mm":1050,"material":"CP","depth_m":2.4},"geometry":{"type":"MultiLineString","coordinates":[[[126.9746615,46.7347913,0],[126.9746935,46.7347478,0],[126.974699,46.7347404,0],[126.974724,46.7347,0],[126.974753,46.7346386,0],[126.9748644,46.7343729,0],[126.9748882,46.7343163,0],[126.9751505,46.7336907,0],[126.9751542,46.7336817,0]]]}},{"type":"Feature","properties":{"network":"排水","diameter_mm":1500,"material":"CP","depth_m":2.4},"geometry":{"type":"MultiLineString","coordinates":[[[126.9751542,46.7336817,0],[126.9751569,46.733674,0],[126.9751697,46.733636,0],[126.9751679,46.7336065,0],[126.9751657,46.7336021,0],[126.975154,46.7335783,0],[126.9751323,46.7335531,0],[126.9751063,46.7335368,0],[126.9750673,46.7335199,0],[126.9750188,46.7335105,0],[126.9726312,46.7329848,0]]]}},{"type":"Feature","properties":{"network":"排水","diameter_mm":1500,"material":"CP","depth_m":2.4},"geometry":{"type":"MultiLineString","coordinates":[[[126.9674227,46.731791,0],[126.9673192,46.731776,0],[126.9664739,46.7316529,0],[126.9664101,46.7316338,0],[126.9663447,46.7315955,0],[126.9663074,46.7315549,0],[126.9662808,46.731494,0],[126.9662808,46.7314534,0],[126.966287,46.7314275,0],[126.9663012,46.7313782,0],[126.9663169,46.7313243,0],[126.9663283,46.7312848,0],[126.9665047,46.7306776,0],[126.9665799,46.7304194,0],[126.9665855,46.7304001,0],[126.9666442,46.7301978,0],[126.9666792,46.7300773,0],[126.9667257,46.7299174,0],[126.966742,46.729874,0],[126.9667826,46.7298306,0],[126.9668594,46.7297315,0],[126.9668596,46.7297313,0],[126.9673936,46.7290419,0],[126.9674011,46.7290322,0]]]}},{"type":"Feature","properties":{"network":"排水","diameter_mm":1650,"material":"CP","depth_m":2.4},"geometry":{"type":"MultiLineString","coordinates":[[[126.8800435,46.6485243,0],[126.8781194,46.6487694,0]]]}},{"type":"Feature","properties":{"network":"排水","diameter_mm":600,"material":"CP","depth_m":2.4},"geometry":{"type":"MultiLineString","coordinates":[[[126.8803028,46.6053806,0],[126.8814618,46.6054436,0]]]}},{"type":"Feature","properties":{"network":"排水","diameter_mm":1350,"material":"CP","depth_m":2.4},"geometry":{"type":"MultiLineString","coordinates":[[[127.0357149,46.7206175,0],[127.0357227,46.7206152,0],[127.0365833,46.7203527,0],[127.0366778,46.7203238,0],[127.0367025,46.7203151,0],[127.0367271,46.720304,0],[127.0367509,46.7202905,0],[127.0367745,46.7202736,0],[127.0367903,46.7202599,0],[127.0368069,46.7202419,0],[127.0368197,46.720224,0],[127.0368295,46.7202067,0],[127.0368379,46.7201862,0],[127.0368428,46.7201677,0],[127.0368452,46.7201508,0],[127.0368455,46.7201324,0],[127.0368302,46.7198061,0],[127.0368297,46.7197934,0]]]}},{"type":"Feature","properties":{"network":"排水","diameter_mm":1350,"material":"CP","depth_m":2.4},"geometry":{"type":"MultiLineString","coordinates":[[[127.0345008,46.7216348,0],[127.0345018,46.7216281,0],[127.0345861,46.721039,0],[127.0345901,46.7210197,0],[127.034598,46.7209976,0],[127.0346088,46.7209773,0],[127.0346225,46.7209583,0],[127.0346342,46.7209451,0],[127.0346535,46.7209276,0],[127.0346707,46.7209149,0],[127.0346888,46.7209037,0],[127.0347061,46.7208947,0],[127.0347335,46.7208833,0],[127.034763,46.7208741,0],[127.0356996,46.7206217,0],[127.0357149,46.7206175,0]]]}},{"type":"Feature","properties":{"network":"排水","diameter_mm":1350,"material":"CP","depth_m":2.4},"geometry":{"type":"MultiLineString","coordinates":[[[127.0343065,46.7240914,0],[127.0343073,46.7240844,0],[127.034397,46.7230231,0],[127.0343976,46.7230164,0]]]}},{"type":"Feature","properties":{"network":"排水","diameter_mm":450,"material":"CP","depth_m":2.4},"geometry":{"type":"MultiLineString","coordinates":[[[126.8826909,46.6631468,0],[126.8827261,46.6630944,0]]]}},{"type":"Feature","properties":{"network":"排水","diameter_mm":1200,"material":"CP","depth_m":2.4},"geometry":{"type":"MultiLineString","coordinates":[[[126.893478,46.6479616,0],[126.8925889,46.647933,0],[126.8923757,46.6479261,0]]]}},{"type":"Feature","properties":{"network":"排水","diameter_mm":600,"material":"CP","depth_m":2.4},"geometry":{"type":"MultiLineString","coordinates":[[[127.0532047,46.7443477,0],[127.05296,46.7443298,0],[127.0515258,46.744225,0]]]}},{"type":"Feature","properties":{"network":"排水","diameter_mm":2100,"material":"CP","depth_m":2.4},"geometry":{"type":"MultiLineString","coordinates":[[[127.0531933,46.7443448,0],[127.0528455,46.7443142,0],[127.0515137,46.7442213,0]]]}},{"type":"Feature","properties":{"network":"排水","diameter_mm":1200,"material":"CP","depth_m":2.4},"geometry":{"type":"MultiLineString","coordinates":[[[126.9031424,46.648777,0],[126.9029987,46.6487383,0]]]}},{"type":"Feature","properties":{"network":"排水","diameter_mm":1200,"material":"CP","depth_m":2.4},"geometry":{"type":"MultiLineString","coordinates":[[[126.8894984,46.6481315,0],[126.8893934,46.648366,0],[126.8893559,46.6484498,0],[126.8892874,46.6486028,0],[126.8892704,46.6486406,0],[126.8891863,46.6488095,0]]]}},{"type":"Feature","properties":{"network":"排水","diameter_mm":900,"material":"CP","depth_m":2.4},"geometry":{"type":"MultiLineString","coordinates":[[[126.8668711,46.642803,0],[126.8659976,46.6419275,0]]]}},{"type":"Feature","properties":{"network":"排水","diameter_mm":1200,"material":"UNK","depth_m":2.4},"geometry":{"type":"MultiLineString","coordinates":[[[126.8913085,46.6476736,0],[126.8900199,46.6475373,0]]]}},{"type":"Feature","properties":{"network":"排水","diameter_mm":250,"material":"CP","depth_m":2.4},"geometry":{"type":"MultiLineString","coordinates":[[[126.8913081,46.6476774,0],[126.8912568,46.6481783,0]]]}},{"type":"Feature","properties":{"network":"排水","diameter_mm":1350,"material":"CP","depth_m":2.4},"geometry":{"type":"MultiLineString","coordinates":[[[126.8948397,46.656639,0],[126.8941793,46.6557129,0],[126.8937913,46.6551689,0]]]}},{"type":"Feature","properties":{"network":"排水","diameter_mm":600,"material":"VCP","depth_m":2.4},"geometry":{"type":"MultiLineString","coordinates":[[[126.8827261,46.6630944,0],[126.8823348,46.6624876,0]]]}},{"type":"Feature","properties":{"network":"排水","diameter_mm":3810,"material":"CP","depth_m":2.4},"geometry":{"type":"MultiLineString","coordinates":[[[126.9597717,46.6592927,0],[126.9598149,46.6591873,0],[126.9604528,46.6576305,0],[126.9604837,46.6575705,0],[126.9605066,46.6575361,0],[126.960559,46.6574727,0],[126.9606062,46.657426,0],[126.9606498,46.6573894,0],[126.9607075,46.6573346,0],[126.9613801,46.6567172,0],[126.9614069,46.6566952,0],[126.9614444,46.6566708,0],[126.961466,46.6566572,0],[126.961501,46.6566385,0],[126.9615376,46.6566231,0],[126.9615816,46.6566099,0],[126.961647,46.6565936,0],[126.961699,46.6565857,0]]]}},{"type":"Feature","properties":{"network":"排水","diameter_mm":3810,"material":"CP","depth_m":2.4},"geometry":{"type":"MultiLineString","coordinates":[[[126.9592145,46.6607146,0],[126.9597717,46.6592927,0]]]}},{"type":"Feature","properties":{"network":"排水","diameter_mm":250,"material":"CP","depth_m":2.4},"geometry":{"type":"MultiLineString","coordinates":[[[126.8912568,46.6481783,0],[126.8911208,46.6485096,0],[126.8910062,46.6487886,0]]]}},{"type":"Feature","properties":{"network":"排水","diameter_mm":1800,"material":"CP","depth_m":2.4},"geometry":{"type":"MultiLineString","coordinates":[[[126.9085249,46.6458304,0],[126.9083407,46.6462883,0],[126.9083249,46.6463219,0],[126.9083131,46.6463422,0],[126.9082905,46.6463712,0],[126.9082708,46.6463934,0],[126.9082511,46.6464127,0],[126.9082305,46.6464313,0],[126.9081941,46.6464592,0],[126.9081429,46.6464892,0],[126.9080347,46.6465371,0],[126.9079018,46.6465893,0],[126.9077552,46.6466458,0],[126.9073073,46.6468309,0],[126.9072932,46.6468367,0]]]}},{"type":"Feature","properties":{"network":"排水","diameter_mm":1800,"material":"CP","depth_m":2.4},"geometry":{"type":"MultiLineString","coordinates":[[[126.9072932,46.6468367,0],[126.9072785,46.6468416,0],[126.9070233,46.646942,0],[126.9069691,46.6469664,0],[126.906906,46.6470033,0],[126.9068535,46.647048,0],[126.9068158,46.6470903,0],[126.9067863,46.6471332,0],[126.9067494,46.6472118,0],[126.9066994,46.6473309,0],[126.9065946,46.6475815,0],[126.9064782,46.6478602,0],[126.9064069,46.6480389,0]]]}},{"type":"Feature","properties":{"network":"排水","diameter_mm":1350,"material":"CP","depth_m":2.4},"geometry":{"type":"MultiLineString","coordinates":[[[126.8937913,46.6551689,0],[126.8936327,46.6549424,0],[126.8932381,46.6543791,0],[126.8931907,46.6543114,0]]]}},{"type":"Feature","properties":{"network":"排水","diameter_mm":250,"material":"CP","depth_m":2.4},"geometry":{"type":"MultiLineString","coordinates":[[[126.8913348,46.6476398,0],[126.8913194,46.6476595,0],[126.8913085,46.6476736,0]]]}},{"type":"Feature","properties":{"network":"排水","diameter_mm":250,"material":"PVC","depth_m":2.4},"geometry":{"type":"MultiLineString","coordinates":[[[126.891322,46.6475401,0],[126.8913285,46.647568,0],[126.8913348,46.6476398,0]]]}},{"type":"Feature","properties":{"network":"排水","diameter_mm":600,"material":"VCP","depth_m":2.4},"geometry":{"type":"MultiLineString","coordinates":[[[126.8820203,46.6620044,0],[126.8819673,46.6618999,0]]]}},{"type":"Feature","properties":{"network":"排水","diameter_mm":1650,"material":"CP","depth_m":2.4},"geometry":{"type":"MultiLineString","coordinates":[[[126.8891863,46.6488095,0],[126.8888919,46.6487161,0],[126.8882954,46.6485341,0],[126.8876829,46.6483472,0],[126.8874008,46.6482611,0]]]}},{"type":"Feature","properties":{"network":"排水","diameter_mm":250,"material":"CP","depth_m":2.4},"geometry":{"type":"MultiLineString","coordinates":[[[126.8910062,46.6487886,0],[126.8909508,46.6488296,0],[126.8909333,46.6488425,0],[126.8904208,46.6492214,0]]]}},{"type":"Feature","properties":{"network":"排水","diameter_mm":1500,"material":"CP","depth_m":2.4},"geometry":{"type":"MultiLineString","coordinates":[[[126.8819673,46.6618999,0],[126.8822284,46.6618116,0]]]}},{"type":"Feature","properties":{"network":"排水","diameter_mm":1200,"material":"CP","depth_m":2.4},"geometry":{"type":"MultiLineString","coordinates":[[[126.8961421,46.6473835,0],[126.8948758,46.6472761,0],[126.894857,46.6472745,0]]]}},{"type":"Feature","properties":{"network":"排水","diameter_mm":1200,"material":"CP","depth_m":2.4},"geometry":{"type":"MultiLineString","coordinates":[[[126.8975922,46.6476155,0],[126.8961421,46.6473835,0]]]}},{"type":"Feature","properties":{"network":"排水","diameter_mm":900,"material":"CP","depth_m":2.4},"geometry":{"type":"MultiLineString","coordinates":[[[126.8730706,46.6465817,0],[126.8724465,46.64638,0]]]}},{"type":"Feature","properties":{"network":"排水","diameter_mm":1650,"material":"CP","depth_m":2.4},"geometry":{"type":"MultiLineString","coordinates":[[[126.8673086,46.6574868,0],[126.8681972,46.6552289,0]]]}},{"type":"Feature","properties":{"network":"排水","diameter_mm":1500,"material":"CP","depth_m":2.4},"geometry":{"type":"MultiLineString","coordinates":[[[126.8822284,46.6618116,0],[126.8831997,46.6614829,0],[126.8835715,46.6613536,0]]]}},{"type":"Feature","properties":{"network":"排水","diameter_mm":1650,"material":"CP","depth_m":2.4},"geometry":{"type":"MultiLineString","coordinates":[[[126.8681972,46.6552289,0],[126.8688599,46.6535014,0]]]}},{"type":"Feature","properties":{"network":"排水","diameter_mm":1350,"material":"CP","depth_m":2.4},"geometry":{"type":"MultiLineString","coordinates":[[[126.8959417,46.6590401,0],[126.8961501,46.6580467,0]]]}},{"type":"Feature","properties":{"network":"排水","diameter_mm":1650,"material":"CP","depth_m":2.4},"geometry":{"type":"MultiLineString","coordinates":[[[126.8744034,46.647267,0],[126.8741834,46.6471738,0],[126.8729677,46.6466588,0],[126.872947,46.64665,0],[126.872947,46.64665,0],[126.8729385,46.6466464,0]]]}},{"type":"Feature","properties":{"network":"排水","diameter_mm":1350,"material":"CP","depth_m":2.4},"geometry":{"type":"MultiLineString","coordinates":[[[126.8917483,46.665106,0],[126.8919561,46.6648348,0],[126.8921315,46.664606,0],[126.892185,46.6645438,0],[126.8921959,46.6645344,0],[126.8923527,46.6643603,0],[126.8924867,46.6642115,0],[126.8925135,46.664179,0],[126.8925417,46.6641425,0],[126.8925467,46.6641366,0],[126.8926142,46.6640572,0]]]}},{"type":"Feature","properties":{"network":"排水","diameter_mm":900,"material":"CP","depth_m":2.4},"geometry":{"type":"MultiLineString","coordinates":[[[126.8689169,46.6442103,0],[126.8675321,46.6434992,0]]]}},{"type":"Feature","properties":{"network":"排水","diameter_mm":600,"material":"VCP","depth_m":2.4},"geometry":{"type":"MultiLineString","coordinates":[[[126.8823348,46.6624876,0],[126.8820203,46.6620044,0]]]}},{"type":"Feature","properties":{"network":"排水","diameter_mm":1350,"material":"CP","depth_m":2.4},"geometry":{"type":"MultiLineString","coordinates":[[[126.8887068,46.6694625,0],[126.8887117,46.6694532,0],[126.8891329,46.6686614,0],[126.8892963,46.6683542,0],[126.88968,46.6676328,0],[126.8896841,46.6676248,0]]]}},{"type":"Feature","properties":{"network":"排水","diameter_mm":1350,"material":"CP","depth_m":2.4},"geometry":{"type":"MultiLineString","coordinates":[[[126.9551469,46.6637095,0],[126.9555514,46.663337,0]]]}},{"type":"Feature","properties":{"network":"排水","diameter_mm":750,"material":"CP","depth_m":2.4},"geometry":{"type":"MultiLineString","coordinates":[[[126.8863278,46.6603647,0],[126.8863403,46.6603403,0],[126.886345,46.6603273,0],[126.8863539,46.6602811,0],[126.8863516,46.6602365,0],[126.8863449,46.6602125,0],[126.8863381,46.6601974,0],[126.8863254,46.660178,0],[126.8863086,46.6601555,0],[126.8862769,46.6601145,0],[126.8862724,46.6601087,0]]]}},{"type":"Feature","properties":{"network":"排水","diameter_mm":1350,"material":"CP","depth_m":2.4},"geometry":{"type":"MultiLineString","coordinates":[[[127.05149,46.7032967,0],[127.0514983,46.703289,0],[127.0516889,46.7031137,0],[127.0517044,46.7031004,0],[127.0517226,46.7030873,0],[127.0517409,46.7030764,0],[127.0517625,46.7030657,0],[127.0517833,46.7030569,0],[127.0518053,46.7030501,0],[127.0518284,46.7030442,0],[127.0518477,46.7030406,0],[127.0518711,46.7030376,0],[127.051898,46.703036,0],[127.0519251,46.7030363,0],[127.0519645,46.7030403,0],[127.0526879,46.7031525,0],[127.0527023,46.7031548,0],[127.0527207,46.7031567,0],[127.052741,46.7031579,0],[127.0527603,46.7031578,0],[127.0527806,46.7031567,0],[127.0528005,46.7031545,0],[127.052801,46.7031544,0],[127.0528212,46.703151,0],[127.0528383,46.7031471,0],[127.0528574,46.7031416,0],[127.0528749,46.7031355,0],[127.0528899,46.7031293,0],[127.0529047,46.7031222,0],[127.0529168,46.7031156,0],[127.0529332,46.7031053,0],[127.0529412,46.7030996,0],[127.0529581,46.7030873,0],[127.0529637,46.7030831,0]]]}},{"type":"Feature","properties":{"network":"排水","diameter_mm":1350,"material":"CP","depth_m":2.4},"geometry":{"type":"MultiLineString","coordinates":[[[127.0502766,46.7057181,0],[127.0502822,46.7057142,0],[127.0510872,46.705161,0],[127.0510969,46.7051534,0],[127.0511085,46.7051431,0],[127.0511221,46.7051303,0],[127.0511328,46.705116,0],[127.0511424,46.7051018,0],[127.0511511,46.7050862,0],[127.0511585,46.7050688,0],[127.0511641,46.7050499,0],[127.0511669,46.7050334,0],[127.051168,46.7050182,0],[127.0511664,46.7049941,0],[127.0511028,46.7045736,0],[127.0511014,46.7045646,0]]]}},{"type":"Feature","properties":{"network":"排水","diameter_mm":1350,"material":"CP","depth_m":2.4},"geometry":{"type":"MultiLineString","coordinates":[[[127.0489978,46.7068992,0],[127.0490068,46.7068909,0],[127.0502686,46.7057255,0],[127.0502766,46.7057181,0]]]}},{"type":"Feature","properties":{"network":"排水","diameter_mm":1650,"material":"CP","depth_m":2.4},"geometry":{"type":"MultiLineString","coordinates":[[[126.8665257,46.6435793,0],[126.8658261,46.6422569,0]]]}},{"type":"Feature","properties":{"network":"排水","diameter_mm":1650,"material":"CP","depth_m":2.4},"geometry":{"type":"MultiLineString","coordinates":[[[126.877297,46.6486047,0],[126.8756468,46.6478437,0]]]}},{"type":"Feature","properties":{"network":"排水","diameter_mm":1200,"material":"CP","depth_m":2.4},"geometry":{"type":"MultiLineString","coordinates":[[[126.9029987,46.6487383,0],[126.9026243,46.6487912,0]]]}},{"type":"Feature","properties":{"network":"排水","diameter_mm":1650,"material":"CP","depth_m":2.4},"geometry":{"type":"MultiLineString","coordinates":[[[126.8832797,46.6486443,0],[126.8814686,46.6487579,0]]]}},{"type":"Feature","properties":{"network":"排水","diameter_mm":675,"material":"CP","depth_m":2.4},"geometry":{"type":"MultiLineString","coordinates":[[[126.9835798,46.7273501,0],[126.9835733,46.7273395,0],[126.983572,46.7273372,0],[126.9835704,46.7273341,0],[126.9835683,46.72733,0],[126.9835647,46.7273219,0],[126.9835593,46.7273064,0],[126.9835579,46.7273013,0],[126.9835563,46.7272933,0],[126.9835544,46.7272835,0],[126.9835535,46.7272723,0],[126.9835533,46.7272628,0],[126.9835536,46.7272526,0],[126.9835551,46.7272429,0],[126.9835566,46.7272343,0],[126.983559,46.7272249,0],[126.9835615,46.7272169,0],[126.9835646,46.727209,0],[126.9835681,46.7272009,0],[126.9835726,46.7271922,0],[126.9837604,46.7268436,0],[126.9837658,46.7268356,0],[126.9837707,46.7268288,0],[126.9837762,46.7268221,0],[126.9837827,46.7268146,0],[126.9837895,46.7268076,0],[126.9837958,46.7268016,0],[126.9838026,46.7267956,0],[126.9838091,46.7267903,0],[126.9838163,46.7267849,0],[126.9838222,46.7267806,0],[126.983828,46.7267767,0],[126.9838347,46.7267725,0],[126.9838427,46.7267678,0],[126.983851,46.7267633,0],[126.9838587,46.7267594,0],[126.9838659,46.726756,0],[126.9838754,46.7267518,0],[126.9838824,46.726749,0],[126.9838908,46.7267458,0],[126.983899,46.7267429,0],[126.9839093,46.7267398,0]]]}},{"type":"Feature","properties":{"network":"排水","diameter_mm":2000,"material":"CP","depth_m":2.4},"geometry":{"type":"MultiLineString","coordinates":[[[126.9469458,46.6653429,0],[126.9469349,46.6651509,0],[126.9469316,46.664966,0],[126.9469316,46.6649656,0],[126.9469314,46.6649564,0],[126.9469302,46.6648915,0],[126.9469311,46.6648305,0],[126.94694,46.6647748,0],[126.9469556,46.6647236,0],[126.9469831,46.6646646,0],[126.947008,46.6646247,0],[126.9470417,46.6645814,0],[126.9470731,46.664548,0],[126.9471352,46.6644949,0],[126.9471757,46.6644667,0],[126.9472384,46.6644307,0],[126.9472987,46.6644028,0],[126.9473514,46.6643831,0],[126.9474056,46.6643666,0],[126.9474773,46.6643503,0],[126.947533,46.6643415,0],[126.9476109,46.6643346,0],[126.947669,46.6643334,0],[126.9478248,46.6643367,0],[126.9480738,46.6643501,0]]]}},{"type":"Feature","properties":{"network":"排水","diameter_mm":1500,"material":"CP","depth_m":2.4},"geometry":{"type":"MultiLineString","coordinates":[[[126.8601649,46.6706465,0],[126.8617256,46.6706618,0]]]}},{"type":"Feature","properties":{"network":"排水","diameter_mm":375,"material":"CP","depth_m":2.4},"geometry":{"type":"MultiLineString","coordinates":[[[126.8849549,46.6656632,0],[126.8848156,46.6655105,0]]]}},{"type":"Feature","properties":{"network":"排水","diameter_mm":900,"material":"CP","depth_m":2.4},"geometry":{"type":"MultiLineString","coordinates":[[[126.8628288,46.671261,0],[126.8626344,46.6706763,0]]]}},{"type":"Feature","properties":{"network":"排水","diameter_mm":1500,"material":"CP","depth_m":2.4},"geometry":{"type":"MultiLineString","coordinates":[[[126.8617256,46.6706618,0],[126.8629327,46.6675608,0]]]}},{"type":"Feature","properties":{"network":"排水","diameter_mm":1500,"material":"CP","depth_m":2.4},"geometry":{"type":"MultiLineString","coordinates":[[[126.8629327,46.6675608,0],[126.8632863,46.665655,0]]]}},{"type":"Feature","properties":{"network":"排水","diameter_mm":3600,"material":"CP","depth_m":2.4},"geometry":{"type":"MultiLineString","coordinates":[[[126.94819,46.6643572,0],[126.9485947,46.6643483,0],[126.9486395,46.6643487,0],[126.9488068,46.6643503,0],[126.948982,46.6643519,0],[126.9490627,46.6643527,0],[126.9491672,46.6643537,0],[126.9492617,46.6643552,0],[126.9493355,46.6643583,0],[126.9493746,46.66436,0],[126.9494091,46.6643606,0],[126.9494364,46.6643598,0],[126.9494667,46.6643578,0],[126.9494839,46.6643563,0],[126.9495205,46.6643512,0],[126.949634,46.6643343,0],[126.9500994,46.6642745,0]]]}},{"type":"Feature","properties":{"network":"排水","diameter_mm":375,"material":"CP","depth_m":2.4},"geometry":{"type":"MultiLineString","coordinates":[[[126.8849313,46.6657506,0],[126.8849549,46.6656632,0]]]}},{"type":"Feature","properties":{"network":"排水","diameter_mm":3600,"material":"CP","depth_m":2.4},"geometry":{"type":"MultiLineString","coordinates":[[[126.9500994,46.6642745,0],[126.9507557,46.6642337,0],[126.9512716,46.6642024,0],[126.9514895,46.6641895,0],[126.9515441,46.6641863,0],[126.9515844,46.6641838,0],[126.9516337,46.6641786,0],[126.951689,46.6641698,0],[126.9517551,46.664155,0],[126.9520093,46.6640945,0],[126.952079,46.6640786,0],[126.9521168,46.6640692,0],[126.9521569,46.6640572,0],[126.9521918,46.664045,0],[126.9522436,46.6640229,0],[126.9523234,46.6639874,0],[126.9524123,46.6639479,0],[126.9524535,46.6639295,0],[126.9525107,46.6639044,0],[126.952557,46.6638878,0],[126.9526024,46.6638747,0],[126.9526472,46.6638647,0],[126.9527005,46.6638559,0],[126.9527568,46.6638462,0],[126.9530733,46.6637776,0],[126.9543524,46.6634872,0]]]}},{"type":"Feature","properties":{"network":"排水","diameter_mm":1050,"material":"CP","depth_m":2.4},"geometry":{"type":"MultiLineString","coordinates":[[[126.8856228,46.6530718,0],[126.8858675,46.6524993,0],[126.8858992,46.6524252,0],[126.8860046,46.6521787,0]]]}},{"type":"Feature","properties":{"network":"排水","diameter_mm":1200,"material":"CP","depth_m":2.4},"geometry":{"type":"MultiLineString","coordinates":[[[126.8866422,46.6544901,0],[126.8868307,46.654049,0],[126.8868325,46.6540448,0],[126.8868431,46.6540201,0],[126.8872946,46.6529726,0],[126.8873042,46.6529394,0],[126.8873108,46.6528989,0],[126.8873097,46.6528771,0],[126.8873093,46.6528698,0],[126.887306,46.6528416,0],[126.8872933,46.6528084,0],[126.8872762,46.6527804,0],[126.8872647,46.6527664,0],[126.8872575,46.6527577,0],[126.8872385,46.6527383,0],[126.8872038,46.6527135,0],[126.8871804,46.652701,0],[126.8871542,46.6526912,0],[126.8871421,46.6526881,0]]]}},{"type":"Feature","properties":{"network":"排水","diameter_mm":1350,"material":"CP","depth_m":2.4},"geometry":{"type":"MultiLineString","coordinates":[[[127.0324584,46.7246939,0],[127.0324657,46.724692,0],[127.0341105,46.7242933,0],[127.0341487,46.7242818,0],[127.0341824,46.7242673,0],[127.0342071,46.7242535,0],[127.0342292,46.724238,0],[127.0342542,46.7242156,0],[127.0342694,46.7241978,0],[127.0342813,46.7241804,0],[127.0342905,46.7241632,0],[127.0342972,46.7241464,0],[127.0343015,46.7241314,0],[127.034304,46.7241172,0],[127.034305,46.7241071,0],[127.0343063,46.7240963,0],[127.0343065,46.7240914,0]]]}},{"type":"Feature","properties":{"network":"排水","diameter_mm":1350,"material":"CP","depth_m":2.4},"geometry":{"type":"MultiLineString","coordinates":[[[126.8879718,46.6740436,0],[126.8879687,46.674034,0],[126.8879578,46.6740007,0],[126.8878577,46.6736931,0],[126.8876165,46.6729516,0],[126.8876152,46.6729467,0],[126.8876136,46.6729395,0],[126.8876124,46.672931,0],[126.8876119,46.672924,0],[126.8876118,46.6729203,0],[126.887612,46.6729135,0],[126.8876126,46.6729071,0],[126.8876137,46.6728997,0],[126.887615,46.6728933,0],[126.8876207,46.6728747,0],[126.8876237,46.672865,0]]]}},{"type":"Feature","properties":{"network":"排水","diameter_mm":1350,"material":"CP","depth_m":2.4},"geometry":{"type":"MultiLineString","coordinates":[[[126.8876237,46.672865,0],[126.8876267,46.6728556,0],[126.8881544,46.6711965,0],[126.8881568,46.6711889,0]]]}},{"type":"Feature","properties":{"network":"排水","diameter_mm":1350,"material":"CP","depth_m":2.4},"geometry":{"type":"MultiLineString","coordinates":[[[126.8881568,46.6711889,0],[126.8881596,46.6711802,0],[126.8886885,46.6695006,0],[126.8886918,46.669492,0],[126.8886961,46.6694825,0],[126.8887021,46.6694714,0],[126.8887068,46.6694625,0]]]}},{"type":"Feature","properties":{"network":"排水","diameter_mm":1350,"material":"CP","depth_m":2.4},"geometry":{"type":"MultiLineString","coordinates":[[[127.0368297,46.7197934,0],[127.0368292,46.7197846,0],[127.0368222,46.7196424,0],[127.0367738,46.7186563,0],[127.0367733,46.7186453,0]]]}},{"type":"Feature","properties":{"network":"排水","diameter_mm":1350,"material":"CP","depth_m":2.4},"geometry":{"type":"MultiLineString","coordinates":[[[127.0517229,46.6949085,0],[127.0517202,46.6949016,0],[127.051714,46.6948862,0],[127.051708,46.6948733,0],[127.0517033,46.6948602,0],[127.0516993,46.6948478,0],[127.0516972,46.6948324,0],[127.0516965,46.6948151,0],[127.0516974,46.6948003,0],[127.0517014,46.6947792,0],[127.0517086,46.6947584,0],[127.0517166,46.6947422,0],[127.0517264,46.6947267,0],[127.051738,46.6947119,0],[127.0517508,46.6946984,0],[127.0517717,46.6946805,0],[127.0526674,46.6939977,0],[127.0526756,46.6939914,0]]]}},{"type":"Feature","properties":{"network":"排水","diameter_mm":3000,"material":"UNK","depth_m":2.4},"geometry":{"type":"MultiLineString","coordinates":[[[126.8977616,46.6732598,0],[126.8977677,46.6732523,0],[126.8955126,46.6727028,0],[126.8954201,46.6726802,0]]]}},{"type":"Feature","properties":{"network":"排水","diameter_mm":1500,"material":"CP","depth_m":2.4},"geometry":{"type":"MultiLineString","coordinates":[[[126.9202024,46.626227,0],[126.9202468,46.6261656,0],[126.9203237,46.626096,0],[126.9203929,46.6260561,0],[126.9204838,46.6260226,0],[126.9205807,46.6260042,0],[126.920659,46.6260003,0],[126.9207777,46.6260127,0],[126.9243725,46.6269129,0],[126.9244719,46.6269281,0],[126.9245589,46.6269299,0],[126.9246645,46.626918,0],[126.9247579,46.6268935,0],[126.9248681,46.6268452,0],[126.9257662,46.6264257,0]]]}},{"type":"Feature","properties":{"network":"排水","diameter_mm":1500,"material":"CP","depth_m":2.4},"geometry":{"type":"MultiLineString","coordinates":[[[126.9165715,46.6266615,0],[126.9165659,46.6266488,0],[126.9166219,46.6265304,0],[126.916858,46.6259518,0],[126.9169369,46.6258451,0],[126.9170532,46.6257719,0],[126.9171786,46.6257454,0],[126.9172783,46.6257512,0],[126.9197701,46.6263426,0],[126.919846,46.6263535,0],[126.9199369,46.6263516,0],[126.9200129,46.6263376,0],[126.9200869,46.6263108,0],[126.9201544,46.6262709,0],[126.9202024,46.626227,0]]]}},{"type":"Feature","properties":{"network":"排水","diameter_mm":2100,"material":"CP","depth_m":2.4},"geometry":{"type":"MultiLineString","coordinates":[[[126.9293229,46.624827,0],[126.9335276,46.6238057,0],[126.9335768,46.6238002,0],[126.9337269,46.6237873,0],[126.9337975,46.6237855,0],[126.9339148,46.6237964,0],[126.9340587,46.6238046,0],[126.9347361,46.6238354,0],[126.9347652,46.6238382,0],[126.9347992,46.6238381,0],[126.9349767,46.623823,0]]]}},{"type":"Feature","properties":{"network":"排水","diameter_mm":2700,"material":"BR","depth_m":2.4},"geometry":{"type":"MultiLineString","coordinates":[[[126.9868521,46.6864049,0],[126.9873909,46.6850045,0],[126.9874159,46.6849673,0],[126.9874344,46.6849491,0],[126.9874523,46.6849258,0]]]}},{"type":"Feature","properties":{"network":"排水","diameter_mm":2100,"material":"CP","depth_m":2.4},"geometry":{"type":"MultiLineString","coordinates":[[[126.9349767,46.623823,0],[126.9350591,46.6237984,0],[126.9350919,46.6237892,0],[126.9351827,46.6237525,0],[126.9358472,46.623479,0],[126.9358951,46.6234634,0],[126.9359759,46.623445,0],[126.9360427,46.6234349,0],[126.9361184,46.6234303,0],[126.942533,46.6230155,0]]]}},{"type":"Feature","properties":{"network":"排水","diameter_mm":1200,"material":"CP","depth_m":2.4},"geometry":{"type":"MultiLineString","coordinates":[[[126.863386,46.6723338,0],[126.8633344,46.6722605,0],[126.8633113,46.6722278,0],[126.8632943,46.6722037,0],[126.8632477,46.6721375,0]]]}},{"type":"Feature","properties":{"network":"排水","diameter_mm":1050,"material":"CP","depth_m":2.4},"geometry":{"type":"MultiLineString","coordinates":[[[126.8615912,46.6767981,0],[126.8615784,46.6767761,0],[126.8615632,46.6767525,0],[126.861545,46.676727,0],[126.8615292,46.6767062,0],[126.8615086,46.6766813,0],[126.8612656,46.6764217,0],[126.8612468,46.6764001,0],[126.86123,46.6763807,0],[126.8612205,46.6763635,0],[126.8612141,46.6763399,0],[126.8612158,46.6763206,0],[126.8612214,46.6763064,0],[126.8612288,46.6762933,0],[126.8612432,46.6762762,0],[126.8612578,46.676266,0],[126.8612784,46.6762558,0],[126.8621593,46.6758172,0]]]}},{"type":"Feature","properties":{"network":"排水","diameter_mm":2100,"material":"CP","depth_m":2.4},"geometry":{"type":"MultiLineString","coordinates":[[[126.9257662,46.6264257,0],[126.9260208,46.6263098,0]]]}},{"type":"Feature","properties":{"network":"排水","diameter_mm":900,"material":"CP","depth_m":2.4},"geometry":{"type":"MultiLineString","coordinates":[[[126.8659976,46.6419275,0],[126.8656418,46.6415145,0]]]}},{"type":"Feature","properties":{"network":"排水","diameter_mm":900,"material":"CP","depth_m":2.4},"geometry":{"type":"MultiLineString","coordinates":[[[126.8656418,46.6415145,0],[126.8654385,46.6414954,0]]]}},{"type":"Feature","properties":{"network":"排水","diameter_mm":1800,"material":"CP","depth_m":2.4},"geometry":{"type":"MultiLineString","coordinates":[[[126.9470169,46.6657679,0],[126.9470083,46.6657166,0],[126.9469458,46.6653429,0]]]}},{"type":"Feature","properties":{"network":"排水","diameter_mm":1200,"material":"CP","depth_m":2.4},"geometry":{"type":"MultiLineString","coordinates":[[[126.9162827,46.6273235,0],[126.9162965,46.6272575,0],[126.9163411,46.6272106,0],[126.9163687,46.6271525,0],[126.9163769,46.6271305,0]]]}},{"type":"Feature","properties":{"network":"排水","diameter_mm":900,"material":"CP","depth_m":2.4},"geometry":{"type":"MultiLineString","coordinates":[[[126.8621593,46.6758172,0],[126.8626655,46.6755758,0],[126.8626805,46.6755669,0],[126.8627071,46.6755433,0],[126.8627238,46.6755253,0],[126.8627437,46.6755024,0],[126.8627552,46.6754885,0],[126.8627638,46.6754762,0]]]}},{"type":"Feature","properties":{"network":"排水","diameter_mm":600,"material":"CP","depth_m":2.4},"geometry":{"type":"MultiLineString","coordinates":[[[126.8627842,46.6710066,0],[126.8626846,46.6709742,0],[126.8617256,46.6706618,0]]]}},{"type":"Feature","properties":{"network":"排水","diameter_mm":2100,"material":"CP","depth_m":2.4},"geometry":{"type":"MultiLineString","coordinates":[[[126.9260208,46.6263098,0],[126.928199,46.6253317,0],[126.9293229,46.624827,0]]]}},{"type":"Feature","properties":{"network":"排水","diameter_mm":1500,"material":"CP","depth_m":2.4},"geometry":{"type":"MultiLineString","coordinates":[[[126.9279852,46.6251588,0],[126.9280333,46.6251783,0],[126.9281489,46.6253096,0],[126.9281745,46.6253202,0],[126.928199,46.6253317,0]]]}},{"type":"Feature","properties":{"network":"排水","diameter_mm":750,"material":"CP","depth_m":2.4},"geometry":{"type":"MultiLineString","coordinates":[[[127.0168797,46.7058951,0],[127.0172349,46.7052304,0]]]}},{"type":"Feature","properties":{"network":"排水","diameter_mm":750,"material":"CP","depth_m":2.4},"geometry":{"type":"MultiLineString","coordinates":[[[127.0172349,46.7052304,0],[127.0175568,46.7046462,0]]]}},{"type":"Feature","properties":{"network":"排水","diameter_mm":1350,"material":"CP","depth_m":2.4},"geometry":{"type":"MultiLineString","coordinates":[[[127.0537131,46.6920978,0],[127.0537085,46.6920874,0],[127.0532334,46.6910053,0],[127.0532287,46.6909943,0]]]}},{"type":"Feature","properties":{"network":"排水","diameter_mm":525,"material":"CP","depth_m":2.4},"geometry":{"type":"MultiLineString","coordinates":[[[126.8631133,46.671802,0],[126.8630748,46.6717132,0]]]}},{"type":"Feature","properties":{"network":"排水","diameter_mm":1350,"material":"CP","depth_m":2.4},"geometry":{"type":"MultiLineString","coordinates":[[[127.0538534,46.6930909,0],[127.0538632,46.6930833,0],[127.0539589,46.6930094,0],[127.0539741,46.692997,0],[127.0539886,46.6929829,0],[127.054001,46.6929684,0],[127.0540114,46.6929541,0],[127.0540205,46.6929373,0],[127.0540278,46.6929201,0],[127.0540335,46.6928997,0],[127.0540361,46.6928815,0],[127.0540364,46.6928615,0],[127.0540339,46.6928413,0],[127.0540294,46.6928239,0],[127.0540229,46.6928072,0],[127.0537172,46.6921073,0],[127.0537131,46.6920978,0]]]}},{"type":"Feature","properties":{"network":"排水","diameter_mm":1350,"material":"CP","depth_m":2.4},"geometry":{"type":"MultiLineString","coordinates":[[[127.0543631,46.6902378,0],[127.0543742,46.6902324,0],[127.0546454,46.6901027,0],[127.054663,46.6900933,0],[127.0546797,46.6900831,0],[127.0546947,46.6900724,0],[127.054706,46.6900634,0],[127.0547173,46.6900532,0],[127.0547288,46.6900422,0],[127.0547422,46.6900254,0],[127.0547486,46.6900165,0],[127.0547555,46.6900057,0],[127.0548573,46.6898285,0],[127.0553755,46.6889266,0]]]}},{"type":"Feature","properties":{"network":"排水","diameter_mm":1350,"material":"CP","depth_m":2.4},"geometry":{"type":"MultiLineString","coordinates":[[[127.0532287,46.6909943,0],[127.0532221,46.6909813,0],[127.0532176,46.6909723,0],[127.0532114,46.6909578,0],[127.0532063,46.6909417,0],[127.0532028,46.6909228,0],[127.0532017,46.6909032,0],[127.053203,46.6908856,0],[127.0532083,46.6908614,0],[127.0532174,46.6908384,0],[127.0532276,46.6908201,0],[127.0532402,46.6908027,0],[127.0532521,46.6907892,0],[127.0532652,46.6907767,0],[127.0532782,46.690766,0],[127.0532933,46.6907553,0],[127.0533056,46.6907477,0],[127.0533167,46.6907415,0],[127.0543496,46.6902441,0],[127.0543631,46.6902378,0]]]}},{"type":"Feature","properties":{"network":"排水","diameter_mm":1050,"material":"CP","depth_m":2.4},"geometry":{"type":"MultiLineString","coordinates":[[[127.0678255,46.7076496,0],[127.0676101,46.7073623,0],[127.0675832,46.7073264,0],[127.0673554,46.7070226,0],[127.0673295,46.7069936,0],[127.0673108,46.706975,0],[127.0672815,46.7069482,0],[127.0672514,46.7069232,0],[127.0672193,46.7068988,0],[127.067197,46.7068833,0],[127.0671888,46.7068776,0],[127.0671554,46.7068562,0],[127.0671139,46.7068323,0],[127.0670705,46.7068099,0],[127.0670376,46.7067945,0],[127.0670027,46.7067795,0],[127.0669624,46.7067639,0],[127.0669281,46.7067519,0],[127.0668976,46.7067423,0],[127.0668663,46.7067332,0],[127.0668389,46.706726,0],[127.0668084,46.7067187,0],[127.0667844,46.7067133,0],[127.0667569,46.7067076,0],[127.0667203,46.7066999,0]]]}},{"type":"Feature","properties":{"network":"排水","diameter_mm":900,"material":"CP","depth_m":2.4},"geometry":{"type":"MultiLineString","coordinates":[[[126.8851832,46.6484173,0],[126.8828079,46.6478585,0]]]}},{"type":"Feature","properties":{"network":"排水","diameter_mm":900,"material":"UNK","depth_m":2.4},"geometry":{"type":"MultiLineString","coordinates":[[[126.8709432,46.6453787,0],[126.8697967,46.6448548,0]]]}},{"type":"Feature","properties":{"network":"排水","diameter_mm":750,"material":"CP","depth_m":2.4},"geometry":{"type":"MultiLineString","coordinates":[[[127.0185806,46.7038096,0],[127.0199998,46.7032079,0]]]}},{"type":"Feature","properties":{"network":"排水","diameter_mm":1350,"material":"CP","depth_m":2.4},"geometry":{"type":"MultiLineString","coordinates":[[[127.0540341,46.7005689,0],[127.0540236,46.700558,0],[127.0532983,46.6998086,0],[127.0532932,46.6998033,0]]]}},{"type":"Feature","properties":{"network":"排水","diameter_mm":1350,"material":"CP","depth_m":2.4},"geometry":{"type":"MultiLineString","coordinates":[[[127.0548245,46.7013896,0],[127.0548135,46.7013781,0],[127.0540394,46.7005744,0],[127.0540341,46.7005689,0]]]}},{"type":"Feature","properties":{"network":"排水","diameter_mm":750,"material":"CP","depth_m":2.4},"geometry":{"type":"MultiLineString","coordinates":[[[127.0199998,46.7032079,0],[127.0210636,46.7027654,0]]]}},{"type":"Feature","properties":{"network":"排水","diameter_mm":1050,"material":"CP","depth_m":2.4},"geometry":{"type":"MultiLineString","coordinates":[[[127.0687954,46.7078435,0],[127.0684561,46.7078415,0],[127.0684476,46.7078413,0],[127.0684415,46.707841,0],[127.0684359,46.7078407,0],[127.0684286,46.7078401,0],[127.068422,46.7078394,0],[127.0684159,46.7078387,0],[127.0684093,46.7078377,0],[127.0684036,46.7078368,0],[127.0682414,46.7077976,0],[127.0679536,46.707731,0],[127.0679249,46.7077215,0],[127.0679109,46.7077157,0],[127.0678971,46.707709,0],[127.0678822,46.7077006,0],[127.0678695,46.7076922,0],[127.067857,46.7076827,0],[127.0678433,46.7076703,0],[127.0678346,46.7076609,0],[127.0678255,46.7076496,0]]]}},{"type":"Feature","properties":{"network":"排水","diameter_mm":1350,"material":"CP","depth_m":2.4},"geometry":{"type":"MultiLineString","coordinates":[[[127.0695797,46.7080192,0],[127.0692682,46.7079494,0]]]}},{"type":"Feature","properties":{"network":"排水","diameter_mm":1350,"material":"CP","depth_m":2.4},"geometry":{"type":"MultiLineString","coordinates":[[[127.0480969,46.7078417,0],[127.0481081,46.707841,0],[127.048127,46.7078398,0],[127.0481395,46.7078387,0],[127.0481567,46.7078365,0],[127.0481745,46.7078333,0],[127.0481945,46.7078287,0],[127.0482158,46.7078224,0],[127.0482381,46.7078143,0],[127.0482587,46.707805,0],[127.0482752,46.7077963,0],[127.0482906,46.7077869,0],[127.0483036,46.7077778,0],[127.0483141,46.7077696,0],[127.0483239,46.7077611,0],[127.0483328,46.7077524,0],[127.048347,46.7077363,0],[127.0489942,46.7069038,0],[127.0489978,46.7068992,0]]]}},{"type":"Feature","properties":{"network":"排水","diameter_mm":1350,"material":"CP","depth_m":2.4},"geometry":{"type":"MultiLineString","coordinates":[[[127.046312,46.707967,0],[127.0463212,46.7079663,0],[127.0470234,46.707917,0],[127.0480861,46.7078425,0],[127.0480969,46.7078417,0]]]}},{"type":"Feature","properties":{"network":"排水","diameter_mm":3000,"material":"CP","depth_m":2.4},"geometry":{"type":"MultiLineString","coordinates":[[[127.0177113,46.6373585,0],[127.0179189,46.6374899,0],[127.018159,46.6376081,0],[127.0184361,46.6377243,0],[127.0187032,46.6378136,0],[127.0189802,46.6378854,0],[127.0200182,46.6380997,0],[127.0211007,46.6383078,0]]]}},{"type":"Feature","properties":{"network":"排水","diameter_mm":1200,"material":"CP","depth_m":2.4},"geometry":{"type":"MultiLineString","coordinates":[[[126.9056051,46.6491099,0],[126.9055843,46.6491247,0],[126.9055726,46.6491323,0],[126.9055404,46.6491466,0],[126.9055227,46.6491516,0],[126.9054929,46.649157,0],[126.9054203,46.6491571,0],[126.9052377,46.6491497,0],[126.904973,46.6491396,0],[126.9047684,46.6491318,0],[126.9046998,46.649129,0]]]}},{"type":"Feature","properties":{"network":"排水","diameter_mm":1200,"material":"CP","depth_m":2.4},"geometry":{"type":"MultiLineString","coordinates":[[[126.8887641,46.6463501,0],[126.888823,46.6464291,0]]]}},{"type":"Feature","properties":{"network":"排水","diameter_mm":1050,"material":"CP","depth_m":2.4},"geometry":{"type":"MultiLineString","coordinates":[[[127.0692682,46.7079494,0],[127.0687954,46.7078435,0]]]}},{"type":"Feature","properties":{"network":"排水","diameter_mm":1350,"material":"CP","depth_m":2.4},"geometry":{"type":"MultiLineString","coordinates":[[[127.0723355,46.7016579,0],[127.0717188,46.7013879,0],[127.0717078,46.7013831,0]]]}},{"type":"Feature","properties":{"network":"排水","diameter_mm":900,"material":"CP","depth_m":2.4},"geometry":{"type":"MultiLineString","coordinates":[[[126.8807536,46.6481156,0],[126.8794341,46.6482606,0]]]}},{"type":"Feature","properties":{"network":"排水","diameter_mm":525,"material":"CP","depth_m":2.4},"geometry":{"type":"MultiLineString","coordinates":[[[127.0717078,46.7013831,0],[127.0716957,46.7013776,0],[127.0713299,46.7012119,0]]]}},{"type":"Feature","properties":{"network":"排水","diameter_mm":525,"material":"CP","depth_m":2.4},"geometry":{"type":"MultiLineString","coordinates":[[[127.0713299,46.7012119,0],[127.0702794,46.7009312,0]]]}},{"type":"Feature","properties":{"network":"排水","diameter_mm":525,"material":"CP","depth_m":2.4},"geometry":{"type":"MultiLineString","coordinates":[[[127.0702794,46.7009312,0],[127.0693505,46.7006823,0]]]}},{"type":"Feature","properties":{"network":"排水","diameter_mm":525,"material":"CP","depth_m":2.4},"geometry":{"type":"MultiLineString","coordinates":[[[127.0693505,46.7006823,0],[127.068085,46.6999356,0]]]}},{"type":"Feature","properties":{"network":"排水","diameter_mm":525,"material":"CP","depth_m":2.4},"geometry":{"type":"MultiLineString","coordinates":[[[127.068085,46.6999356,0],[127.0671277,46.6989783,0]]]}},{"type":"Feature","properties":{"network":"排水","diameter_mm":2700,"material":"BR","depth_m":2.4},"geometry":{"type":"MultiLineString","coordinates":[[[127.0418937,46.6395182,0],[127.0420932,46.6394746,0],[127.0421424,46.639473,0],[127.0422025,46.6394808,0],[127.0432098,46.6397159,0],[127.0433202,46.6397416,0]]]}},{"type":"Feature","properties":{"network":"排水","diameter_mm":1050,"material":"CP","depth_m":2.4},"geometry":{"type":"MultiLineString","coordinates":[[[127.0667203,46.7066999,0],[127.0651047,46.7063608,0]]]}},{"type":"Feature","properties":{"network":"排水","diameter_mm":525,"material":"CP","depth_m":2.4},"geometry":{"type":"MultiLineString","coordinates":[[[127.0662191,46.6986503,0],[127.0650251,46.6984098,0],[127.0650179,46.6984091,0],[127.065008,46.6984076,0],[127.0650025,46.6984064,0],[127.0649967,46.6984048,0],[127.0649866,46.6984029,0]]]}},{"type":"Feature","properties":{"network":"排水","diameter_mm":525,"material":"CP","depth_m":2.4},"geometry":{"type":"MultiLineString","coordinates":[[[127.0667146,46.6985784,0],[127.0666906,46.6985789,0],[127.0664424,46.6986164,0],[127.0662191,46.6986503,0]]]}},{"type":"Feature","properties":{"network":"排水","diameter_mm":3000,"material":"CP","depth_m":2.4},"geometry":{"type":"MultiLineString","coordinates":[[[127.0535231,46.6449908,0],[127.0536003,46.6448627,0]]]}},{"type":"Feature","properties":{"network":"排水","diameter_mm":750,"material":"CP","depth_m":2.4},"geometry":{"type":"MultiLineString","coordinates":[[[127.0241797,46.6996025,0],[127.0250262,46.6993686,0]]]}},{"type":"Feature","properties":{"network":"排水","diameter_mm":1500,"material":"CP","depth_m":2.4},"geometry":{"type":"MultiLineString","coordinates":[[[127.0576918,46.6415828,0],[127.0585451,46.63956,0]]]}},{"type":"Feature","properties":{"network":"排水","diameter_mm":750,"material":"CP","depth_m":2.4},"geometry":{"type":"MultiLineString","coordinates":[[[127.0257856,46.6990962,0],[127.0259862,46.6983229,0]]]}},{"type":"Feature","properties":{"network":"排水","diameter_mm":1350,"material":"CP","depth_m":2.4},"geometry":{"type":"MultiLineString","coordinates":[[[127.006056,46.6997878,0],[127.0074428,46.6996524,0]]]}},{"type":"Feature","properties":{"network":"排水","diameter_mm":1500,"material":"CP","depth_m":2.4},"geometry":{"type":"MultiLineString","coordinates":[[[127.057675,46.6415795,0],[127.0585195,46.6395552,0]]]}},{"type":"Feature","properties":{"network":"排水","diameter_mm":3810,"material":"CP","depth_m":2.4},"geometry":{"type":"MultiLineString","coordinates":[[[126.9717176,46.6539658,0],[126.9717773,46.6539326,0],[126.9742661,46.6535265,0],[126.9743262,46.6535132,0],[126.9743896,46.6534948,0],[126.9744553,46.6534694,0],[126.9745241,46.653436,0],[126.9745949,46.6533918,0],[126.9746361,46.6533612,0],[126.9746764,46.6533256,0],[126.9747096,46.6532904,0],[126.9747405,46.6532539,0],[126.9747855,46.6531797,0],[126.9748783,46.6530003,0]]]}},{"type":"Feature","properties":{"network":"排水","diameter_mm":4267,"material":"CP","depth_m":2.4},"geometry":{"type":"MultiLineString","coordinates":[[[126.9689516,46.6545549,0],[126.9691614,46.65438,0],[126.9692418,46.6543368,0],[126.969307,46.6543088,0],[126.9693955,46.6542809,0],[126.9694829,46.6542622,0],[126.9702396,46.6541964,0],[126.970554,46.6541425,0],[126.9713989,46.6539976,0],[126.9717176,46.6539658,0]]]}},{"type":"Feature","properties":{"network":"排水","diameter_mm":2550,"material":"CP","depth_m":2.4},"geometry":{"type":"MultiLineString","coordinates":[[[127.0549346,46.6482288,0],[127.0550172,46.6480253,0],[127.055115,46.6477846,0],[127.055285,46.6473659,0],[127.0554443,46.6469738,0],[127.0556044,46.6465795,0],[127.0557205,46.6462937,0],[127.0558363,46.6460085,0],[127.0563968,46.6447097,0],[127.0563932,46.6446373,0]]]}},{"type":"Feature","properties":{"network":"排水","diameter_mm":2100,"material":"CP","depth_m":2.4},"geometry":{"type":"MultiLineString","coordinates":[[[126.9593295,46.6232559,0],[126.9593693,46.6232904,0],[126.9594306,46.623294,0],[126.9594908,46.6232803,0]]]}},{"type":"Feature","properties":{"network":"排水","diameter_mm":2100,"material":"CP","depth_m":2.4},"geometry":{"type":"MultiLineString","coordinates":[[[126.9557941,46.624532,0],[126.9558914,46.6245412,0],[126.9559373,46.6244982,0],[126.9559687,46.6244655,0],[126.9559868,46.6244438,0],[126.9559982,46.6244274,0],[126.9560182,46.6243944,0],[126.9560307,46.6243688,0],[126.9560377,46.6243507,0],[126.9560577,46.6242982,0],[126.9560781,46.624245,0],[126.9561111,46.62416,0],[126.9561708,46.6240056,0],[126.9564638,46.6232476,0],[126.9564752,46.6232168,0],[126.9564847,46.623196,0],[126.9565012,46.6231662,0],[126.9565212,46.6231363,0],[126.9565457,46.6231062,0],[126.9565724,46.6230782,0],[126.956602,46.623052,0],[126.9566399,46.6230235,0],[126.9566949,46.6229888,0],[126.9567347,46.6229686,0],[126.9567852,46.6229474,0],[126.9568278,46.6229327,0],[126.9570754,46.6228952,0]]]}},{"type":"Feature","properties":{"network":"排水","diameter_mm":1500,"material":"CP","depth_m":2.4},"geometry":{"type":"MultiLineString","coordinates":[[[126.9555477,46.6223726,0],[126.9555563,46.6224129,0],[126.9555127,46.622535,0],[126.955531,46.622561,0]]]}},{"type":"Feature","properties":{"network":"排水","diameter_mm":2550,"material":"CP","depth_m":2.4},"geometry":{"type":"MultiLineString","coordinates":[[[127.0510611,46.6606298,0],[127.0514492,46.6597036,0],[127.05185,46.6587393,0],[127.0526186,46.6568662,0],[127.0533564,46.6550334,0],[127.0540046,46.653422,0],[127.0540238,46.6533769,0],[127.0540367,46.6533364,0],[127.0540482,46.6533016,0],[127.0540592,46.6532643,0],[127.0540609,46.6532349,0],[127.0540557,46.6532122,0],[127.0540505,46.6531962,0],[127.054044,46.6531812,0],[127.0540336,46.6531567,0],[127.0540219,46.6531398,0],[127.0540102,46.6531239,0],[127.0539842,46.6530929,0],[127.053953,46.65306,0],[127.0539374,46.6530402,0],[127.0539205,46.6530234,0],[127.0539049,46.6530055,0],[127.0538893,46.6529895,0],[127.0538737,46.6529717,0],[127.0538646,46.6529642,0],[127.0535411,46.6526135,0],[127.0532947,46.6523379,0],[127.0532765,46.6523107,0],[127.0532687,46.6522919,0],[127.0532648,46.6522759,0],[127.0532491,46.6522493,0],[127.0532465,46.6522239,0],[127.0532451,46.6521957,0],[127.0532489,46.6521637,0],[127.0532566,46.6521374,0],[127.0532682,46.6521063,0],[127.0532772,46.6520837,0],[127.0532849,46.6520649,0],[127.0533016,46.6520272,0],[127.0533324,46.6519416,0],[127.0533492,46.6519021,0],[127.0535074,46.6515273,0],[127.0537221,46.6510061,0],[127.0538262,46.6507532,0],[127.0539043,46.6505684,0],[127.0543851,46.6494886,0],[127.0544735,46.6492901,0],[127.0545501,46.6491103,0],[127.0546009,46.6490022,0],[127.0547489,46.6486666,0],[127.0549346,46.6482288,0]]]}},{"type":"Feature","properties":{"network":"排水","diameter_mm":2700,"material":"CP","depth_m":2.4},"geometry":{"type":"MultiLineString","coordinates":[[[127.0077589,46.6504588,0],[127.0097454,46.6493923,0]]]}},{"type":"Feature","properties":{"network":"排水","diameter_mm":2700,"material":"CP","depth_m":2.4},"geometry":{"type":"MultiLineString","coordinates":[[[127.007805,46.6504896,0],[127.0097857,46.6494329,0]]]}},{"type":"Feature","properties":{"network":"排水","diameter_mm":2700,"material":"CP","depth_m":2.4},"geometry":{"type":"MultiLineString","coordinates":[[[127.0098221,46.6494691,0],[127.0113757,46.6490982,0],[127.0114884,46.6490261,0]]]}},{"type":"Feature","properties":{"network":"排水","diameter_mm":750,"material":"UNK","depth_m":2.4},"geometry":{"type":"MultiLineString","coordinates":[[[126.9682533,46.6866056,0],[126.9683552,46.6866307,0]]]}},{"type":"Feature","properties":{"network":"排水","diameter_mm":1950,"material":"CP","depth_m":2.4},"geometry":{"type":"MultiLineString","coordinates":[[[126.9669364,46.6938115,0],[126.9681509,46.6939073,0]]]}},{"type":"Feature","properties":{"network":"排水","diameter_mm":2700,"material":"CP","depth_m":2.4},"geometry":{"type":"MultiLineString","coordinates":[[[127.0078398,46.6505213,0],[127.0098221,46.6494691,0]]]}},{"type":"Feature","properties":{"network":"排水","diameter_mm":2700,"material":"CP","depth_m":2.4},"geometry":{"type":"MultiLineString","coordinates":[[[127.0097857,46.6494329,0],[127.0113562,46.6490549,0],[127.0114884,46.6490261,0]]]}},{"type":"Feature","properties":{"network":"排水","diameter_mm":2700,"material":"CP","depth_m":2.4},"geometry":{"type":"MultiLineString","coordinates":[[[127.0097454,46.6493923,0],[127.0104015,46.6492354,0],[127.011337,46.6490119,0],[127.0114884,46.6490261,0]]]}},{"type":"Feature","properties":{"network":"排水","diameter_mm":1500,"material":"UNK","depth_m":2.4},"geometry":{"type":"MultiLineString","coordinates":[[[127.0114884,46.6490261,0],[127.0115592,46.6490674,0],[127.0118234,46.6489509,0]]]}},{"type":"Feature","properties":{"network":"排水","diameter_mm":3810,"material":"CP","depth_m":2.4},"geometry":{"type":"MultiLineString","coordinates":[[[126.9935933,46.6540057,0],[126.9954104,46.6532438,0],[126.9954613,46.6532282,0],[126.9955181,46.6532153,0],[126.99561,46.6531935,0],[126.995717,46.6531687,0],[126.9960441,46.6531789,0]]]}},{"type":"Feature","properties":{"network":"排水","diameter_mm":3000,"material":"CP","depth_m":2.4},"geometry":{"type":"MultiLineString","coordinates":[[[127.0344405,46.6410434,0],[127.0347263,46.6411302,0],[127.0353146,46.6413062,0],[127.0358765,46.6414287,0],[127.040742,46.6425109,0],[127.0454898,46.6435835,0],[127.0482835,46.6442016,0],[127.048287,46.6442024,0],[127.0515453,46.64493,0],[127.0526663,46.6452751,0],[127.0527727,46.6453079,0],[127.0528459,46.6453221,0],[127.0528996,46.645328,0],[127.0529873,46.6453308,0],[127.0531048,46.6453187,0],[127.0531687,46.6453036,0],[127.053246,46.645275,0],[127.0533119,46.6452427,0],[127.0533793,46.6451995,0],[127.0534333,46.6451538,0],[127.0534626,46.6451196,0],[127.0534826,46.6450859,0],[127.0535231,46.6449908,0]]]}},{"type":"Feature","properties":{"network":"排水","diameter_mm":1500,"material":"UNK","depth_m":2.4},"geometry":{"type":"MultiLineString","coordinates":[[[127.0114884,46.6490261,0],[127.0115709,46.6490394,0],[127.0118234,46.6489509,0]]]}},{"type":"Feature","properties":{"network":"排水","diameter_mm":1500,"material":"UNK","depth_m":2.4},"geometry":{"type":"MultiLineString","coordinates":[[[127.0114884,46.6490261,0],[127.0115825,46.6490115,0],[127.0118234,46.6489509,0]]]}},{"type":"Feature","properties":{"network":"排水","diameter_mm":1500,"material":"UNK","depth_m":2.4},"geometry":{"type":"MultiLineString","coordinates":[[[127.0114884,46.6490261,0],[127.0115954,46.6489804,0],[127.0118234,46.6489509,0]]]}},{"type":"Feature","properties":{"network":"排水","diameter_mm":1500,"material":"UNK","depth_m":2.4},"geometry":{"type":"MultiLineString","coordinates":[[[127.0114884,46.6490261,0],[127.01161,46.6489452,0],[127.0118234,46.6489509,0]]]}},{"type":"Feature","properties":{"network":"排水","diameter_mm":1500,"material":"CP","depth_m":2.4},"geometry":{"type":"MultiLineString","coordinates":[[[127.0235192,46.6389122,0],[127.0232293,46.6388295,0]]]}},{"type":"Feature","properties":{"network":"排水","diameter_mm":3000,"material":"CP","depth_m":2.4},"geometry":{"type":"MultiLineString","coordinates":[[[127.0211007,46.6383078,0],[127.0213772,46.6383727,0],[127.0232566,46.6387112,0],[127.0234617,46.6387481,0],[127.0247187,46.6389713,0],[127.02899,46.6398968,0],[127.0309922,46.6403444,0],[127.0338226,46.6409771,0],[127.0341194,46.6409943,0],[127.0344405,46.6410434,0]]]}},{"type":"Feature","properties":{"network":"排水","diameter_mm":1200,"material":"CMP","depth_m":2.4},"geometry":{"type":"MultiLineString","coordinates":[[[127.0604756,46.6372044,0],[127.060854,46.6372938,0],[127.060867,46.6372986,0]]]}},{"type":"Feature","properties":{"network":"排水","diameter_mm":1200,"material":"CMP","depth_m":2.4},"geometry":{"type":"MultiLineString","coordinates":[[[127.0604725,46.6372142,0],[127.0608526,46.6372972,0],[127.060867,46.6372986,0]]]}},{"type":"Feature","properties":{"network":"排水","diameter_mm":3810,"material":"CP","depth_m":2.4},"geometry":{"type":"MultiLineString","coordinates":[[[126.9748783,46.6530003,0],[126.975738,46.6508482,0],[126.9757785,46.6507469,0],[126.9757968,46.6507282,0],[126.9758211,46.6507035,0],[126.9758679,46.6506755,0],[126.9759263,46.6506538,0],[126.9759774,46.6506445,0],[126.9760041,46.6506425,0],[126.976314,46.6506995,0]]]}},{"type":"Feature","properties":{"network":"排水","diameter_mm":750,"material":"CP","depth_m":2.4},"geometry":{"type":"MultiLineString","coordinates":[[[127.0229686,46.7007836,0],[127.023572,46.7001941,0]]]}},{"type":"Feature","properties":{"network":"排水","diameter_mm":750,"material":"CP","depth_m":2.4},"geometry":{"type":"MultiLineString","coordinates":[[[127.0225487,46.7015566,0],[127.0229686,46.7007836,0]]]}},{"type":"Feature","properties":{"network":"排水","diameter_mm":750,"material":"CP","depth_m":2.4},"geometry":{"type":"MultiLineString","coordinates":[[[127.023572,46.7001941,0],[127.0241797,46.6996025,0]]]}},{"type":"Feature","properties":{"network":"排水","diameter_mm":3000,"material":"CP","depth_m":2.4},"geometry":{"type":"MultiLineString","coordinates":[[[126.9878499,46.6840234,0],[126.9880149,46.6835743,0],[126.9880225,46.6835554,0],[126.9880289,46.6835366,0],[126.9880321,46.6835177,0],[126.988031,46.6834988,0],[126.9880288,46.6834808,0],[126.9880277,46.6834682,0],[126.9880201,46.6834512,0],[126.9880136,46.6834394,0],[126.9880081,46.6834253,0],[126.9879994,46.6834088,0],[126.987994,46.6833978,0],[126.9879886,46.6833868,0],[126.9879799,46.6833695,0],[126.9879766,46.6833546,0],[126.9879722,46.6833412,0],[126.9879711,46.6833216,0],[126.9879689,46.6833019,0],[126.9879743,46.6832894,0],[126.9879786,46.6832736,0],[126.9879872,46.6832585,0],[126.9883627,46.6823052,0],[126.988367,46.6822981,0],[126.9883703,46.6822902,0],[126.9883811,46.6822753,0],[126.9883875,46.6822651,0],[126.9883983,46.6822533,0],[126.9884221,46.6822375,0],[126.9884405,46.6822265,0],[126.9884578,46.682221,0],[126.9884827,46.6822107,0],[126.9885,46.682206,0],[126.9885206,46.6821997,0],[126.9885422,46.6821918,0],[126.9885574,46.6821847,0],[126.9885715,46.6821769,0],[126.9885864,46.682167,0],[126.9885994,46.6821583,0],[126.9886102,46.6821457,0],[126.9886781,46.6819948,0],[126.9887101,46.681966,0]]]}},{"type":"Feature","properties":{"network":"排水","diameter_mm":3810,"material":"CP","depth_m":2.4},"geometry":{"type":"MultiLineString","coordinates":[[[126.9781552,46.6509019,0],[126.9783576,46.650914,0],[126.9784782,46.6509277,0],[126.9791842,46.6510075,0],[126.9792419,46.6510141,0],[126.9817622,46.6515583,0]]]}},{"type":"Feature","properties":{"network":"排水","diameter_mm":2100,"material":"CP","depth_m":2.4},"geometry":{"type":"MultiLineString","coordinates":[[[127.0042671,46.6459369,0],[127.0045202,46.645872,0],[127.0047469,46.6457756,0],[127.0048814,46.6456689,0],[127.0049828,46.6455315,0],[127.0050463,46.6453631,0],[127.0088523,46.6358931,0],[127.0089175,46.635723,0],[127.0089217,46.6356996,0],[127.0089318,46.6356556,0],[127.0089409,46.6353763,0],[127.0089557,46.6353542,0]]]}},{"type":"Feature","properties":{"network":"排水","diameter_mm":1350,"material":"BR","depth_m":2.4},"geometry":{"type":"MultiLineString","coordinates":[[[127.0196853,46.635565,0],[127.019563,46.6355375,0],[127.0194792,46.6355187,0],[127.0187797,46.6353618,0]]]}},{"type":"Feature","properties":{"network":"排水","diameter_mm":1350,"material":"CP","depth_m":2.4},"geometry":{"type":"MultiLineString","coordinates":[[[127.0524159,46.6963477,0],[127.0524129,46.6963414,0],[127.0517274,46.6949177,0],[127.0517229,46.6949085,0]]]}},{"type":"Feature","properties":{"network":"排水","diameter_mm":1050,"material":"CP","depth_m":2.4},"geometry":{"type":"MultiLineString","coordinates":[[[127.0635469,46.7060342,0],[127.0635264,46.7060312,0],[127.0635063,46.7060292,0],[127.0634807,46.7060275,0],[127.0634527,46.7060269,0],[127.0634256,46.7060274,0],[127.0633935,46.7060296,0],[127.0633683,46.7060324,0],[127.0633435,46.7060362,0],[127.0633178,46.7060414,0],[127.0633154,46.7060418,0],[127.0629385,46.7061241,0],[127.0629032,46.7061318,0],[127.0617524,46.706383,0],[127.061737,46.7063868,0]]]}},{"type":"Feature","properties":{"network":"排水","diameter_mm":1350,"material":"CP","depth_m":2.4},"geometry":{"type":"MultiLineString","coordinates":[[[127.0106119,46.6970859,0],[127.0106149,46.6970703,0],[127.0108553,46.6955937,0]]]}},{"type":"Feature","properties":{"network":"排水","diameter_mm":1500,"material":"CP","depth_m":2.4},"geometry":{"type":"MultiLineString","coordinates":[[[127.0004694,46.6208075,0],[127.0004663,46.6208152,0],[127.0003133,46.6211964,0],[126.999725,46.6221566,0],[126.999014,46.6238115,0],[126.9988285,46.6244524,0],[126.9987814,46.6246317,0],[126.9987813,46.6246322,0],[126.9987572,46.6247239,0],[126.9987137,46.6248332,0],[126.9963397,46.6306277,0],[126.9962381,46.6309692,0],[126.9958014,46.6320024,0],[126.9955971,46.6324478,0],[126.9955567,46.6324604,0]]]}},{"type":"Feature","properties":{"network":"排水","diameter_mm":1500,"material":"BR","depth_m":2.4},"geometry":{"type":"MultiLineString","coordinates":[[[126.9890257,46.6176194,0],[126.9901482,46.6178589,0]]]}},{"type":"Feature","properties":{"network":"排水","diameter_mm":1500,"material":"BR","depth_m":2.4},"geometry":{"type":"MultiLineString","coordinates":[[[126.9901482,46.6178589,0],[126.990953,46.6180305,0]]]}},{"type":"Feature","properties":{"network":"排水","diameter_mm":2250,"material":"BR","depth_m":2.4},"geometry":{"type":"MultiLineString","coordinates":[[[127.0058773,46.6264324,0],[127.0070848,46.6267071,0],[127.0071456,46.626721,0],[127.0071931,46.6267318,0]]]}},{"type":"Feature","properties":{"network":"排水","diameter_mm":1500,"material":"CP","depth_m":2.4},"geometry":{"type":"MultiLineString","coordinates":[[[127.0151986,46.6252533,0],[127.0156554,46.6254258,0],[127.0156641,46.6254291,0],[127.0156822,46.6254378,0],[127.0156963,46.6254471,0],[127.0157058,46.6254554,0],[127.0157146,46.6254651,0],[127.0157217,46.6254757,0],[127.0157276,46.6254889,0],[127.0157307,46.625502,0],[127.0157313,46.6255107,0],[127.0157301,46.6255239,0],[127.0157262,46.6255373,0],[127.0157217,46.6255444,0],[127.0156854,46.6255838,0]]]}},{"type":"Feature","properties":{"network":"排水","diameter_mm":1200,"material":"BR","depth_m":2.4},"geometry":{"type":"MultiLineString","coordinates":[[[126.9743491,46.6150237,0],[126.9746965,46.6141182,0],[126.9747038,46.6140994,0],[126.9747185,46.6140723,0],[126.9747322,46.6140596,0],[126.9747493,46.6140504,0],[126.9747727,46.6140444,0],[126.9747983,46.6140432,0],[126.974829,46.6140481,0]]]}},{"type":"Feature","properties":{"network":"排水","diameter_mm":1500,"material":"CP","depth_m":2.4},"geometry":{"type":"MultiLineString","coordinates":[[[126.966829,46.6858686,0],[126.9669437,46.6859005,0],[126.9669922,46.685928,0],[126.9670518,46.6859751,0],[126.9670742,46.6860003,0],[126.9671116,46.6860545,0],[126.9671316,46.6860963,0],[126.9671332,46.6861966,0],[126.9671447,46.6862512,0],[126.9671565,46.6862961,0],[126.9672015,46.686365,0],[126.9672777,46.6864213,0],[126.967361,46.6864638,0],[126.9676697,46.6865233,0],[126.9682505,46.6866469,0]]]}},{"type":"Feature","properties":{"network":"排水","diameter_mm":1500,"material":"CP","depth_m":2.4},"geometry":{"type":"MultiLineString","coordinates":[[[126.9634792,46.6851619,0],[126.9647553,46.6854308,0]]]}},{"type":"Feature","properties":{"network":"排水","diameter_mm":3000,"material":"UNK","depth_m":2.4},"geometry":{"type":"MultiLineString","coordinates":[[[126.9094834,46.6761058,0],[126.9094417,46.6760976,0],[126.9092764,46.6760649,0],[126.9079957,46.6758117,0]]]}},{"type":"Feature","properties":{"network":"排水","diameter_mm":2700,"material":"CP","depth_m":2.4},"geometry":{"type":"MultiLineString","coordinates":[[[126.9057415,46.675409,0],[126.9057417,46.6754083,0],[126.9037922,46.6755091,0],[126.9036866,46.6754983,0],[126.9036297,46.6754846,0],[126.9004112,46.6742121,0],[126.9003995,46.6742075,0]]]}},{"type":"Feature","properties":{"network":"排水","diameter_mm":900,"material":"UNK","depth_m":2.4},"geometry":{"type":"MultiLineString","coordinates":[[[126.8766338,46.648108,0],[126.8747382,46.6471295,0]]]}},{"type":"Feature","properties":{"network":"排水","diameter_mm":2250,"material":"BR","depth_m":2.4},"geometry":{"type":"MultiLineString","coordinates":[[[127.0022836,46.6254097,0],[127.0028123,46.6255263,0],[127.0032919,46.6256351,0],[127.0033361,46.6256494,0],[127.0033632,46.6256602,0],[127.00339,46.6256731,0],[127.0034249,46.6256942,0],[127.0034363,46.6257022,0],[127.0034489,46.625713,0],[127.0034587,46.6257246,0],[127.0035137,46.6258185,0],[127.003524,46.6258381,0],[127.003538,46.6258577,0],[127.003547,46.6258661,0],[127.0035697,46.6258861,0],[127.0035746,46.6258897,0],[127.0035915,46.6259021,0],[127.0036115,46.6259133,0],[127.0036315,46.6259236,0],[127.0036399,46.6259264,0],[127.0036521,46.6259301,0],[127.0036747,46.6259352,0],[127.0037322,46.6259449,0]]]}},{"type":"Feature","properties":{"network":"排水","diameter_mm":1500,"material":"BR","depth_m":2.4},"geometry":{"type":"MultiLineString","coordinates":[[[126.9867925,46.617143,0],[126.9879016,46.6173791,0]]]}},{"type":"Feature","properties":{"network":"排水","diameter_mm":1500,"material":"CP","depth_m":2.4},"geometry":{"type":"MultiLineString","coordinates":[[[126.9647553,46.6854308,0],[126.966829,46.6858686,0]]]}},{"type":"Feature","properties":{"network":"排水","diameter_mm":1350,"material":"CP","depth_m":2.4},"geometry":{"type":"MultiLineString","coordinates":[[[127.061737,46.7063868,0],[127.0617291,46.7063887,0],[127.0616386,46.7064117,0],[127.0615331,46.7064384,0],[127.0615039,46.7064504,0]]]}},{"type":"Feature","properties":{"network":"排水","diameter_mm":1500,"material":"BR","depth_m":2.4},"geometry":{"type":"MultiLineString","coordinates":[[[126.9879016,46.6173791,0],[126.9890257,46.6176194,0]]]}},{"type":"Feature","properties":{"network":"排水","diameter_mm":1500,"material":"BR","depth_m":2.4},"geometry":{"type":"MultiLineString","coordinates":[[[127.0016118,46.6212586,0],[127.0024777,46.6216814,0],[127.0025199,46.621702,0]]]}},{"type":"Feature","properties":{"network":"排水","diameter_mm":1500,"material":"BR","depth_m":2.4},"geometry":{"type":"MultiLineString","coordinates":[[[127.0031706,46.6219984,0],[127.0039421,46.6223215,0]]]}},{"type":"Feature","properties":{"network":"排水","diameter_mm":1500,"material":"BR","depth_m":2.4},"geometry":{"type":"MultiLineString","coordinates":[[[127.0039421,46.6223215,0],[127.0048087,46.6226527,0],[127.0051165,46.6227703,0]]]}},{"type":"Feature","properties":{"network":"排水","diameter_mm":1500,"material":"BR","depth_m":2.4},"geometry":{"type":"MultiLineString","coordinates":[[[127.0051165,46.6227703,0],[127.0062818,46.623263,0]]]}},{"type":"Feature","properties":{"network":"排水","diameter_mm":1500,"material":"BR","depth_m":2.4},"geometry":{"type":"MultiLineString","coordinates":[[[127.0062818,46.623263,0],[127.0073745,46.6235087,0]]]}},{"type":"Feature","properties":{"network":"排水","diameter_mm":1500,"material":"BR","depth_m":2.4},"geometry":{"type":"MultiLineString","coordinates":[[[127.0085006,46.6237245,0],[127.0095158,46.6239562,0]]]}},{"type":"Feature","properties":{"network":"排水","diameter_mm":1500,"material":"BR","depth_m":2.4},"geometry":{"type":"MultiLineString","coordinates":[[[127.0095158,46.6239562,0],[127.0106217,46.6242079,0]]]}},{"type":"Feature","properties":{"network":"排水","diameter_mm":1500,"material":"BR","depth_m":2.4},"geometry":{"type":"MultiLineString","coordinates":[[[127.0073745,46.6235087,0],[127.0083689,46.6236993,0],[127.0085006,46.6237245,0]]]}},{"type":"Feature","properties":{"network":"排水","diameter_mm":1050,"material":"CP","depth_m":2.4},"geometry":{"type":"MultiLineString","coordinates":[[[127.0651047,46.7063608,0],[127.0650916,46.706358,0],[127.0635469,46.7060342,0]]]}},{"type":"Feature","properties":{"network":"排水","diameter_mm":3658,"material":"CMP","depth_m":2.4},"geometry":{"type":"MultiLineString","coordinates":[[[126.8914302,46.6714264,0],[126.8911949,46.6713923,0],[126.8910241,46.6714067,0],[126.8908354,46.6714716,0],[126.8906812,46.6715545,0],[126.8905474,46.6716566,0],[126.8905467,46.6716571,0],[126.8900877,46.6722424,0]]]}},{"type":"Feature","properties":{"network":"排水","diameter_mm":1200,"material":"UNK","depth_m":2.4},"geometry":{"type":"MultiLineString","coordinates":[[[126.8923757,46.6479261,0],[126.8913085,46.6476736,0]]]}},{"type":"Feature","properties":{"network":"排水","diameter_mm":1350,"material":"CP","depth_m":2.4},"geometry":{"type":"MultiLineString","coordinates":[[[126.8823047,46.6775552,0],[126.8837435,46.6767481,0]]]}},{"type":"Feature","properties":{"network":"排水","diameter_mm":900,"material":"CP","depth_m":2.4},"geometry":{"type":"MultiLineString","coordinates":[[[126.9581758,46.6624047,0],[126.9581494,46.6623609,0]]]}},{"type":"Feature","properties":{"network":"排水","diameter_mm":1350,"material":"BR","depth_m":2.4},"geometry":{"type":"MultiLineString","coordinates":[[[126.9721118,46.7004503,0],[126.9731975,46.7006774,0],[126.9732091,46.7006794,0],[126.9732235,46.7006806,0],[126.9732355,46.7006785,0],[126.9732449,46.7006752,0],[126.9732773,46.7006555,0]]]}},{"type":"Feature","properties":{"network":"排水","diameter_mm":1050,"material":"CP","depth_m":2.4},"geometry":{"type":"MultiLineString","coordinates":[[[127.0692501,46.6721396,0],[127.0677358,46.6724697,0]]]}},{"type":"Feature","properties":{"network":"排水","diameter_mm":1950,"material":"CP","depth_m":2.4},"geometry":{"type":"MultiLineString","coordinates":[[[126.9669333,46.6937889,0],[126.9681509,46.6939073,0]]]}},{"type":"Feature","properties":{"network":"排水","diameter_mm":1650,"material":"CP","depth_m":2.4},"geometry":{"type":"MultiLineString","coordinates":[[[127.0585829,46.6374484,0],[127.0587405,46.6374517,0]]]}},{"type":"Feature","properties":{"network":"排水","diameter_mm":3658,"material":"CMP","depth_m":2.4},"geometry":{"type":"MultiLineString","coordinates":[[[126.8954201,46.6726802,0],[126.8952743,46.6726491,0],[126.8951168,46.6726397,0],[126.8949327,46.6726562,0],[126.8947787,46.672688,0],[126.8946396,46.6727416,0],[126.8944325,46.6728682,0],[126.8943249,46.672912,0],[126.8942271,46.6729274,0],[126.8941024,46.672926,0],[126.8939614,46.6728914,0],[126.8928059,46.6722925,0],[126.892449,46.6719468,0],[126.8920901,46.6716318,0],[126.8920102,46.6715902,0],[126.8916141,46.6714569,0],[126.8914302,46.6714264,0]]]}},{"type":"Feature","properties":{"network":"排水","diameter_mm":525,"material":"CP","depth_m":2.4},"geometry":{"type":"MultiLineString","coordinates":[[[126.8955931,46.6725093,0],[126.8955139,46.6726997,0],[126.8955126,46.6727028,0]]]}},{"type":"Feature","properties":{"network":"排水","diameter_mm":2100,"material":"CP","depth_m":2.4},"geometry":{"type":"MultiLineString","coordinates":[[[126.9794755,46.6923993,0],[126.9795623,46.6923717,0],[126.9795787,46.6923665,0],[126.979597,46.6923607,0],[126.9796158,46.6923553,0],[126.9796337,46.6923506,0],[126.9796536,46.6923458,0],[126.9796738,46.6923411,0],[126.9796932,46.6923369,0],[126.979716,46.6923324,0],[126.9797367,46.6923285,0],[126.9797567,46.6923251,0],[126.9798384,46.6923142,0],[126.9799321,46.692307,0],[126.9799684,46.6923053,0],[126.9800004,46.6923041,0],[126.9800273,46.6923036,0],[126.9800537,46.6923032,0],[126.9800812,46.6923031,0],[126.9801094,46.6923034,0],[126.9801359,46.6923057,0],[126.9801626,46.6923087,0],[126.9801844,46.6923113,0],[126.9802083,46.6923143,0],[126.9802371,46.6923181,0],[126.9802645,46.6923219,0],[126.9802961,46.6923265,0],[126.9804101,46.6923452,0],[126.9804284,46.6923487,0],[126.9804431,46.6923517,0],[126.9804613,46.6923561,0],[126.9804786,46.6923606,0],[126.9804975,46.6923658,0],[126.9805165,46.6923716,0],[126.9805373,46.6923786,0],[126.9805586,46.6923861,0],[126.9815696,46.6927754,0],[126.9815954,46.6927845,0],[126.9816237,46.6927927,0],[126.9816429,46.692798,0],[126.9816661,46.692804,0],[126.9816874,46.6928091,0],[126.9817106,46.6928143,0],[126.9817302,46.6928183,0],[126.9817534,46.6928227,0],[126.9817766,46.6928268,0],[126.9817985,46.6928303,0],[126.9818244,46.6928342,0],[126.9818581,46.6928388,0],[126.9819336,46.6928477,0],[126.9819657,46.6928509,0],[126.9819966,46.6928536,0],[126.9820241,46.6928556,0],[126.9820618,46.692858,0],[126.9820958,46.6928598,0],[126.9821279,46.692861,0],[126.9821552,46.692861,0],[126.9821882,46.6928598,0],[126.982216,46.6928577,0],[126.9822424,46.6928546,0],[126.9822755,46.6928493,0],[126.982305,46.6928426,0],[126.9823276,46.6928356,0],[126.9823587,46.6928234,0],[126.9824104,46.6927984,0]]]}},{"type":"Feature","properties":{"network":"排水","diameter_mm":450,"material":"CP","depth_m":2.4},"geometry":{"type":"MultiLineString","coordinates":[[[127.0572462,46.6958162,0],[127.056752,46.6955909,0]]]}},{"type":"Feature","properties":{"network":"排水","diameter_mm":3000,"material":"UNK","depth_m":2.4},"geometry":{"type":"MultiLineString","coordinates":[[[126.9003995,46.6742075,0],[126.9003598,46.6741951,0],[126.9000194,46.674092,0],[126.8998701,46.6740466,0],[126.8998621,46.6740442,0],[126.8991475,46.673827,0],[126.8977677,46.6732523,0],[126.8977616,46.6732598,0]]]}},{"type":"Feature","properties":{"network":"排水","diameter_mm":2100,"material":"UNK","depth_m":2.4},"geometry":{"type":"MultiLineString","coordinates":[[[127.0440104,46.6757231,0],[127.0447633,46.6742834,0]]]}},{"type":"Feature","properties":{"network":"排水","diameter_mm":1650,"material":"CP","depth_m":2.4},"geometry":{"type":"MultiLineString","coordinates":[[[126.8756468,46.6478437,0],[126.8744034,46.647267,0]]]}},{"type":"Feature","properties":{"network":"排水","diameter_mm":1500,"material":"CP","depth_m":2.4},"geometry":{"type":"MultiLineString","coordinates":[[[127.0308751,46.640627,0],[127.0309922,46.6403444,0]]]}},{"type":"Feature","properties":{"network":"排水","diameter_mm":1500,"material":"CP","depth_m":2.4},"geometry":{"type":"MultiLineString","coordinates":[[[126.9548706,46.6833442,0],[126.9585391,46.6841213,0]]]}},{"type":"Feature","properties":{"network":"排水","diameter_mm":300,"material":"UNK","depth_m":2.4},"geometry":{"type":"MultiLineString","coordinates":[[[126.9988772,46.6463505,0],[126.9989088,46.6464291,0]]]}},{"type":"Feature","properties":{"network":"排水","diameter_mm":450,"material":"CP","depth_m":2.4},"geometry":{"type":"MultiLineString","coordinates":[[[127.0555516,46.6950181,0],[127.0555493,46.6950177,0],[127.0538518,46.6946877,0]]]}},{"type":"Feature","properties":{"network":"排水","diameter_mm":450,"material":"CP","depth_m":2.4},"geometry":{"type":"MultiLineString","coordinates":[[[127.0532335,46.6940648,0],[127.0529027,46.6938178,0]]]}},{"type":"Feature","properties":{"network":"排水","diameter_mm":900,"material":"CP","depth_m":2.4},"geometry":{"type":"MultiLineString","coordinates":[[[126.8747382,46.6471295,0],[126.874439,46.6470312,0],[126.8734044,46.6466914,0],[126.8730706,46.6465817,0]]]}},{"type":"Feature","properties":{"network":"排水","diameter_mm":525,"material":"CP","depth_m":2.4},"geometry":{"type":"MultiLineString","coordinates":[[[127.0649866,46.6984029,0],[127.0639709,46.6981829,0]]]}},{"type":"Feature","properties":{"network":"排水","diameter_mm":450,"material":"CP","depth_m":2.4},"geometry":{"type":"MultiLineString","coordinates":[[[127.0639709,46.6981829,0],[127.0636201,46.6979894,0],[127.0631137,46.69771,0],[127.0627864,46.6975294,0]]]}},{"type":"Feature","properties":{"network":"排水","diameter_mm":450,"material":"CP","depth_m":2.4},"geometry":{"type":"MultiLineString","coordinates":[[[127.0620895,46.6973131,0],[127.0602061,46.6967502,0]]]}},{"type":"Feature","properties":{"network":"排水","diameter_mm":600,"material":"CP","depth_m":2.4},"geometry":{"type":"MultiLineString","coordinates":[[[126.9549612,46.6242488,0],[126.9549733,46.6242513,0],[126.9550352,46.6243416,0],[126.9551812,46.6243728,0],[126.95519,46.6243901,0]]]}},{"type":"Feature","properties":{"network":"排水","diameter_mm":1350,"material":"CP","depth_m":2.4},"geometry":{"type":"MultiLineString","coordinates":[[[127.0400231,46.7154866,0],[127.0400341,46.7154763,0],[127.041251,46.7143384,0],[127.0412585,46.7143314,0]]]}},{"type":"Feature","properties":{"network":"排水","diameter_mm":1350,"material":"CP","depth_m":2.4},"geometry":{"type":"MultiLineString","coordinates":[[[127.0074428,46.6996524,0],[127.0085236,46.6995464,0],[127.0085364,46.6995449,0],[127.0085549,46.6995423,0],[127.0085769,46.6995383,0],[127.0086014,46.6995326,0],[127.0086271,46.6995253,0],[127.0086518,46.6995167,0],[127.0086757,46.6995069,0],[127.0086934,46.6994986,0],[127.0087136,46.6994878,0],[127.0087312,46.6994772,0],[127.0087455,46.6994676,0],[127.0087707,46.699448,0]]]}},{"type":"Feature","properties":{"network":"排水","diameter_mm":1350,"material":"CP","depth_m":2.4},"geometry":{"type":"MultiLineString","coordinates":[[[127.0108553,46.6955937,0],[127.0108584,46.6955791,0],[127.0108614,46.6955672,0],[127.0108644,46.6955571,0],[127.0108682,46.6955467,0],[127.0108756,46.6955296,0],[127.0108779,46.6955249,0],[127.0108806,46.6955197,0],[127.0108856,46.6955108,0],[127.0108921,46.6955004,0],[127.010902,46.6954863,0],[127.0109096,46.6954766,0],[127.0109147,46.6954706,0],[127.0109221,46.6954624,0],[127.0114126,46.6949323,0],[127.011616,46.6947134,0],[127.0116264,46.6947022,0],[127.0116437,46.6946858,0],[127.011662,46.6946708,0],[127.0116846,46.6946547,0],[127.0117091,46.6946399,0],[127.0117365,46.6946258,0],[127.0119243,46.6945402,0]]]}},{"type":"Feature","properties":{"network":"排水","diameter_mm":1800,"material":"CP","depth_m":2.4},"geometry":{"type":"MultiLineString","coordinates":[[[127.0354444,46.6360941,0],[127.0345339,46.6383293,0],[127.0337274,46.6403092,0],[127.0337255,46.6403398,0],[127.0337275,46.6403646,0],[127.0337356,46.6403894,0],[127.0337558,46.6404171,0],[127.0338162,46.6404593,0],[127.0344538,46.6408446,0],[127.03448,46.6408665,0],[127.0344981,46.6408942,0],[127.0345062,46.640919,0],[127.0345063,46.6409467,0],[127.0344963,46.6409817,0],[127.0344405,46.6410434,0]]]}},{"type":"Feature","properties":{"network":"排水","diameter_mm":1350,"material":"BR","depth_m":2.4},"geometry":{"type":"MultiLineString","coordinates":[[[127.0187797,46.6353618,0],[127.0180626,46.6352037,0]]]}},{"type":"Feature","properties":{"network":"排水","diameter_mm":1350,"material":"BR","depth_m":2.4},"geometry":{"type":"MultiLineString","coordinates":[[[127.0180626,46.6352037,0],[127.017909,46.6351651,0],[127.0178508,46.6351213,0],[127.0178298,46.6350724,0],[127.0178552,46.6350083,0],[127.0180169,46.6346215,0]]]}},{"type":"Feature","properties":{"network":"排水","diameter_mm":1350,"material":"BR","depth_m":2.4},"geometry":{"type":"MultiLineString","coordinates":[[[127.0180169,46.6346215,0],[127.0182742,46.6339656,0]]]}},{"type":"Feature","properties":{"network":"排水","diameter_mm":1350,"material":"BR","depth_m":2.4},"geometry":{"type":"MultiLineString","coordinates":[[[127.0182742,46.6339656,0],[127.0183006,46.6339244,0],[127.0183238,46.633908,0],[127.0183673,46.6338872,0],[127.0183874,46.6338813,0]]]}},{"type":"Feature","properties":{"network":"排水","diameter_mm":1500,"material":"CP","depth_m":2.4},"geometry":{"type":"MultiLineString","coordinates":[[[126.99106,46.6285713,0],[126.9910877,46.6286159,0],[126.9909413,46.6288172,0]]]}},{"type":"Feature","properties":{"network":"排水","diameter_mm":450,"material":"UNK","depth_m":2.4},"geometry":{"type":"MultiLineString","coordinates":[[[127.0013965,46.6461655,0],[127.0013981,46.6461762,0],[127.0015327,46.6462188,0],[127.0016202,46.6462544,0]]]}},{"type":"Feature","properties":{"network":"排水","diameter_mm":2100,"material":"CP","depth_m":2.4},"geometry":{"type":"MultiLineString","coordinates":[[[126.9530038,46.6225989,0],[126.9530185,46.6226377,0],[126.9555321,46.6225611,0],[126.9555616,46.6225647,0],[126.9565886,46.6227963,0],[126.9566775,46.622816,0],[126.9567887,46.6228377,0],[126.9570755,46.6228953,0],[126.9573086,46.622942,0],[126.958553,46.6231892,0],[126.9588621,46.6232504,0],[126.9589183,46.6232606,0],[126.9589744,46.6232681,0],[126.9590378,46.6232725,0],[126.9590946,46.6232746,0],[126.9591307,46.6232766,0],[126.9592496,46.6232835,0],[126.9593222,46.6232877,0],[126.9593295,46.6232559,0]]]}},{"type":"Feature","properties":{"network":"排水","diameter_mm":1500,"material":"CP","depth_m":2.4},"geometry":{"type":"MultiLineString","coordinates":[[[126.9643686,46.6154084,0],[126.9642709,46.6156262,0]]]}},{"type":"Feature","properties":{"network":"排水","diameter_mm":1500,"material":"CP","depth_m":2.4},"geometry":{"type":"MultiLineString","coordinates":[[[126.9641713,46.6158419,0],[126.9625471,46.6201308,0]]]}},{"type":"Feature","properties":{"network":"排水","diameter_mm":1500,"material":"CP","depth_m":2.4},"geometry":{"type":"MultiLineString","coordinates":[[[126.9625471,46.6201308,0],[126.9620398,46.6214056,0],[126.9619873,46.6214978,0],[126.9618575,46.6216305,0],[126.9617802,46.6216936,0],[126.9615082,46.6218646,0],[126.9597705,46.6229272,0],[126.9596562,46.6230194,0],[126.959582,46.6231117,0],[126.9595203,46.6232062,0],[126.9594897,46.6232646,0],[126.9594908,46.6232803,0]]]}},{"type":"Feature","properties":{"network":"排水","diameter_mm":1350,"material":"CP","depth_m":2.4},"geometry":{"type":"MultiLineString","coordinates":[[[126.95519,46.6243901,0],[126.9552175,46.6243964,0],[126.9557552,46.6245228,0],[126.9557941,46.624532,0]]]}},{"type":"Feature","properties":{"network":"排水","diameter_mm":1350,"material":"CP","depth_m":2.4},"geometry":{"type":"MultiLineString","coordinates":[[[126.9559003,46.6246734,0],[126.9558709,46.6246662,0],[126.9557941,46.62465,0],[126.9557641,46.6246134,0],[126.9557773,46.6245798,0],[126.9557941,46.624532,0]]]}},{"type":"Feature","properties":{"network":"排水","diameter_mm":1350,"material":"CP","depth_m":2.4},"geometry":{"type":"MultiLineString","coordinates":[[[127.0427574,46.7139721,0],[127.0443395,46.7136451,0],[127.0443628,46.7136397,0],[127.0443816,46.713634,0],[127.0443993,46.7136275,0],[127.0444161,46.7136203,0],[127.0444332,46.7136121,0],[127.0444466,46.7136039,0],[127.0444625,46.7135934,0],[127.0444755,46.7135834,0],[127.0444845,46.7135756,0],[127.0444974,46.713563,0],[127.0445087,46.7135499,0],[127.0445169,46.7135388,0],[127.0445242,46.7135287,0],[127.0445323,46.7135115,0],[127.0445377,46.7134981,0],[127.0445415,46.7134853,0],[127.0445441,46.7134735,0],[127.0445481,46.7134557,0],[127.0445492,46.7134509,0]]]}},{"type":"Feature","properties":{"network":"排水","diameter_mm":1500,"material":"CP","depth_m":2.4},"geometry":{"type":"MultiLineString","coordinates":[[[127.0405106,46.642753,0],[127.0405741,46.6427674,0],[127.0405844,46.6427713,0]]]}},{"type":"Feature","properties":{"network":"排水","diameter_mm":1500,"material":"CP","depth_m":2.4},"geometry":{"type":"MultiLineString","coordinates":[[[127.048293,46.6441322,0],[127.048277,46.644171,0],[127.0482835,46.6442016,0]]]}},{"type":"Feature","properties":{"network":"排水","diameter_mm":3000,"material":"CP","depth_m":2.4},"geometry":{"type":"MultiLineString","coordinates":[[[127.0455309,46.6435065,0],[127.0454963,46.6435849,0]]]}},{"type":"Feature","properties":{"network":"排水","diameter_mm":3000,"material":"CP","depth_m":2.4},"geometry":{"type":"MultiLineString","coordinates":[[[126.9955482,46.6325956,0],[126.9955613,46.632633,0],[126.9957532,46.6326827,0],[126.9958438,46.6327025,0],[126.9962723,46.6327959,0],[126.9968811,46.6329299,0],[126.9975924,46.6330847,0],[126.9976131,46.6330895,0],[126.9976721,46.633103,0],[126.9979632,46.6331706,0],[126.9983377,46.6332584,0],[126.9990326,46.633412,0],[126.9997638,46.6335685,0],[127.0002652,46.6336763,0],[127.0004652,46.6337188,0],[127.0005114,46.6337287,0],[127.0013701,46.6339128,0],[127.0023702,46.634126,0],[127.003018,46.6342634,0],[127.0037118,46.634416,0],[127.0039253,46.6344629,0],[127.0042299,46.6345298,0],[127.0049291,46.6346838,0],[127.0058657,46.6348901,0],[127.0072678,46.6351975,0],[127.0077743,46.6353031,0],[127.0078795,46.6353198,0],[127.0079785,46.6353324,0],[127.0080985,46.6353427,0],[127.008225,46.6353497,0],[127.0084108,46.6353483,0],[127.0087963,46.6353473,0],[127.0089238,46.635347,0],[127.0089557,46.6353542,0]]]}},{"type":"Feature","properties":{"network":"排水","diameter_mm":1500,"material":"CP","depth_m":2.4},"geometry":{"type":"MultiLineString","coordinates":[[[126.9955567,46.6324604,0],[126.9955651,46.6325353,0],[126.9955468,46.6325802,0],[126.9955482,46.6325956,0]]]}},{"type":"Feature","properties":{"network":"排水","diameter_mm":1050,"material":"CP","depth_m":2.4},"geometry":{"type":"MultiLineString","coordinates":[[[127.0002498,46.6339173,0],[127.0003222,46.6339313,0],[127.0003354,46.6339376,0]]]}},{"type":"Feature","properties":{"network":"排水","diameter_mm":4267,"material":"CP","depth_m":2.4},"geometry":{"type":"MultiLineString","coordinates":[[[126.9657903,46.6557118,0],[126.966158,46.6556841,0],[126.9662045,46.6556781,0],[126.9662324,46.6556745,0],[126.9662945,46.6556628,0],[126.9663717,46.6556402,0],[126.9664598,46.655606,0],[126.9674353,46.6551015,0],[126.9674955,46.6550761,0],[126.9675661,46.6550542,0],[126.9684353,46.6548625,0],[126.9684805,46.6548495,0],[126.9685475,46.654823,0],[126.9685993,46.6547997,0],[126.9686567,46.6547682,0],[126.96873,46.6547175,0],[126.9689516,46.6545549,0]]]}},{"type":"Feature","properties":{"network":"排水","diameter_mm":900,"material":"CP","depth_m":2.4},"geometry":{"type":"MultiLineString","coordinates":[[[126.9664352,46.6558816,0],[126.966145,46.6557589,0]]]}},{"type":"Feature","properties":{"network":"排水","diameter_mm":1200,"material":"BR","depth_m":2.4},"geometry":{"type":"MultiLineString","coordinates":[[[126.9595684,46.6815051,0],[126.9598305,46.6808576,0],[126.959858,46.6808019,0],[126.9598917,46.6807671,0],[126.9600263,46.6806587,0]]]}},{"type":"Feature","properties":{"network":"排水","diameter_mm":750,"material":"CP","depth_m":2.4},"geometry":{"type":"MultiLineString","coordinates":[[[127.0246079,46.6957912,0],[127.0236523,46.6949322,0]]]}},{"type":"Feature","properties":{"network":"排水","diameter_mm":300,"material":"PVC","depth_m":2.4},"geometry":{"type":"MultiLineString","coordinates":[[[127.0555715,46.6949943,0],[127.0555516,46.6950181,0]]]}},{"type":"Feature","properties":{"network":"排水","diameter_mm":150,"material":"PVC","depth_m":2.4},"geometry":{"type":"MultiLineString","coordinates":[[[127.0582277,46.6952341,0],[127.0583423,46.6954652,0]]]}},{"type":"Feature","properties":{"network":"排水","diameter_mm":450,"material":"CP","depth_m":2.4},"geometry":{"type":"MultiLineString","coordinates":[[[127.0538518,46.6946877,0],[127.0533849,46.694178,0],[127.0532335,46.6940648,0]]]}},{"type":"Feature","properties":{"network":"排水","diameter_mm":3000,"material":"CP","depth_m":2.4},"geometry":{"type":"MultiLineString","coordinates":[[[126.9232656,46.6793229,0],[126.9232748,46.6792898,0],[126.9232886,46.6792174,0],[126.9232855,46.6791833,0],[126.923268,46.6791489,0],[126.9232651,46.6791433,0],[126.9232625,46.679138,0],[126.923236,46.679112,0],[126.9232103,46.6790968,0],[126.9231949,46.6790891,0],[126.9231778,46.6790806,0],[126.9231398,46.6790702,0],[126.9217394,46.6787451,0]]]}},{"type":"Feature","properties":{"network":"排水","diameter_mm":450,"material":"CP","depth_m":2.4},"geometry":{"type":"MultiLineString","coordinates":[[[127.0602061,46.6967502,0],[127.0596989,46.6961726,0],[127.0596982,46.6961712,0],[127.0596975,46.6961699,0],[127.0596923,46.696164,0]]]}},{"type":"Feature","properties":{"network":"排水","diameter_mm":1350,"material":"CP","depth_m":2.4},"geometry":{"type":"MultiLineString","coordinates":[[[127.0532932,46.6998033,0],[127.0532862,46.6997957,0],[127.0532745,46.699783,0],[127.0532643,46.6997719,0],[127.0532552,46.6997607,0],[127.053247,46.6997491,0],[127.0532404,46.6997383,0],[127.0532342,46.6997266,0],[127.0532288,46.6997142,0],[127.0532218,46.6996922,0],[127.0531725,46.6994872,0],[127.0531191,46.6992676,0],[127.0530765,46.6990933,0],[127.0530243,46.6988808,0],[127.052527,46.6968093,0],[127.052492,46.6966634,0],[127.0524183,46.6963573,0],[127.0524159,46.6963477,0]]]}},{"type":"Feature","properties":{"network":"排水","diameter_mm":750,"material":"CP","depth_m":2.4},"geometry":{"type":"MultiLineString","coordinates":[[[127.0257748,46.6964917,0],[127.0246079,46.6957912,0]]]}},{"type":"Feature","properties":{"network":"排水","diameter_mm":1650,"material":"CP","depth_m":2.4},"geometry":{"type":"MultiLineString","coordinates":[[[126.8564888,46.6713599,0],[126.8570063,46.6711817,0],[126.8584957,46.6706689,0]]]}},{"type":"Feature","properties":{"network":"排水","diameter_mm":2250,"material":"BR","depth_m":2.4},"geometry":{"type":"MultiLineString","coordinates":[[[127.0000334,46.6249211,0],[127.0010459,46.6251391,0],[127.0011407,46.6251595,0]]]}},{"type":"Feature","properties":{"network":"排水","diameter_mm":1350,"material":"BR","depth_m":2.4},"geometry":{"type":"MultiLineString","coordinates":[[[127.000408,46.6207249,0],[127.0006159,46.6208171,0],[127.0016118,46.6212586,0]]]}},{"type":"Feature","properties":{"network":"排水","diameter_mm":1350,"material":"BR","depth_m":2.4},"geometry":{"type":"MultiLineString","coordinates":[[[126.9993084,46.6201215,0],[126.9993156,46.6201284,0],[126.9994727,46.6202782,0],[126.9994781,46.6202807,0],[127.0002486,46.6206488,0],[127.0002617,46.6206838,0]]]}},{"type":"Feature","properties":{"network":"排水","diameter_mm":1650,"material":"BR","depth_m":2.4},"geometry":{"type":"MultiLineString","coordinates":[[[126.9983138,46.6195258,0],[126.9986306,46.6196227,0],[126.9987633,46.6196902,0],[126.9992262,46.6200431,0]]]}},{"type":"Feature","properties":{"network":"排水","diameter_mm":1500,"material":"CP","depth_m":2.4},"geometry":{"type":"MultiLineString","coordinates":[[[127.0039845,46.6343175,0],[127.0039466,46.6343478,0],[127.0039149,46.6344358,0],[127.0039253,46.6344629,0]]]}},{"type":"Feature","properties":{"network":"排水","diameter_mm":1500,"material":"CP","depth_m":2.4},"geometry":{"type":"MultiLineString","coordinates":[[[126.9595076,46.6987532,0],[126.9624355,46.6993647,0]]]}},{"type":"Feature","properties":{"network":"排水","diameter_mm":300,"material":"CP","depth_m":2.4},"geometry":{"type":"MultiLineString","coordinates":[[[127.0040524,46.634331,0],[127.0039981,46.6343219,0],[127.0039845,46.6343175,0]]]}},{"type":"Feature","properties":{"network":"排水","diameter_mm":1500,"material":"CP","depth_m":2.4},"geometry":{"type":"MultiLineString","coordinates":[[[127.0087707,46.6352031,0],[127.0087554,46.6352183,0],[127.0087963,46.6353473,0]]]}},{"type":"Feature","properties":{"network":"排水","diameter_mm":3000,"material":"CP","depth_m":2.4},"geometry":{"type":"MultiLineString","coordinates":[[[127.0089557,46.6353542,0],[127.0089977,46.6353464,0],[127.0096366,46.6353425,0],[127.0096843,46.635345,0],[127.0097677,46.6353505,0],[127.0098211,46.6353558,0],[127.0098461,46.6353588,0],[127.0099372,46.6353723,0],[127.0100028,46.6353848,0],[127.0121329,46.6358547,0],[127.0167725,46.6368779,0],[127.0168487,46.6368951,0],[127.0168998,46.6369079,0],[127.0169669,46.6369277,0],[127.0170181,46.6369468,0],[127.0170684,46.6369647,0],[127.0171179,46.6369871,0],[127.0171682,46.637012,0],[127.0171982,46.6370286,0],[127.0172433,46.6370535,0],[127.0172786,46.6370753,0],[127.0173325,46.6371111,0],[127.0177113,46.6373585,0]]]}},{"type":"Feature","properties":{"network":"排水","diameter_mm":1500,"material":"CP","depth_m":2.4},"geometry":{"type":"MultiLineString","coordinates":[[[127.014788,46.6362855,0],[127.0147384,46.6362761,0],[127.0146907,46.6362587,0]]]}},{"type":"Feature","properties":{"network":"排水","diameter_mm":1980,"material":"BR","depth_m":2.4},"geometry":{"type":"MultiLineString","coordinates":[[[126.9886488,46.6217451,0],[126.9894631,46.6219224,0],[126.9895916,46.6219504,0]]]}},{"type":"Feature","properties":{"network":"排水","diameter_mm":1050,"material":"CP","depth_m":2.4},"geometry":{"type":"MultiLineString","coordinates":[[[127.0091789,46.63524,0],[127.0087873,46.635201,0],[127.0087707,46.6352031,0]]]}},{"type":"Feature","properties":{"network":"排水","diameter_mm":1500,"material":"CP","depth_m":2.4},"geometry":{"type":"MultiLineString","coordinates":[[[127.0146907,46.6362587,0],[127.0146858,46.6363031,0],[127.0146504,46.6363828,0],[127.0146602,46.6364121,0]]]}},{"type":"Feature","properties":{"network":"排水","diameter_mm":1500,"material":"BR","depth_m":2.4},"geometry":{"type":"MultiLineString","coordinates":[[[127.0137025,46.6249111,0],[127.0151986,46.6252533,0]]]}},{"type":"Feature","properties":{"network":"排水","diameter_mm":2250,"material":"CP","depth_m":2.4},"geometry":{"type":"MultiLineString","coordinates":[[[127.0037322,46.6259449,0],[127.0046233,46.626148,0],[127.0048013,46.6261886,0]]]}},{"type":"Feature","properties":{"network":"排水","diameter_mm":1500,"material":"BR","depth_m":2.4},"geometry":{"type":"MultiLineString","coordinates":[[[127.0117021,46.6244549,0],[127.0121531,46.6245577,0],[127.0122129,46.6245714,0],[127.0127829,46.6247013,0]]]}},{"type":"Feature","properties":{"network":"排水","diameter_mm":1500,"material":"BR","depth_m":2.4},"geometry":{"type":"MultiLineString","coordinates":[[[127.0127829,46.6247013,0],[127.0134536,46.6248543,0],[127.013574,46.6248818,0],[127.0137025,46.6249111,0]]]}},{"type":"Feature","properties":{"network":"排水","diameter_mm":1500,"material":"CP","depth_m":2.4},"geometry":{"type":"MultiLineString","coordinates":[[[127.0358549,46.6412795,0],[127.0359057,46.6412917,0]]]}},{"type":"Feature","properties":{"network":"排水","diameter_mm":600,"material":"CP","depth_m":2.4},"geometry":{"type":"MultiLineString","coordinates":[[[126.9163488,46.6271396,0],[126.9162953,46.6271283,0]]]}},{"type":"Feature","properties":{"network":"排水","diameter_mm":1500,"material":"CP","depth_m":2.4},"geometry":{"type":"MultiLineString","coordinates":[[[126.9624355,46.6993647,0],[126.9630884,46.6995024,0],[126.96475,46.6998527,0]]]}},{"type":"Feature","properties":{"network":"排水","diameter_mm":1950,"material":"CP","depth_m":2.4},"geometry":{"type":"MultiLineString","coordinates":[[[126.9714327,46.6829239,0],[126.9715423,46.6825766,0],[126.9716862,46.6821256,0],[126.9718587,46.681623,0],[126.9718675,46.6815974,0],[126.9719829,46.6812624,0]]]}},{"type":"Feature","properties":{"network":"排水","diameter_mm":3300,"material":"BR","depth_m":2.4},"geometry":{"type":"MultiLineString","coordinates":[[[126.9959628,46.6740456,0],[126.9985939,46.6745651,0]]]}},{"type":"Feature","properties":{"network":"排水","diameter_mm":1350,"material":"CP","depth_m":2.4},"geometry":{"type":"MultiLineString","coordinates":[[[126.9781469,46.6259972,0],[126.9782424,46.6260222,0],[126.9782887,46.6260851,0]]]}},{"type":"Feature","properties":{"network":"排水","diameter_mm":2100,"material":"BR","depth_m":2.4},"geometry":{"type":"MultiLineString","coordinates":[[[126.9956828,46.6232797,0],[126.9964227,46.6234405,0]]]}},{"type":"Feature","properties":{"network":"排水","diameter_mm":1500,"material":"CP","depth_m":2.4},"geometry":{"type":"MultiLineString","coordinates":[[[126.9782887,46.6260851,0],[126.978271,46.6260896,0],[126.9783163,46.6262198,0]]]}},{"type":"Feature","properties":{"network":"排水","diameter_mm":1350,"material":"CP","depth_m":2.4},"geometry":{"type":"MultiLineString","coordinates":[[[126.9871179,46.6278289,0],[126.9870336,46.6278101,0],[126.9869771,46.6277883,0]]]}},{"type":"Feature","properties":{"network":"排水","diameter_mm":1500,"material":"CP","depth_m":2.4},"geometry":{"type":"MultiLineString","coordinates":[[[126.9869771,46.6277883,0],[126.9869894,46.6278591,0],[126.9869754,46.6279431,0]]]}},{"type":"Feature","properties":{"network":"排水","diameter_mm":3000,"material":"CP","depth_m":2.4},"geometry":{"type":"MultiLineString","coordinates":[[[126.9890604,46.6284978,0],[126.9891493,46.6282781,0]]]}},{"type":"Feature","properties":{"network":"排水","diameter_mm":2250,"material":"BR","depth_m":2.4},"geometry":{"type":"MultiLineString","coordinates":[[[126.9990894,46.6247074,0],[126.999129,46.6247265,0],[127.0000334,46.6249211,0]]]}},{"type":"Feature","properties":{"network":"排水","diameter_mm":3000,"material":"CP","depth_m":2.4},"geometry":{"type":"MultiLineString","coordinates":[[[126.9720202,46.6250439,0],[126.9721186,46.6250303,0],[126.9721444,46.625026,0],[126.9721792,46.6250209,0],[126.9722107,46.6250171,0],[126.9722606,46.6250123,0],[126.9723264,46.6250086,0],[126.9723796,46.6250076,0],[126.9724104,46.6250079,0],[126.9724427,46.6250089,0],[126.9724963,46.6250121,0],[126.972552,46.6250174,0],[126.9726087,46.6250249,0],[126.9726321,46.6250287,0],[126.9783163,46.6262198,0],[126.9847846,46.6275641,0],[126.9848976,46.6275876,0],[126.9858109,46.6277666,0],[126.9869751,46.627943,0],[126.9869754,46.6279431,0],[126.9891493,46.6282781,0],[126.9894769,46.6283272,0],[126.990565,46.6285603,0],[126.9906045,46.6285696,0],[126.9906307,46.6285771,0],[126.9906781,46.6285935,0],[126.9907091,46.6286066,0],[126.9907525,46.6286284,0],[126.9907922,46.6286526,0],[126.9908228,46.6286747,0],[126.9908459,46.6286939,0],[126.9908684,46.6287152,0],[126.9908902,46.6287392,0],[126.9909106,46.6287654,0],[126.9909257,46.6287885,0],[126.9909389,46.6288123,0],[126.9909412,46.6288169,0],[126.9909413,46.6288172,0],[126.9909445,46.6288239,0],[126.9909526,46.6288434,0],[126.9909617,46.6288709,0],[126.9909694,46.6289066,0],[126.9909723,46.6289339,0],[126.9909728,46.6289565,0],[126.9909712,46.6289831,0],[126.9909676,46.6290073,0],[126.9909603,46.6290372,0],[126.9909553,46.6290528,0],[126.9909424,46.6290839,0],[126.9899599,46.6311463,0],[126.9899499,46.6311874,0],[126.9899459,46.6312311,0],[126.9899478,46.6312683,0],[126.9899586,46.6313198,0],[126.9899797,46.6313717,0],[126.9900054,46.6314141,0],[126.9900486,46.6314653,0],[126.9900826,46.6314959,0],[126.9901295,46.6315299,0],[126.9901837,46.6315603,0],[126.9902188,46.6315761,0],[126.9902423,46.6315848,0],[126.9903256,46.6316024,0],[126.9931836,46.6322168,0],[126.9939335,46.6323471,0],[126.9954962,46.6326186,0],[126.9955482,46.6325956,0]]]}},{"type":"Feature","properties":{"network":"排水","diameter_mm":900,"material":"CP","depth_m":2.4},"geometry":{"type":"MultiLineString","coordinates":[[[127.0936495,46.6769842,0],[127.09341,46.6765881,0],[127.0932626,46.6763442,0]]]}},{"type":"Feature","properties":{"network":"排水","diameter_mm":1200,"material":"BR","depth_m":2.4},"geometry":{"type":"MultiLineString","coordinates":[[[126.960828,46.7065774,0],[126.9602061,46.7064407,0],[126.9601634,46.7064294,0],[126.9601305,46.7064123,0],[126.9601105,46.706397,0],[126.9601105,46.706397,0],[126.9600987,46.7063843,0],[126.9600987,46.7063843,0],[126.9600893,46.7063703,0],[126.9600784,46.7063461,0],[126.9600765,46.7063231,0],[126.9600764,46.7063226,0],[126.9600847,46.7062875,0]]]}},{"type":"Feature","properties":{"network":"排水","diameter_mm":1500,"material":"CP","depth_m":2.4},"geometry":{"type":"MultiLineString","coordinates":[[[126.8835715,46.6613536,0],[126.883617,46.6613384,0]]]}},{"type":"Feature","properties":{"network":"排水","diameter_mm":1200,"material":"CP","depth_m":2.4},"geometry":{"type":"MultiLineString","coordinates":[[[126.9143446,46.7435117,0],[126.914537,46.7435539,0],[126.9148294,46.7436117,0],[126.9151288,46.7436718,0],[126.9152948,46.7437054,0],[126.9156377,46.7437727,0],[126.915922,46.7438306,0],[126.9161274,46.7438701,0],[126.9162225,46.743892,0],[126.9164016,46.743925,0],[126.9165669,46.7439576,0],[126.9167521,46.7439951,0],[126.9169152,46.7440297,0],[126.9171457,46.7440766,0],[126.9172953,46.7441051,0],[126.9174761,46.7441422,0],[126.9174949,46.7441368,0]]]}},{"type":"Feature","properties":{"network":"排水","diameter_mm":1200,"material":"CP","depth_m":2.4},"geometry":{"type":"MultiLineString","coordinates":[[[126.9174949,46.7441368,0],[126.9175063,46.7441483,0],[126.9175359,46.7441553,0],[126.9176027,46.7441695,0],[126.9177048,46.7441921,0],[126.9178276,46.7442188,0],[126.9179663,46.7442488,0],[126.9180707,46.7442723,0],[126.9181878,46.7442999,0],[126.9182863,46.7443246,0],[126.9183465,46.744341,0],[126.9183968,46.7443551,0],[126.9184511,46.7443713,0],[126.918498,46.7443854,0],[126.9185449,46.7444001,0],[126.9185816,46.7444126,0],[126.918625,46.7444277,0],[126.9186797,46.7444471,0],[126.9187315,46.7444661,0],[126.918778,46.7444839,0],[126.9188317,46.7445045,0],[126.9188914,46.7445294,0],[126.918944,46.7445518,0],[126.9189916,46.7445729,0],[126.9190534,46.7446017,0],[126.9191184,46.7446327,0],[126.9191668,46.7446573,0],[126.9192406,46.7446955,0],[126.9192986,46.7447268,0],[126.9193564,46.7447601,0],[126.9194066,46.7447887,0],[126.9194895,46.7448409,0],[126.919576,46.7448965,0],[126.9196783,46.7449691,0],[126.9197546,46.7450228,0],[126.91978,46.7450345,0]]]}},{"type":"Feature","properties":{"network":"排水","diameter_mm":600,"material":"UNK","depth_m":2.4},"geometry":{"type":"MultiLineString","coordinates":[[[126.96475,46.6998527,0],[126.9661373,46.7001539,0]]]}},{"type":"Feature","properties":{"network":"排水","diameter_mm":1200,"material":"BR","depth_m":2.4},"geometry":{"type":"MultiLineString","coordinates":[[[126.9793245,46.7077205,0],[126.9796714,46.7068184,0]]]}},{"type":"Feature","properties":{"network":"排水","diameter_mm":1200,"material":"BR","depth_m":2.4},"geometry":{"type":"MultiLineString","coordinates":[[[126.9600847,46.7062875,0],[126.9603314,46.7056801,0]]]}},{"type":"Feature","properties":{"network":"排水","diameter_mm":1350,"material":"BR","depth_m":2.4},"geometry":{"type":"MultiLineString","coordinates":[[[126.9624767,46.7052922,0],[126.9638411,46.705579,0],[126.9638918,46.7055781,0],[126.9639395,46.7055656,0],[126.9639689,46.705551,0],[126.9640061,46.7055132,0],[126.964021,46.7054903,0]]]}},{"type":"Feature","properties":{"network":"排水","diameter_mm":1350,"material":"BR","depth_m":2.4},"geometry":{"type":"MultiLineString","coordinates":[[[126.9664843,46.6993994,0],[126.9665006,46.6993726,0],[126.9665168,46.6993543,0],[126.9665453,46.699336,0],[126.9665769,46.6993233,0],[126.9666182,46.6993117,0],[126.9666184,46.6993117,0],[126.9666581,46.6993095,0],[126.9666892,46.6993127,0],[126.9667519,46.6993254,0],[126.9680509,46.6995944,0]]]}},{"type":"Feature","properties":{"network":"排水","diameter_mm":1350,"material":"BR","depth_m":2.4},"geometry":{"type":"MultiLineString","coordinates":[[[126.9704614,46.7001056,0],[126.9709951,46.700217,0],[126.9721118,46.7004503,0]]]}},{"type":"Feature","properties":{"network":"排水","diameter_mm":1200,"material":"BR","depth_m":2.4},"geometry":{"type":"MultiLineString","coordinates":[[[126.9803281,46.7051604,0],[126.9806089,46.704463,0],[126.9806203,46.7044458,0],[126.980636,46.7044277,0],[126.980649,46.7044171,0],[126.9806731,46.7044019,0],[126.9806978,46.7043899,0],[126.9807247,46.7043813,0],[126.9807574,46.7043753,0],[126.9807815,46.704373,0],[126.9808052,46.7043738,0],[126.9808427,46.7043798,0],[126.980879,46.7043848,0]]]}},{"type":"Feature","properties":{"network":"排水","diameter_mm":1350,"material":"BR","depth_m":2.4},"geometry":{"type":"MultiLineString","coordinates":[[[126.980879,46.7043848,0],[126.9830171,46.7048223,0],[126.9832103,46.7048556,0]]]}},{"type":"Feature","properties":{"network":"排水","diameter_mm":1500,"material":"BR","depth_m":2.4},"geometry":{"type":"MultiLineString","coordinates":[[[126.964021,46.7054903,0],[126.9643703,46.7046268,0]]]}},{"type":"Feature","properties":{"network":"排水","diameter_mm":675,"material":"CP","depth_m":2.4},"geometry":{"type":"MultiLineString","coordinates":[[[126.8642804,46.6504843,0],[126.8643621,46.6504371,0]]]}},{"type":"Feature","properties":{"network":"排水","diameter_mm":1350,"material":"BR","depth_m":2.4},"geometry":{"type":"MultiLineString","coordinates":[[[126.9832103,46.7048556,0],[126.9832825,46.704868,0],[126.9833183,46.7048727,0],[126.9833538,46.7048701,0],[126.983379,46.7048638,0],[126.9834022,46.704856,0],[126.9834337,46.7048392,0],[126.9834603,46.7048155,0],[126.9834773,46.7047939,0],[126.9834845,46.7047768,0],[126.9838502,46.7038426,0]]]}},{"type":"Feature","properties":{"network":"排水","diameter_mm":1050,"material":"CP","depth_m":2.4},"geometry":{"type":"MultiLineString","coordinates":[[[126.9255794,46.7015092,0],[126.9267971,46.7009544,0],[126.9268346,46.7009372,0]]]}},{"type":"Feature","properties":{"network":"排水","diameter_mm":1650,"material":"BR","depth_m":2.4},"geometry":{"type":"MultiLineString","coordinates":[[[126.9643703,46.7046268,0],[126.9644018,46.7045476,0],[126.9647695,46.7036249,0]]]}},{"type":"Feature","properties":{"network":"排水","diameter_mm":1650,"material":"BR","depth_m":2.4},"geometry":{"type":"MultiLineString","coordinates":[[[126.9647695,46.7036249,0],[126.965169,46.7026428,0]]]}},{"type":"Feature","properties":{"network":"排水","diameter_mm":1800,"material":"BR","depth_m":2.4},"geometry":{"type":"MultiLineString","coordinates":[[[126.965169,46.7026428,0],[126.9653963,46.7020773,0],[126.965532,46.7017399,0]]]}},{"type":"Feature","properties":{"network":"排水","diameter_mm":1800,"material":"CP","depth_m":2.4},"geometry":{"type":"MultiLineString","coordinates":[[[126.9275865,46.6989317,0],[126.9276008,46.6988948,0],[126.9278999,46.6981208,0],[126.9279143,46.6980814,0]]]}},{"type":"Feature","properties":{"network":"排水","diameter_mm":1800,"material":"CP","depth_m":2.4},"geometry":{"type":"MultiLineString","coordinates":[[[126.9279143,46.6980814,0],[126.9279389,46.6980424,0],[126.9283206,46.6974429,0],[126.9283427,46.6974069,0]]]}},{"type":"Feature","properties":{"network":"排水","diameter_mm":1800,"material":"CP","depth_m":2.4},"geometry":{"type":"MultiLineString","coordinates":[[[126.9661579,46.6878876,0],[126.9663529,46.6877858,0],[126.9667182,46.6875908,0],[126.9671099,46.6873815,0],[126.9675663,46.6871496,0],[126.9682143,46.6868525,0],[126.9682339,46.6868405,0],[126.9682515,46.6868273,0],[126.9682727,46.686804,0],[126.9682846,46.6867842,0],[126.968314,46.6867154,0],[126.9683552,46.6866307,0]]]}},{"type":"Feature","properties":{"network":"排水","diameter_mm":1800,"material":"BR","depth_m":2.4},"geometry":{"type":"MultiLineString","coordinates":[[[126.9740867,46.6976651,0],[126.9742792,46.6967398,0]]]}},{"type":"Feature","properties":{"network":"排水","diameter_mm":1950,"material":"BR","depth_m":2.4},"geometry":{"type":"MultiLineString","coordinates":[[[126.9742792,46.6967398,0],[126.9745356,46.6953993,0]]]}},{"type":"Feature","properties":{"network":"排水","diameter_mm":2100,"material":"CP","depth_m":2.4},"geometry":{"type":"MultiLineString","coordinates":[[[126.942533,46.6230155,0],[126.9481157,46.6227335,0]]]}},{"type":"Feature","properties":{"network":"排水","diameter_mm":1800,"material":"BR","depth_m":2.4},"geometry":{"type":"MultiLineString","coordinates":[[[126.965532,46.7017399,0],[126.9658369,46.7009856,0]]]}},{"type":"Feature","properties":{"network":"排水","diameter_mm":1650,"material":"BR","depth_m":2.4},"geometry":{"type":"MultiLineString","coordinates":[[[126.9732773,46.7006555,0],[126.9735435,46.69964,0]]]}},{"type":"Feature","properties":{"network":"排水","diameter_mm":2100,"material":"CP","depth_m":2.4},"geometry":{"type":"MultiLineString","coordinates":[[[126.9481157,46.6227335,0],[126.9529909,46.6226382,0],[126.9530038,46.6225989,0]]]}},{"type":"Feature","properties":{"network":"排水","diameter_mm":1800,"material":"VCP","depth_m":2.4},"geometry":{"type":"MultiLineString","coordinates":[[[126.9741203,46.6984259,0],[126.974263,46.6978124,0]]]}},{"type":"Feature","properties":{"network":"排水","diameter_mm":1650,"material":"BR","depth_m":2.4},"geometry":{"type":"MultiLineString","coordinates":[[[126.973826,46.6995,0],[126.9739663,46.6989923,0],[126.974025,46.6987801,0]]]}},{"type":"Feature","properties":{"network":"排水","diameter_mm":1650,"material":"BR","depth_m":2.4},"geometry":{"type":"MultiLineString","coordinates":[[[126.974025,46.6987801,0],[126.9741203,46.6984259,0]]]}},{"type":"Feature","properties":{"network":"排水","diameter_mm":1650,"material":"BR","depth_m":2.4},"geometry":{"type":"MultiLineString","coordinates":[[[126.9735435,46.69964,0],[126.973826,46.6995,0]]]}},{"type":"Feature","properties":{"network":"排水","diameter_mm":1800,"material":"BR","depth_m":2.4},"geometry":{"type":"MultiLineString","coordinates":[[[126.974263,46.6978124,0],[126.9740867,46.6976651,0]]]}},{"type":"Feature","properties":{"network":"排水","diameter_mm":1050,"material":"CP","depth_m":2.4},"geometry":{"type":"MultiLineString","coordinates":[[[126.9433292,46.6916849,0],[126.9435795,46.6910307,0],[126.9435864,46.6910127,0]]]}},{"type":"Feature","properties":{"network":"排水","diameter_mm":900,"material":"CP","depth_m":2.4},"geometry":{"type":"MultiLineString","coordinates":[[[126.9268593,46.7016268,0],[126.9268423,46.701215,0]]]}},{"type":"Feature","properties":{"network":"排水","diameter_mm":900,"material":"CP","depth_m":2.4},"geometry":{"type":"MultiLineString","coordinates":[[[126.9268423,46.701215,0],[126.9268354,46.7009675,0],[126.9268346,46.7009372,0]]]}},{"type":"Feature","properties":{"network":"排水","diameter_mm":1200,"material":"CP","depth_m":2.4},"geometry":{"type":"MultiLineString","coordinates":[[[126.9268346,46.7009372,0],[126.9268414,46.7009195,0],[126.9272174,46.6999387,0]]]}},{"type":"Feature","properties":{"network":"排水","diameter_mm":1350,"material":"CP","depth_m":2.4},"geometry":{"type":"MultiLineString","coordinates":[[[126.9272174,46.6999387,0],[126.9275163,46.6991358,0],[126.9275744,46.6989797,0],[126.9275757,46.6989746,0],[126.9275865,46.6989317,0]]]}},{"type":"Feature","properties":{"network":"排水","diameter_mm":1200,"material":"BR","depth_m":2.4},"geometry":{"type":"MultiLineString","coordinates":[[[126.973079,46.7016158,0],[126.9732189,46.7011089,0]]]}},{"type":"Feature","properties":{"network":"排水","diameter_mm":1200,"material":"CP","depth_m":2.4},"geometry":{"type":"MultiLineString","coordinates":[[[126.9732189,46.7011089,0],[126.9732773,46.7006555,0]]]}},{"type":"Feature","properties":{"network":"排水","diameter_mm":1350,"material":"CP","depth_m":2.4},"geometry":{"type":"MultiLineString","coordinates":[[[127.0560951,46.6876899,0],[127.0556582,46.6864071,0]]]}},{"type":"Feature","properties":{"network":"排水","diameter_mm":1350,"material":"BR","depth_m":2.4},"geometry":{"type":"MultiLineString","coordinates":[[[126.9680509,46.6995944,0],[126.969291,46.6998574,0],[126.9693135,46.6998622,0],[126.9704614,46.7001056,0]]]}},{"type":"Feature","properties":{"network":"排水","diameter_mm":1200,"material":"BR","depth_m":2.4},"geometry":{"type":"MultiLineString","coordinates":[[[126.9603314,46.7056801,0],[126.960359,46.7056108,0],[126.9605939,46.7050201,0],[126.960606,46.7049989,0],[126.9606253,46.7049779,0],[126.9606456,46.7049628,0],[126.960675,46.7049484,0],[126.9606938,46.7049419,0],[126.960694,46.7049419,0],[126.9607278,46.7049344,0],[126.9607604,46.7049325,0],[126.9607822,46.7049339,0],[126.9608098,46.7049391,0]]]}},{"type":"Feature","properties":{"network":"排水","diameter_mm":1650,"material":"BR","depth_m":2.4},"geometry":{"type":"MultiLineString","coordinates":[[[126.9856976,46.6920017,0],[126.985035,46.6918682,0],[126.9849939,46.691853,0],[126.9849574,46.6918375,0],[126.9849193,46.691813,0],[126.9848909,46.6917878,0],[126.9848771,46.6917744,0]]]}},{"type":"Feature","properties":{"network":"排水","diameter_mm":1800,"material":"CP","depth_m":2.4},"geometry":{"type":"MultiLineString","coordinates":[[[126.9856219,46.6922439,0],[126.9856394,46.692244,0],[126.985661,46.6922425,0],[126.9856893,46.6922378,0],[126.9857184,46.6922323,0],[126.9857484,46.6922252,0],[126.9857809,46.6922174,0],[126.9858082,46.6922088,0],[126.9858349,46.6921986,0],[126.9858608,46.6921875,0],[126.9858837,46.6921764,0],[126.9859049,46.6921642,0],[126.985927,46.6921493,0],[126.9859426,46.6921364,0],[126.9859573,46.6921199,0],[126.9859646,46.6921102,0],[126.9859773,46.6920884,0],[126.9860116,46.6920256,0]]]}},{"type":"Feature","properties":{"network":"排水","diameter_mm":1200,"material":"BR","depth_m":2.4},"geometry":{"type":"MultiLineString","coordinates":[[[126.9800062,46.7059883,0],[126.9803281,46.7051604,0]]]}},{"type":"Feature","properties":{"network":"排水","diameter_mm":1350,"material":"CP","depth_m":2.4},"geometry":{"type":"MultiLineString","coordinates":[[[127.0046037,46.6999369,0],[127.006056,46.6997878,0]]]}},{"type":"Feature","properties":{"network":"排水","diameter_mm":600,"material":"CP","depth_m":2.4},"geometry":{"type":"MultiLineString","coordinates":[[[127.0481871,46.7439788,0],[127.0463268,46.7438484,0]]]}},{"type":"Feature","properties":{"network":"排水","diameter_mm":1350,"material":"BR","depth_m":2.4},"geometry":{"type":"MultiLineString","coordinates":[[[126.9608098,46.7049391,0],[126.9624767,46.7052922,0]]]}},{"type":"Feature","properties":{"network":"排水","diameter_mm":1800,"material":"BR","depth_m":2.4},"geometry":{"type":"MultiLineString","coordinates":[[[126.9658369,46.7009856,0],[126.9661727,46.7001558,0],[126.9661787,46.700141,0]]]}},{"type":"Feature","properties":{"network":"排水","diameter_mm":1800,"material":"BR","depth_m":2.4},"geometry":{"type":"MultiLineString","coordinates":[[[126.9661787,46.700141,0],[126.9664843,46.6993994,0]]]}},{"type":"Feature","properties":{"network":"排水","diameter_mm":1650,"material":"BR","depth_m":2.4},"geometry":{"type":"MultiLineString","coordinates":[[[126.986513,46.6979324,0],[126.9866825,46.6975136,0],[126.9868915,46.6969858,0],[126.9870973,46.6959501,0]]]}},{"type":"Feature","properties":{"network":"排水","diameter_mm":1050,"material":"CP","depth_m":2.4},"geometry":{"type":"MultiLineString","coordinates":[[[126.9435864,46.6910127,0],[126.9438117,46.6904261,0],[126.9438413,46.690349,0]]]}},{"type":"Feature","properties":{"network":"排水","diameter_mm":1500,"material":"CP","depth_m":2.4},"geometry":{"type":"MultiLineString","coordinates":[[[126.9442309,46.6891387,0],[126.9442339,46.6891311,0],[126.9444416,46.6886215,0],[126.9444518,46.6885964,0],[126.9444809,46.6885251,0],[126.9447774,46.6877973,0],[126.9447872,46.6877734,0],[126.9447952,46.6877536,0],[126.9450943,46.6870195,0],[126.9450997,46.6870019,0],[126.9451,46.6869831,0],[126.9450934,46.6869654,0],[126.9450883,46.6869524,0],[126.9450784,46.68694,0],[126.9450675,46.6869301,0],[126.9450543,46.6869212,0],[126.9450451,46.6869163,0],[126.9450353,46.686912,0],[126.9450217,46.6869074,0],[126.9450092,46.6869043,0],[126.9449789,46.6868998,0]]]}},{"type":"Feature","properties":{"network":"排水","diameter_mm":1800,"material":"CP","depth_m":2.4},"geometry":{"type":"MultiLineString","coordinates":[[[126.9856219,46.6922439,0],[126.9856309,46.6922439,0],[126.98564,46.6922439,0],[126.9856504,46.6922432,0],[126.9856612,46.6922425,0],[126.9856717,46.6922407,0],[126.985684,46.6922387,0],[126.9857047,46.6922349,0],[126.9857197,46.692232,0],[126.9857382,46.6922276,0],[126.9857566,46.6922232,0],[126.9857752,46.6922187,0],[126.9857925,46.6922137,0],[126.9858071,46.6922092,0],[126.9858227,46.6922033,0],[126.985833,46.6921993,0],[126.9858442,46.6921946,0],[126.98586,46.6921879,0],[126.9858767,46.6921798,0],[126.9858887,46.6921735,0],[126.9859012,46.6921664,0],[126.9859124,46.6921592,0],[126.9859226,46.6921523,0],[126.9859311,46.6921459,0],[126.9859379,46.6921402,0],[126.9859464,46.6921321,0],[126.9859527,46.6921257,0],[126.9859611,46.692115,0],[126.9859704,46.692101,0],[126.9859789,46.6920855,0],[126.9860116,46.6920256,0]]]}},{"type":"Feature","properties":{"network":"排水","diameter_mm":1350,"material":"CP","depth_m":2.4},"geometry":{"type":"MultiLineString","coordinates":[[[126.9438413,46.690349,0],[126.9438789,46.6902323,0],[126.9440756,46.689621,0],[126.9440848,46.6895924,0],[126.9442179,46.689179,0],[126.9442309,46.6891387,0]]]}},{"type":"Feature","properties":{"network":"排水","diameter_mm":1650,"material":"BR","depth_m":2.4},"geometry":{"type":"MultiLineString","coordinates":[[[126.9870973,46.6959501,0],[126.9873596,46.6947975,0],[126.9873694,46.6947313,0],[126.9873598,46.6946856,0],[126.9873207,46.6946314,0]]]}},{"type":"Feature","properties":{"network":"排水","diameter_mm":750,"material":"CP","depth_m":2.4},"geometry":{"type":"MultiLineString","coordinates":[[[126.9268987,46.7025812,0],[126.9268593,46.7016268,0]]]}},{"type":"Feature","properties":{"network":"排水","diameter_mm":1200,"material":"BR","depth_m":2.4},"geometry":{"type":"MultiLineString","coordinates":[[[126.9796714,46.7068184,0],[126.9800062,46.7059883,0]]]}},{"type":"Feature","properties":{"network":"排水","diameter_mm":750,"material":"CP","depth_m":2.4},"geometry":{"type":"MultiLineString","coordinates":[[[126.8627638,46.6754762,0],[126.862762,46.6754641,0],[126.862757,46.6754449,0],[126.8627443,46.6754188,0],[126.8627357,46.675406,0],[126.8627245,46.6753905,0],[126.862376,46.6750111,0],[126.8623603,46.6749927,0],[126.8623435,46.6749623,0],[126.8623344,46.6749341,0],[126.8623306,46.6749111,0],[126.8623305,46.6748892,0],[126.862332,46.6748703,0]]]}},{"type":"Feature","properties":{"network":"排水","diameter_mm":3810,"material":"CP","depth_m":2.4},"geometry":{"type":"MultiLineString","coordinates":[[[126.9855999,46.6523432,0],[126.9887107,46.6530824,0],[126.988854,46.653144,0],[126.9892565,46.6533597,0],[126.9901341,46.6538299,0],[126.9902343,46.6538734,0],[126.9903144,46.6538951,0],[126.9925827,46.6542572,0],[126.9926918,46.6542629,0],[126.9927789,46.6542599,0],[126.9928749,46.654246,0],[126.9929449,46.6542307,0],[126.9930509,46.6541957,0],[126.9935933,46.6540057,0]]]}},{"type":"Feature","properties":{"network":"排水","diameter_mm":1500,"material":"CP","depth_m":2.4},"geometry":{"type":"MultiLineString","coordinates":[[[126.9955282,46.6188404,0],[126.9955384,46.6188357,0],[126.9955471,46.6188316,0]]]}},{"type":"Feature","properties":{"network":"排水","diameter_mm":750,"material":"CP","depth_m":2.4},"geometry":{"type":"MultiLineString","coordinates":[[[126.9957086,46.720434,0],[126.9964137,46.7197086,0]]]}},{"type":"Feature","properties":{"network":"排水","diameter_mm":1350,"material":"CP","depth_m":2.4},"geometry":{"type":"MultiLineString","coordinates":[[[126.8669913,46.6210736,0],[126.8675231,46.6211902,0],[126.872447,46.6223017,0],[126.8729889,46.6224109,0]]]}},{"type":"Feature","properties":{"network":"排水","diameter_mm":2400,"material":"BR","depth_m":2.4},"geometry":{"type":"MultiLineString","coordinates":[[[127.0091169,46.6283311,0],[127.0091258,46.6283704,0],[127.0091337,46.6284052,0],[127.0091307,46.6284221,0],[127.0087098,46.6294412,0],[127.0087048,46.6294632,0],[127.0087018,46.6294922,0],[127.008705,46.6295186,0],[127.0087174,46.6295559,0],[127.0087295,46.6295783,0],[127.0087464,46.6295988,0],[127.0087578,46.6296127,0],[127.0087778,46.6296304,0],[127.008807,46.6296522,0],[127.0089216,46.6297084,0]]]}},{"type":"Feature","properties":{"network":"排水","diameter_mm":2400,"material":"BR","depth_m":2.4},"geometry":{"type":"MultiLineString","coordinates":[[[127.0089216,46.6297084,0],[127.0097725,46.6298971,0],[127.0099439,46.6299351,0],[127.0100056,46.6299488,0]]]}},{"type":"Feature","properties":{"network":"排水","diameter_mm":300,"material":"VCP","depth_m":2.4},"geometry":{"type":"MultiLineString","coordinates":[[[127.0005143,46.6464779,0],[127.0005168,46.6464059,0]]]}},{"type":"Feature","properties":{"network":"排水","diameter_mm":1950,"material":"CP","depth_m":2.4},"geometry":{"type":"MultiLineString","coordinates":[[[126.9659436,46.6936456,0],[126.9664575,46.6937289,0],[126.9669305,46.6937886,0],[126.9669333,46.6937889,0]]]}},{"type":"Feature","properties":{"network":"排水","diameter_mm":1500,"material":"UNK","depth_m":2.4},"geometry":{"type":"MultiLineString","coordinates":[[[126.9912749,46.6180848,0],[126.9913792,46.6180988,0],[126.9914319,46.6181059,0]]]}},{"type":"Feature","properties":{"network":"排水","diameter_mm":1200,"material":"BR","depth_m":2.4},"geometry":{"type":"MultiLineString","coordinates":[[[126.9733295,46.6150308,0],[126.9740259,46.6151833,0],[126.9740835,46.6151954,0],[126.9741818,46.6151876,0],[126.9742559,46.6151556,0],[126.9743043,46.6151182,0],[126.9743301,46.6150638,0],[126.9743491,46.6150237,0]]]}},{"type":"Feature","properties":{"network":"排水","diameter_mm":1500,"material":"CP","depth_m":2.4},"geometry":{"type":"MultiLineString","coordinates":[[[126.9913803,46.6180943,0],[126.9913792,46.6180988,0]]]}},{"type":"Feature","properties":{"network":"排水","diameter_mm":1950,"material":"CP","depth_m":2.4},"geometry":{"type":"MultiLineString","coordinates":[[[126.9914319,46.6181059,0],[126.991394,46.6181051,0],[126.9913838,46.6181052,0],[126.9913735,46.6181056,0],[126.9913515,46.6181084,0],[126.9913334,46.6181123,0],[126.9913167,46.6181175,0],[126.9913012,46.6181233,0],[126.9912845,46.6181308,0],[126.991269,46.6181404,0],[126.9912554,46.6181506,0],[126.9912388,46.6181655,0],[126.9912248,46.6181837,0],[126.9912196,46.6181919,0],[126.9912181,46.6181947,0],[126.9896001,46.6221294,0]]]}},{"type":"Feature","properties":{"network":"排水","diameter_mm":675,"material":"CP","depth_m":2.4},"geometry":{"type":"MultiLineString","coordinates":[[[127.0058109,46.6463635,0],[127.0057459,46.6463138,0],[127.0056654,46.6460622,0]]]}},{"type":"Feature","properties":{"network":"排水","diameter_mm":675,"material":"CP","depth_m":2.4},"geometry":{"type":"MultiLineString","coordinates":[[[127.0056114,46.6458998,0],[127.0048805,46.6459998,0]]]}},{"type":"Feature","properties":{"network":"排水","diameter_mm":375,"material":"CP","depth_m":2.4},"geometry":{"type":"MultiLineString","coordinates":[[[127.007151,46.6458164,0],[127.0070738,46.6457807,0],[127.0066326,46.6458999,0]]]}},{"type":"Feature","properties":{"network":"排水","diameter_mm":375,"material":"CP","depth_m":2.4},"geometry":{"type":"MultiLineString","coordinates":[[[127.0066326,46.6458999,0],[127.005752,46.6460895,0],[127.0056654,46.6460622,0]]]}},{"type":"Feature","properties":{"network":"排水","diameter_mm":300,"material":"VCP","depth_m":2.4},"geometry":{"type":"MultiLineString","coordinates":[[[127.0071231,46.6457714,0],[127.0070936,46.645642,0]]]}},{"type":"Feature","properties":{"network":"排水","diameter_mm":1500,"material":"VCP","depth_m":2.4},"geometry":{"type":"MultiLineString","coordinates":[[[126.9868064,46.6864146,0],[126.9868521,46.6864049,0]]]}},{"type":"Feature","properties":{"network":"排水","diameter_mm":2100,"material":"CP","depth_m":2.4},"geometry":{"type":"MultiLineString","coordinates":[[[126.929167,46.6963366,0],[126.9291689,46.6963096,0],[126.9291718,46.696283,0],[126.9291766,46.6962621,0],[126.9291823,46.6962413,0],[126.929335,46.6958394,0],[126.9299248,46.6942866,0],[126.9299148,46.6942762,0]]]}},{"type":"Feature","properties":{"network":"排水","diameter_mm":2100,"material":"CP","depth_m":2.4},"geometry":{"type":"MultiLineString","coordinates":[[[126.9299148,46.6942762,0],[126.929945,46.6942382,0],[126.9306613,46.6924315,0],[126.9309814,46.6916242,0],[126.930991,46.6916194,0]]]}},{"type":"Feature","properties":{"network":"排水","diameter_mm":300,"material":"VCP","depth_m":2.4},"geometry":{"type":"MultiLineString","coordinates":[[[127.0015481,46.6461116,0],[127.0015581,46.646127,0],[127.0015654,46.6461722,0]]]}},{"type":"Feature","properties":{"network":"排水","diameter_mm":300,"material":"VCP","depth_m":2.4},"geometry":{"type":"MultiLineString","coordinates":[[[127.0015654,46.6461722,0],[127.0016311,46.6462322,0],[127.0016411,46.6462344,0],[127.0016829,46.6462281,0],[127.0017406,46.6463384,0]]]}},{"type":"Feature","properties":{"network":"排水","diameter_mm":1500,"material":"CP","depth_m":2.4},"geometry":{"type":"MultiLineString","coordinates":[[[126.9984395,46.6464702,0],[126.9984401,46.6464209,0],[126.9986221,46.6464281,0],[126.9987035,46.6464285,0],[126.9989088,46.6464291,0],[126.9991244,46.6464337,0],[126.999257,46.6464353,0],[126.9994391,46.6464334,0],[126.9995874,46.6464204,0],[126.9999015,46.6463834,0],[127.0002395,46.6463485,0],[127.0005198,46.6463204,0],[127.000654,46.646307,0],[127.0006744,46.646305,0],[127.0007244,46.6463,0],[127.0011427,46.6462776,0],[127.0013624,46.6462842,0],[127.0015222,46.6462701,0],[127.0016202,46.6462544,0],[127.0016747,46.6462456,0]]]}},{"type":"Feature","properties":{"network":"排水","diameter_mm":1500,"material":"CP","depth_m":2.4},"geometry":{"type":"MultiLineString","coordinates":[[[127.0016747,46.6462456,0],[127.0019981,46.6461968,0],[127.0042671,46.6459369,0]]]}},{"type":"Feature","properties":{"network":"排水","diameter_mm":4267,"material":"CP","depth_m":2.4},"geometry":{"type":"MultiLineString","coordinates":[[[126.9640087,46.6563075,0],[126.9643872,46.6561243,0],[126.9644235,46.6561077,0],[126.9645486,46.6560466,0],[126.9650677,46.6558167,0],[126.9651324,46.6557898,0],[126.9651979,46.6557683,0],[126.9652743,46.65575,0],[126.9653768,46.655734,0],[126.965429,46.6557328,0],[126.9656702,46.6557179,0],[126.9657903,46.6557118,0]]]}},{"type":"Feature","properties":{"network":"排水","diameter_mm":1950,"material":"BR","depth_m":2.4},"geometry":{"type":"MultiLineString","coordinates":[[[126.9745356,46.6953993,0],[126.9745553,46.6952594,0],[126.9745738,46.6951868,0],[126.9745823,46.6951567,0],[126.9746108,46.695111,0],[126.9746494,46.6950705,0],[126.9746808,46.6950508,0],[126.9747325,46.6950182,0]]]}},{"type":"Feature","properties":{"network":"排水","diameter_mm":2100,"material":"CP","depth_m":2.4},"geometry":{"type":"MultiLineString","coordinates":[[[126.9750588,46.6948266,0],[126.976855,46.6937179,0],[126.9770077,46.6936432,0],[126.9771458,46.6936033,0],[126.977453,46.6935539,0]]]}},{"type":"Feature","properties":{"network":"排水","diameter_mm":2100,"material":"CP","depth_m":2.4},"geometry":{"type":"MultiLineString","coordinates":[[[126.9283427,46.6974069,0],[126.9283778,46.6973794,0],[126.92864,46.6972303,0],[126.9286574,46.6972189,0],[126.9286723,46.6972081,0],[126.9286889,46.6971949,0],[126.9287013,46.697184,0],[126.9287156,46.6971701,0],[126.9287262,46.6971588,0],[126.9287381,46.6971448,0],[126.9287526,46.6971253,0],[126.9289121,46.6968855,0],[126.928917,46.6968779,0]]]}},{"type":"Feature","properties":{"network":"排水","diameter_mm":2100,"material":"CP","depth_m":2.4},"geometry":{"type":"MultiLineString","coordinates":[[[126.928917,46.6968779,0],[126.9289244,46.6968695,0],[126.9289335,46.69685,0],[126.929167,46.6963511,0],[126.929167,46.6963366,0]]]}},{"type":"Feature","properties":{"network":"排水","diameter_mm":1800,"material":"CP","depth_m":2.4},"geometry":{"type":"MultiLineString","coordinates":[[[126.9383698,46.6759397,0],[126.9383803,46.6759304,0],[126.9384471,46.6758737,0],[126.9384824,46.6758444,0],[126.9385208,46.6758095,0],[126.938553,46.6757761,0],[126.9385813,46.6757385,0],[126.9385977,46.6757138,0],[126.9386153,46.6756817,0],[126.938648,46.6756007,0],[126.9394579,46.6736905,0]]]}},{"type":"Feature","properties":{"network":"排水","diameter_mm":1650,"material":"BR","depth_m":2.4},"geometry":{"type":"MultiLineString","coordinates":[[[126.987574,46.6926041,0],[126.9876257,46.6925437,0],[126.9876337,46.6925263,0],[126.9876344,46.6925116,0],[126.9876344,46.6924959,0],[126.9876314,46.6924807,0],[126.9876278,46.6924661,0],[126.9876213,46.692452,0],[126.9876133,46.6924389,0],[126.9876025,46.6924253,0],[126.9875888,46.6924128,0],[126.9875722,46.6924002,0],[126.9875513,46.6923877,0],[126.9875253,46.6923783,0],[126.9874849,46.6923689,0],[126.9861728,46.6920993,0],[126.9856976,46.6920017,0]]]}},{"type":"Feature","properties":{"network":"排水","diameter_mm":4267,"material":"CP","depth_m":2.4},"geometry":{"type":"MultiLineString","coordinates":[[[126.961699,46.6565857,0],[126.9617386,46.656578,0],[126.9617706,46.6565741,0],[126.9617977,46.6565715,0],[126.9618359,46.6565712,0],[126.9618366,46.6565712,0],[126.9619168,46.6565729,0],[126.9619714,46.6565739,0],[126.9620714,46.6565749,0],[126.9624517,46.6565785,0],[126.962644,46.6565836,0],[126.9627034,46.6565842,0],[126.9627786,46.6565849,0],[126.9629649,46.6565891,0],[126.9630595,46.6565909,0],[126.9631435,46.6565918,0],[126.9632032,46.6565889,0],[126.9632589,46.6565831,0],[126.9633134,46.656575,0],[126.9633515,46.6565664,0],[126.9633849,46.6565578,0],[126.9634203,46.6565478,0],[126.9634551,46.6565377,0],[126.9634944,46.6565225,0],[126.9635528,46.6564977,0],[126.9636861,46.656439,0],[126.9637259,46.6564214,0],[126.9640087,46.6563075,0]]]}},{"type":"Feature","properties":{"network":"排水","diameter_mm":3810,"material":"CP","depth_m":2.4},"geometry":{"type":"MultiLineString","coordinates":[[[126.9817622,46.6515583,0],[126.9855511,46.6523332,0],[126.9855999,46.6523432,0]]]}},{"type":"Feature","properties":{"network":"排水","diameter_mm":1650,"material":"BR","depth_m":2.4},"geometry":{"type":"MultiLineString","coordinates":[[[126.9857443,46.6998551,0],[126.986513,46.6979324,0]]]}},{"type":"Feature","properties":{"network":"排水","diameter_mm":1200,"material":"CP","depth_m":2.4},"geometry":{"type":"MultiLineString","coordinates":[[[126.9375249,46.6780365,0],[126.9383698,46.6759397,0]]]}},{"type":"Feature","properties":{"network":"排水","diameter_mm":1650,"material":"BR","depth_m":2.4},"geometry":{"type":"MultiLineString","coordinates":[[[126.9928381,46.6183425,0],[126.9936926,46.6185445,0]]]}},{"type":"Feature","properties":{"network":"排水","diameter_mm":1500,"material":"BR","depth_m":2.4},"geometry":{"type":"MultiLineString","coordinates":[[[126.990953,46.6180305,0],[126.9911933,46.6180807,0],[126.9912087,46.6180839,0],[126.9912471,46.6180859,0],[126.9912749,46.6180848,0]]]}},{"type":"Feature","properties":{"network":"排水","diameter_mm":1650,"material":"BR","depth_m":2.4},"geometry":{"type":"MultiLineString","coordinates":[[[126.9912749,46.6180848,0],[126.9915494,46.6180631,0],[126.9915904,46.6180705,0],[126.9928381,46.6183425,0]]]}},{"type":"Feature","properties":{"network":"排水","diameter_mm":1350,"material":"BR","depth_m":2.4},"geometry":{"type":"MultiLineString","coordinates":[[[126.9838502,46.7038426,0],[126.9841789,46.7030107,0]]]}},{"type":"Feature","properties":{"network":"排水","diameter_mm":1650,"material":"CP","depth_m":2.4},"geometry":{"type":"MultiLineString","coordinates":[[[126.994142,46.6185854,0],[126.9951109,46.6187941,0]]]}},{"type":"Feature","properties":{"network":"排水","diameter_mm":750,"material":"CP","depth_m":2.4},"geometry":{"type":"MultiLineString","coordinates":[[[126.9951109,46.6187941,0],[126.9954362,46.6188671,0],[126.9954564,46.6188716,0]]]}},{"type":"Feature","properties":{"network":"排水","diameter_mm":1200,"material":"BR","depth_m":2.4},"geometry":{"type":"MultiLineString","coordinates":[[[126.9904428,46.6846261,0],[126.9879724,46.684092,0],[126.9879358,46.6840793,0],[126.9879057,46.6840647,0],[126.9878775,46.6840467,0],[126.9878555,46.6840295,0],[126.9878499,46.6840234,0]]]}},{"type":"Feature","properties":{"network":"排水","diameter_mm":1350,"material":"BR","depth_m":2.4},"geometry":{"type":"MultiLineString","coordinates":[[[126.9841789,46.7030107,0],[126.9846535,46.7018528,0],[126.984705,46.7018108,0],[126.9849491,46.701713,0],[126.9849916,46.7016902,0],[126.9850229,46.7016593,0],[126.9853674,46.700811,0]]]}},{"type":"Feature","properties":{"network":"排水","diameter_mm":1350,"material":"BR","depth_m":2.4},"geometry":{"type":"MultiLineString","coordinates":[[[126.9853674,46.700811,0],[126.9857443,46.6998551,0]]]}},{"type":"Feature","properties":{"network":"排水","diameter_mm":1800,"material":"UNK","depth_m":2.4},"geometry":{"type":"MultiLineString","coordinates":[[[126.989651,46.6219633,0],[126.9896156,46.6221,0]]]}},{"type":"Feature","properties":{"network":"排水","diameter_mm":1950,"material":"CP","depth_m":2.4},"geometry":{"type":"MultiLineString","coordinates":[[[126.9896001,46.6221294,0],[126.9888634,46.6238666,0],[126.9888527,46.623877,0],[126.9886489,46.6239601,0],[126.9886381,46.6239732,0],[126.9870229,46.627757,0]]]}},{"type":"Feature","properties":{"network":"排水","diameter_mm":1500,"material":"CP","depth_m":2.4},"geometry":{"type":"MultiLineString","coordinates":[[[126.9870229,46.627757,0],[126.9870104,46.6277883,0],[126.9869771,46.6277883,0]]]}},{"type":"Feature","properties":{"network":"排水","diameter_mm":2700,"material":"CP","depth_m":2.4},"geometry":{"type":"MultiLineString","coordinates":[[[127.0050297,46.652014,0],[127.0078398,46.6505213,0]]]}},{"type":"Feature","properties":{"network":"排水","diameter_mm":1200,"material":"CP","depth_m":2.4},"geometry":{"type":"MultiLineString","coordinates":[[[126.9129892,46.7482205,0],[126.9131604,46.7471027,0]]]}},{"type":"Feature","properties":{"network":"排水","diameter_mm":1500,"material":"CP","depth_m":2.4},"geometry":{"type":"MultiLineString","coordinates":[[[127.0406175,46.6427598,0],[127.0406236,46.642745,0],[127.0406523,46.6426757,0]]]}},{"type":"Feature","properties":{"network":"排水","diameter_mm":675,"material":"CP","depth_m":2.4},"geometry":{"type":"MultiLineString","coordinates":[[[126.9129834,46.7482623,0],[126.9129892,46.7482205,0]]]}},{"type":"Feature","properties":{"network":"排水","diameter_mm":1200,"material":"CP","depth_m":2.4},"geometry":{"type":"MultiLineString","coordinates":[[[126.9131604,46.7471027,0],[126.9135068,46.7470928,0],[126.9137421,46.7470732,0],[126.914033,46.7470328,0],[126.9142572,46.7469855,0],[126.9144861,46.7469278,0],[126.9146784,46.7468678,0],[126.9148803,46.7467906,0],[126.9150424,46.746718,0],[126.9152252,46.7466246,0],[126.9153364,46.7465635,0],[126.9155049,46.7464563,0],[126.9156431,46.7463572,0],[126.9157591,46.7462627,0],[126.9158767,46.7461578,0],[126.9160006,46.746031,0],[126.916115,46.7458973,0],[126.9162135,46.7457625,0],[126.916277,46.7456611,0],[126.9163326,46.7455632,0],[126.9163659,46.7454814,0],[126.9163993,46.745403,0],[126.9164121,46.7453553,0]]]}},{"type":"Feature","properties":{"network":"排水","diameter_mm":1500,"material":"CP","depth_m":2.4},"geometry":{"type":"MultiLineString","coordinates":[[[126.9955471,46.6188316,0],[126.9955555,46.6188277,0],[126.9956683,46.6187755,0],[126.9959105,46.6188264,0]]]}},{"type":"Feature","properties":{"network":"排水","diameter_mm":300,"material":"CP","depth_m":2.4},"geometry":{"type":"MultiLineString","coordinates":[[[126.958339,46.6621641,0],[126.9583223,46.6621761,0],[126.9581758,46.6624047,0]]]}},{"type":"Feature","properties":{"network":"排水","diameter_mm":1500,"material":"CP","depth_m":2.4},"geometry":{"type":"MultiLineString","coordinates":[[[127.017689,46.6271608,0],[127.0177797,46.627212,0],[127.0178155,46.6272322,0],[127.0178445,46.6272485,0]]]}},{"type":"Feature","properties":{"network":"排水","diameter_mm":750,"material":"UNK","depth_m":2.4},"geometry":{"type":"MultiLineString","coordinates":[[[127.053524,46.6448376,0],[127.0535476,46.644836,0],[127.0535668,46.6448424,0],[127.0535845,46.6448482,0],[127.0536003,46.6448627,0]]]}},{"type":"Feature","properties":{"network":"排水","diameter_mm":250,"material":"CP","depth_m":2.4},"geometry":{"type":"MultiLineString","coordinates":[[[126.8670803,46.6147438,0],[126.8670826,46.6147233,0],[126.8671881,46.6144381,0],[126.8671972,46.614426,0]]]}},{"type":"Feature","properties":{"network":"排水","diameter_mm":1500,"material":"CP","depth_m":2.4},"geometry":{"type":"MultiLineString","coordinates":[[[127.0585451,46.63956,0],[127.0585907,46.6394519,0]]]}},{"type":"Feature","properties":{"network":"排水","diameter_mm":1500,"material":"CP","depth_m":2.4},"geometry":{"type":"MultiLineString","coordinates":[[[126.9160922,46.6612898,0],[126.9148251,46.6610148,0]]]}},{"type":"Feature","properties":{"network":"排水","diameter_mm":900,"material":"CP","depth_m":2.4},"geometry":{"type":"MultiLineString","coordinates":[[[126.8860046,46.6521787,0],[126.8862372,46.651631,0]]]}},{"type":"Feature","properties":{"network":"排水","diameter_mm":900,"material":"CP","depth_m":2.4},"geometry":{"type":"MultiLineString","coordinates":[[[126.8862372,46.651631,0],[126.8864753,46.6510696,0]]]}},{"type":"Feature","properties":{"network":"排水","diameter_mm":300,"material":"PE","depth_m":2.4},"geometry":{"type":"MultiLineString","coordinates":[[[126.9965936,46.6189443,0],[126.9966133,46.6189959,0],[126.9968171,46.6190392,0],[126.996844,46.6190277,0],[126.9969862,46.6190578,0],[126.9969979,46.6190602,0],[126.9970064,46.6190643,0]]]}},{"type":"Feature","properties":{"network":"排水","diameter_mm":1500,"material":"CP","depth_m":2.4},"geometry":{"type":"MultiLineString","coordinates":[[[127.0224007,46.6279481,0],[127.0228664,46.6280575,0],[127.0229005,46.6280671,0],[127.0229307,46.6280771,0],[127.0229637,46.628091,0],[127.0229996,46.6281082,0],[127.0230269,46.6281249,0],[127.023057,46.6281446,0],[127.0230837,46.6281669,0],[127.0231075,46.6281887,0],[127.0231226,46.6282055,0],[127.0235182,46.6286357,0]]]}},{"type":"Feature","properties":{"network":"排水","diameter_mm":1500,"material":"CP","depth_m":2.4},"geometry":{"type":"MultiLineString","coordinates":[[[127.0585195,46.6395552,0],[127.058566,46.6394437,0]]]}},{"type":"Feature","properties":{"network":"排水","diameter_mm":1500,"material":"CP","depth_m":2.4},"geometry":{"type":"MultiLineString","coordinates":[[[126.9133508,46.6606792,0],[126.9129994,46.6605601,0],[126.9128645,46.6605143,0],[126.9128416,46.6605065,0]]]}},{"type":"Feature","properties":{"network":"排水","diameter_mm":1800,"material":"CP","depth_m":2.4},"geometry":{"type":"MultiLineString","coordinates":[[[126.9054478,46.6536681,0],[126.9054455,46.6536456,0],[126.9054411,46.6536112,0],[126.9054362,46.6535898,0],[126.9054348,46.6535739,0],[126.9054348,46.6535605,0],[126.905443,46.6535295,0],[126.9054553,46.653498,0],[126.9054684,46.6534652,0],[126.9055955,46.653177,0],[126.9055836,46.6531688,0]]]}},{"type":"Feature","properties":{"network":"排水","diameter_mm":1950,"material":"BR","depth_m":2.4},"geometry":{"type":"MultiLineString","coordinates":[[[126.8963235,46.6484375,0],[126.89614,46.6480654,0],[126.8961308,46.6480467,0],[126.8960899,46.6479639,0],[126.8959724,46.6477255,0]]]}},{"type":"Feature","properties":{"network":"排水","diameter_mm":1500,"material":"CP","depth_m":2.4},"geometry":{"type":"MultiLineString","coordinates":[[[127.0235182,46.6286357,0],[127.0236091,46.6286565,0]]]}},{"type":"Feature","properties":{"network":"排水","diameter_mm":1500,"material":"BR","depth_m":2.4},"geometry":{"type":"MultiLineString","coordinates":[[[126.9148251,46.6610148,0],[126.9133508,46.6606792,0]]]}},{"type":"Feature","properties":{"network":"排水","diameter_mm":1500,"material":"CP","depth_m":2.4},"geometry":{"type":"MultiLineString","coordinates":[[[127.0215621,46.6281587,0],[127.0224007,46.6279481,0]]]}},{"type":"Feature","properties":{"network":"排水","diameter_mm":1050,"material":"CP","depth_m":2.4},"geometry":{"type":"MultiLineString","coordinates":[[[127.0908042,46.6712806,0],[127.090673,46.6712842,0],[127.0904556,46.6712861,0],[127.0899997,46.6712979,0],[127.0895639,46.6713092,0],[127.0895196,46.6713107,0],[127.0894886,46.6713124,0],[127.0894707,46.6713141,0],[127.0894559,46.6713165,0],[127.0893755,46.6713286,0]]]}},{"type":"Feature","properties":{"network":"排水","diameter_mm":2400,"material":"BR","depth_m":2.4},"geometry":{"type":"MultiLineString","coordinates":[[[127.035235,46.6690542,0],[127.0348449,46.6699574,0],[127.034828,46.6699876,0],[127.0348111,46.6700163,0],[127.0347562,46.6700704,0],[127.0345998,46.6702354,0],[127.0341954,46.6706765,0]]]}},{"type":"Feature","properties":{"network":"排水","diameter_mm":1525,"material":"UNK","depth_m":2.4},"geometry":{"type":"MultiLineString","coordinates":[[[127.0341954,46.6706765,0],[127.0341837,46.6706781,0],[127.033705,46.6707409,0],[127.033438,46.6708284,0]]]}},{"type":"Feature","properties":{"network":"排水","diameter_mm":900,"material":"CP","depth_m":2.4},"geometry":{"type":"MultiLineString","coordinates":[[[126.8630308,46.6718353,0],[126.8630282,46.6718313,0],[126.8630137,46.671809,0]]]}},{"type":"Feature","properties":{"network":"排水","diameter_mm":1050,"material":"CP","depth_m":2.4},"geometry":{"type":"MultiLineString","coordinates":[[[127.0840717,46.6713347,0],[127.0826312,46.6715575,0],[127.0825792,46.6715658,0],[127.0825556,46.6715684,0],[127.082526,46.6715658,0],[127.0824938,46.6715627,0],[127.0824478,46.6715498,0]]]}},{"type":"Feature","properties":{"network":"排水","diameter_mm":1050,"material":"CP","depth_m":2.4},"geometry":{"type":"MultiLineString","coordinates":[[[126.9170542,46.744966,0],[126.9178318,46.745151,0],[126.9183541,46.7452753,0],[126.9183803,46.7452807,0],[126.9184017,46.7452838,0],[126.9184227,46.745284,0],[126.9184408,46.7452839,0],[126.918474,46.7452823,0],[126.9184989,46.7452774,0]]]}},{"type":"Feature","properties":{"network":"排水","diameter_mm":1650,"material":"CP","depth_m":2.4},"geometry":{"type":"MultiLineString","coordinates":[[[126.8781194,46.6487694,0],[126.8780769,46.6487713,0],[126.8780548,46.6487694,0],[126.87802,46.6487653,0],[126.8780048,46.6487632,0],[126.8779911,46.6487604,0],[126.877976,46.6487577,0],[126.8779391,46.6487463,0],[126.877297,46.6486047,0]]]}},{"type":"Feature","properties":{"network":"排水","diameter_mm":900,"material":"UNK","depth_m":2.4},"geometry":{"type":"MultiLineString","coordinates":[[[126.8784533,46.6486706,0],[126.8783825,46.6486618,0],[126.8783543,46.6486593,0],[126.8783245,46.6486518,0],[126.8782955,46.648643,0],[126.8782576,46.648628,0],[126.878148,46.6485868,0],[126.8766338,46.648108,0]]]}},{"type":"Feature","properties":{"network":"排水","diameter_mm":1350,"material":"CP","depth_m":2.4},"geometry":{"type":"MultiLineString","coordinates":[[[126.8896841,46.6676248,0],[126.8896956,46.6676036,0],[126.8897019,46.6675935,0],[126.8897098,46.6675826,0],[126.8898634,46.6673963,0],[126.8899724,46.6672633,0],[126.890438,46.6666983,0],[126.8905329,46.6665822,0],[126.8906387,46.6664529,0],[126.8907668,46.6662971,0],[126.8907966,46.6662608,0],[126.8908978,46.6661378,0]]]}},{"type":"Feature","properties":{"network":"排水","diameter_mm":762,"material":"UNK","depth_m":2.4},"geometry":{"type":"MultiLineString","coordinates":[[[127.0405844,46.6427713,0],[127.0406009,46.6427655,0],[127.0406175,46.6427598,0]]]}},{"type":"Feature","properties":{"network":"排水","diameter_mm":750,"material":"CP","depth_m":2.4},"geometry":{"type":"MultiLineString","coordinates":[[[126.8856726,46.659815,0],[126.8857789,46.6595554,0],[126.886188,46.6585874,0],[126.8862258,46.6584996,0]]]}},{"type":"Feature","properties":{"network":"排水","diameter_mm":1950,"material":"CP","depth_m":2.4},"geometry":{"type":"MultiLineString","coordinates":[[[126.9663443,46.6940909,0],[126.966582,46.6939461,0],[126.9669364,46.6938115,0]]]}},{"type":"Feature","properties":{"network":"排水","diameter_mm":1500,"material":"CP","depth_m":2.4},"geometry":{"type":"MultiLineString","coordinates":[[[127.0583363,46.6373996,0],[127.058484,46.6350628,0]]]}},{"type":"Feature","properties":{"network":"排水","diameter_mm":1500,"material":"CP","depth_m":2.4},"geometry":{"type":"MultiLineString","coordinates":[[[127.0583664,46.6374055,0],[127.0585105,46.635075,0]]]}},{"type":"Feature","properties":{"network":"排水","diameter_mm":1500,"material":"CP","depth_m":2.4},"geometry":{"type":"MultiLineString","coordinates":[[[127.0563932,46.6446373,0],[127.0563988,46.6446354,0],[127.0564512,46.6446171,0],[127.0574265,46.6422071,0],[127.0574268,46.6422064,0]]]}},{"type":"Feature","properties":{"network":"排水","diameter_mm":1500,"material":"CP","depth_m":2.4},"geometry":{"type":"MultiLineString","coordinates":[[[127.0371451,46.6316797,0],[127.0371438,46.6316841,0],[127.0370278,46.6320688,0]]]}},{"type":"Feature","properties":{"network":"排水","diameter_mm":1650,"material":"CP","depth_m":2.4},"geometry":{"type":"MultiLineString","coordinates":[[[127.0337036,46.6309229,0],[127.0337405,46.6309314,0],[127.0337453,46.6309325,0],[127.0347681,46.6311674,0],[127.0347902,46.6311725,0],[127.034843,46.6311846,0]]]}},{"type":"Feature","properties":{"network":"排水","diameter_mm":1650,"material":"CP","depth_m":2.4},"geometry":{"type":"MultiLineString","coordinates":[[[127.034843,46.6311846,0],[127.0359869,46.6314384,0]]]}},{"type":"Feature","properties":{"network":"排水","diameter_mm":1650,"material":"CP","depth_m":2.4},"geometry":{"type":"MultiLineString","coordinates":[[[127.0371451,46.6316797,0],[127.0372511,46.6317182,0]]]}},{"type":"Feature","properties":{"network":"排水","diameter_mm":1650,"material":"CP","depth_m":2.4},"geometry":{"type":"MultiLineString","coordinates":[[[127.0372511,46.6317182,0],[127.0373082,46.6317308,0],[127.0373177,46.6317328,0],[127.0373222,46.6317338,0],[127.0373413,46.631738,0],[127.0384018,46.6319703,0]]]}},{"type":"Feature","properties":{"network":"排水","diameter_mm":1650,"material":"CP","depth_m":2.4},"geometry":{"type":"MultiLineString","coordinates":[[[127.0384018,46.6319703,0],[127.0384578,46.6319822,0],[127.0396241,46.6322302,0],[127.0396821,46.6322425,0]]]}},{"type":"Feature","properties":{"network":"排水","diameter_mm":1050,"material":"CP","depth_m":2.4},"geometry":{"type":"MultiLineString","coordinates":[[[127.0866618,46.6725747,0],[127.0866586,46.6725708,0],[127.0866494,46.6725591,0],[127.0866022,46.6715499,0]]]}},{"type":"Feature","properties":{"network":"排水","diameter_mm":1650,"material":"CP","depth_m":2.4},"geometry":{"type":"MultiLineString","coordinates":[[[127.0359869,46.6314384,0],[127.0360305,46.6314475,0],[127.0371174,46.6316739,0],[127.0371451,46.6316797,0]]]}},{"type":"Feature","properties":{"network":"排水","diameter_mm":1800,"material":"CP","depth_m":2.4},"geometry":{"type":"MultiLineString","coordinates":[[[127.0370278,46.6320688,0],[127.0370261,46.6320731,0],[127.0360364,46.6344763,0],[127.0359139,46.6349225,0],[127.0358859,46.6350098,0],[127.0354444,46.6360941,0]]]}},{"type":"Feature","properties":{"network":"排水","diameter_mm":1650,"material":"CP","depth_m":2.4},"geometry":{"type":"MultiLineString","coordinates":[[[127.0396821,46.6322425,0],[127.0403061,46.6323803,0],[127.0408259,46.6324952,0]]]}},{"type":"Feature","properties":{"network":"排水","diameter_mm":1650,"material":"CP","depth_m":2.4},"geometry":{"type":"MultiLineString","coordinates":[[[127.0482846,46.635213,0],[127.0495219,46.6354847,0],[127.0495539,46.6354917,0],[127.0496131,46.6355047,0]]]}},{"type":"Feature","properties":{"network":"排水","diameter_mm":400,"material":"CP","depth_m":2.4},"geometry":{"type":"MultiLineString","coordinates":[[[127.0866618,46.6725747,0],[127.0866651,46.6725709,0],[127.0866685,46.672567,0],[127.0866794,46.6725543,0],[127.0866284,46.6714126,0]]]}},{"type":"Feature","properties":{"network":"排水","diameter_mm":1650,"material":"CP","depth_m":2.4},"geometry":{"type":"MultiLineString","coordinates":[[[127.0245191,46.6290833,0],[127.0245567,46.6290828,0],[127.024666,46.6290722,0],[127.0247593,46.6290609,0],[127.0248525,46.6290511,0],[127.0249682,46.6290387,0],[127.0250409,46.6290309,0],[127.0250594,46.6290289,0],[127.0251162,46.6290232,0],[127.0251379,46.6290222,0],[127.0251695,46.6290211,0],[127.0252417,46.6290266,0],[127.0253581,46.6290351,0],[127.0254339,46.6290427,0],[127.0254942,46.6290548,0],[127.0255475,46.629067,0]]]}},{"type":"Feature","properties":{"network":"排水","diameter_mm":1500,"material":"CP","depth_m":2.4},"geometry":{"type":"MultiLineString","coordinates":[[[127.0583152,46.6377288,0],[127.0583363,46.6373996,0]]]}},{"type":"Feature","properties":{"network":"排水","diameter_mm":1500,"material":"CP","depth_m":2.4},"geometry":{"type":"MultiLineString","coordinates":[[[127.0583464,46.63773,0],[127.0583664,46.6374055,0]]]}},{"type":"Feature","properties":{"network":"排水","diameter_mm":1500,"material":"CP","depth_m":2.4},"geometry":{"type":"MultiLineString","coordinates":[[[127.058484,46.6350628,0],[127.0585755,46.633762,0]]]}},{"type":"Feature","properties":{"network":"排水","diameter_mm":1650,"material":"CP","depth_m":2.4},"geometry":{"type":"MultiLineString","coordinates":[[[127.0548277,46.6366841,0],[127.0555778,46.6368547,0],[127.0556798,46.6368779,0],[127.0558016,46.6369056,0],[127.0560468,46.6369614,0]]]}},{"type":"Feature","properties":{"network":"排水","diameter_mm":675,"material":"CP","depth_m":2.4},"geometry":{"type":"MultiLineString","coordinates":[[[126.8838523,46.5985724,0],[126.8839339,46.5985413,0]]]}},{"type":"Feature","properties":{"network":"排水","diameter_mm":450,"material":"UNK","depth_m":2.4},"geometry":{"type":"MultiLineString","coordinates":[[[127.0923499,46.710424,0],[127.0923649,46.7103996,0],[127.0927654,46.70977,0]]]}},{"type":"Feature","properties":{"network":"排水","diameter_mm":1200,"material":"CP","depth_m":2.4},"geometry":{"type":"MultiLineString","coordinates":[[[126.9165096,46.6267157,0],[126.9165265,46.62672,0],[126.9165783,46.6267316,0]]]}},{"type":"Feature","properties":{"network":"排水","diameter_mm":675,"material":"CP","depth_m":2.4},"geometry":{"type":"MultiLineString","coordinates":[[[126.8832396,46.5984071,0],[126.8833122,46.5984464,0]]]}},{"type":"Feature","properties":{"network":"排水","diameter_mm":450,"material":"UNK","depth_m":2.4},"geometry":{"type":"MultiLineString","coordinates":[[[127.0914964,46.7108285,0],[127.0920943,46.7109372,0]]]}},{"type":"Feature","properties":{"network":"排水","diameter_mm":750,"material":"CP","depth_m":2.4},"geometry":{"type":"MultiLineString","coordinates":[[[127.0141466,46.7073612,0],[127.0142725,46.7072319,0]]]}},{"type":"Feature","properties":{"network":"排水","diameter_mm":450,"material":"CP","depth_m":2.4},"geometry":{"type":"MultiLineString","coordinates":[[[126.8670803,46.6147438,0],[126.8670931,46.6147238,0],[126.8671964,46.6144404,0],[126.8671972,46.614426,0]]]}},{"type":"Feature","properties":{"network":"排水","diameter_mm":1500,"material":"CP","depth_m":2.4},"geometry":{"type":"MultiLineString","coordinates":[[[127.0215424,46.6281935,0],[127.0215621,46.6281587,0]]]}},{"type":"Feature","properties":{"network":"排水","diameter_mm":1650,"material":"CP","depth_m":2.4},"geometry":{"type":"MultiLineString","coordinates":[[[126.86434,46.6617723,0],[126.8659474,46.659454,0]]]}},{"type":"Feature","properties":{"network":"排水","diameter_mm":1650,"material":"CP","depth_m":2.4},"geometry":{"type":"MultiLineString","coordinates":[[[127.0560468,46.6369614,0],[127.0563332,46.637026,0],[127.0569768,46.6371713,0],[127.0571842,46.6372078,0],[127.0573635,46.6372395,0]]]}},{"type":"Feature","properties":{"network":"排水","diameter_mm":1500,"material":"CP","depth_m":2.4},"geometry":{"type":"MultiLineString","coordinates":[[[126.9642709,46.6156262,0],[126.9641713,46.6158419,0]]]}},{"type":"Feature","properties":{"network":"排水","diameter_mm":1350,"material":"CMP","depth_m":2.4},"geometry":{"type":"MultiLineString","coordinates":[[[127.060867,46.6372986,0],[127.0608761,46.6372904,0],[127.0618033,46.6367059,0],[127.0618177,46.6366995,0]]]}},{"type":"Feature","properties":{"network":"排水","diameter_mm":1350,"material":"CMP","depth_m":2.4},"geometry":{"type":"MultiLineString","coordinates":[[[127.060867,46.6372986,0],[127.0608794,46.6372932,0],[127.061807,46.6367088,0],[127.0618177,46.6366995,0]]]}},{"type":"Feature","properties":{"network":"排水","diameter_mm":1200,"material":"CP","depth_m":2.4},"geometry":{"type":"MultiLineString","coordinates":[[[126.8878191,46.6480312,0],[126.887817,46.6480315,0],[126.8876872,46.6480786,0]]]}},{"type":"Feature","properties":{"network":"排水","diameter_mm":900,"material":"CP","depth_m":2.4},"geometry":{"type":"MultiLineString","coordinates":[[[126.8675321,46.6434992,0],[126.8668711,46.642803,0]]]}},{"type":"Feature","properties":{"network":"排水","diameter_mm":300,"material":"VCP","depth_m":2.4},"geometry":{"type":"MultiLineString","coordinates":[[[127.0005168,46.6464059,0],[127.0005198,46.6463204,0]]]}},{"type":"Feature","properties":{"network":"排水","diameter_mm":1500,"material":"CP","depth_m":2.4},"geometry":{"type":"MultiLineString","coordinates":[[[127.0178445,46.6272485,0],[127.0183835,46.6275528,0]]]}},{"type":"Feature","properties":{"network":"排水","diameter_mm":1650,"material":"CP","depth_m":2.4},"geometry":{"type":"MultiLineString","coordinates":[[[127.0419279,46.6327359,0],[127.0420691,46.6327665,0],[127.042076,46.632768,0],[127.0420884,46.6327707,0],[127.0432364,46.63302,0]]]}},{"type":"Feature","properties":{"network":"排水","diameter_mm":1650,"material":"CP","depth_m":2.4},"geometry":{"type":"MultiLineString","coordinates":[[[127.0255475,46.629067,0],[127.0266425,46.6293124,0]]]}},{"type":"Feature","properties":{"network":"排水","diameter_mm":1650,"material":"CP","depth_m":2.4},"geometry":{"type":"MultiLineString","coordinates":[[[127.0266425,46.6293124,0],[127.0273651,46.6294761,0],[127.0274368,46.6294924,0],[127.0275126,46.6295095,0],[127.0279561,46.62961,0]]]}},{"type":"Feature","properties":{"network":"排水","diameter_mm":2550,"material":"CP","depth_m":2.4},"geometry":{"type":"MultiLineString","coordinates":[[[127.0447633,46.6742834,0],[127.0447941,46.6742282,0]]]}},{"type":"Feature","properties":{"network":"排水","diameter_mm":1350,"material":"CMP","depth_m":2.4},"geometry":{"type":"MultiLineString","coordinates":[[[127.0618177,46.6366995,0],[127.0618299,46.6366941,0],[127.0623414,46.6363573,0],[127.0625329,46.6359619,0]]]}},{"type":"Feature","properties":{"network":"排水","diameter_mm":1350,"material":"CMP","depth_m":2.4},"geometry":{"type":"MultiLineString","coordinates":[[[127.0618177,46.6366995,0],[127.0618264,46.636691,0],[127.0623295,46.6363536,0],[127.0625254,46.6359534,0]]]}},{"type":"Feature","properties":{"network":"排水","diameter_mm":1650,"material":"BR","depth_m":2.4},"geometry":{"type":"MultiLineString","coordinates":[[[127.0903839,46.6685297,0],[127.0912188,46.6688278,0],[127.091246,46.6688397,0],[127.0912673,46.6688512,0],[127.0912805,46.6688643,0],[127.0912892,46.6688771,0],[127.0912958,46.6688902,0],[127.0913012,46.6689059,0],[127.0913027,46.6689256,0]]]}},{"type":"Feature","properties":{"network":"排水","diameter_mm":1500,"material":"CP","depth_m":2.4},"geometry":{"type":"MultiLineString","coordinates":[[[127.0240359,46.6710916,0],[127.0242911,46.6709635,0],[127.0245473,46.6708363,0],[127.0246185,46.670814,0],[127.0246423,46.6708084,0],[127.0249157,46.6707963,0],[127.0252027,46.6707836,0],[127.0257992,46.6710431,0],[127.0263956,46.6713025,0],[127.0264403,46.6713128,0],[127.0265201,46.6713281,0],[127.0266574,46.6713424,0],[127.0271543,46.6713997,0],[127.0276512,46.6714571,0],[127.0288911,46.6715834,0]]]}},{"type":"Feature","properties":{"network":"排水","diameter_mm":1500,"material":"CP","depth_m":2.4},"geometry":{"type":"MultiLineString","coordinates":[[[127.0340615,46.6716273,0],[127.0352439,46.6724314,0],[127.0353251,46.6724858,0],[127.0353627,46.6725073,0],[127.0354154,46.6725302,0],[127.0354536,46.6725433,0],[127.035505,46.672557,0],[127.0355771,46.6725696,0],[127.0356887,46.6725838,0],[127.0367495,46.6727316,0]]]}},{"type":"Feature","properties":{"network":"排水","diameter_mm":1650,"material":"CP","depth_m":2.4},"geometry":{"type":"MultiLineString","coordinates":[[[126.8659474,46.659454,0],[126.8659619,46.6594347,0],[126.8659627,46.6594336,0],[126.8659667,46.6594279,0],[126.8659796,46.6594095,0],[126.8659818,46.6594062,0],[126.8661278,46.6591951,0],[126.8663163,46.6589225,0],[126.8665414,46.6585967,0],[126.86661,46.6584976,0],[126.866669,46.6584122,0],[126.8666998,46.6583676,0],[126.866767,46.6582705,0],[126.8668461,46.658156,0],[126.8669087,46.6580655,0],[126.8670001,46.6579332,0],[126.8670888,46.6578048,0],[126.8672428,46.6575821,0],[126.8673086,46.6574868,0]]]}},{"type":"Feature","properties":{"network":"排水","diameter_mm":750,"material":"CP","depth_m":2.4},"geometry":{"type":"MultiLineString","coordinates":[[[127.0631991,46.6893588,0],[127.0628458,46.6901153,0],[127.0628268,46.6901549,0],[127.0627943,46.690186,0],[127.0627573,46.6902113,0],[127.0627568,46.6902258,0]]]}},{"type":"Feature","properties":{"network":"排水","diameter_mm":1500,"material":"CP","depth_m":2.4},"geometry":{"type":"MultiLineString","coordinates":[[[127.0425072,46.6771284,0],[127.0427956,46.6771344,0],[127.0434358,46.6771187,0],[127.0434885,46.677113,0],[127.0435296,46.6771049,0],[127.043559,46.6770963,0],[127.0435892,46.6770868,0],[127.0436424,46.6770497,0]]]}},{"type":"Feature","properties":{"network":"排水","diameter_mm":1200,"material":"CP","depth_m":2.4},"geometry":{"type":"MultiLineString","coordinates":[[[126.8871421,46.6526881,0],[126.8861991,46.6524605,0],[126.8861719,46.6524541,0],[126.8861449,46.6524456,0],[126.8861164,46.6524333,0],[126.8860933,46.652421,0],[126.8860698,46.6524059,0],[126.8860659,46.6524028,0],[126.8860482,46.652389,0],[126.8860292,46.6523721,0],[126.8860148,46.6523545,0],[126.886003,46.6523377,0],[126.8859928,46.6523203,0],[126.8859856,46.6523009,0],[126.8859817,46.6522821,0],[126.8859807,46.6522605,0],[126.8859828,46.6522392,0],[126.8859868,46.6522239,0],[126.8860046,46.6521787,0]]]}},{"type":"Feature","properties":{"network":"排水","diameter_mm":1050,"material":"CP","depth_m":2.4},"geometry":{"type":"MultiLineString","coordinates":[[[127.076639,46.6706744,0],[127.076057,46.6707038,0],[127.0752599,46.6707394,0],[127.0751832,46.6707434,0],[127.0751507,46.6707469,0],[127.0751243,46.6707514,0],[127.0750961,46.670757,0],[127.0750691,46.6707677,0]]]}},{"type":"Feature","properties":{"network":"排水","diameter_mm":1050,"material":"CP","depth_m":2.4},"geometry":{"type":"MultiLineString","coordinates":[[[127.0803327,46.6707901,0],[127.0802873,46.6707762,0],[127.0802442,46.6707666,0],[127.0802365,46.6707654,0],[127.0802043,46.6707605,0],[127.0801514,46.6707635,0],[127.0796046,46.670874,0],[127.0790822,46.6709774,0],[127.0789646,46.6709892,0],[127.0789426,46.670989,0],[127.0789218,46.6709843,0],[127.0788938,46.6709742,0],[127.0788715,46.6709591,0],[127.0788688,46.670957,0]]]}},{"type":"Feature","properties":{"network":"排水","diameter_mm":1050,"material":"CP","depth_m":2.4},"geometry":{"type":"MultiLineString","coordinates":[[[127.0677358,46.6724697,0],[127.0662592,46.6727838,0],[127.0662236,46.6727924,0],[127.0661832,46.6728031,0],[127.0661538,46.6728127,0],[127.0661224,46.6728241,0],[127.0660853,46.6728389,0]]]}},{"type":"Feature","properties":{"network":"排水","diameter_mm":1650,"material":"CP","depth_m":2.4},"geometry":{"type":"MultiLineString","coordinates":[[[126.8729385,46.6466464,0],[126.8719303,46.6463196,0],[126.871792,46.6462748,0],[126.8692197,46.6449773,0]]]}},{"type":"Feature","properties":{"network":"排水","diameter_mm":750,"material":"CP","depth_m":2.4},"geometry":{"type":"MultiLineString","coordinates":[[[126.8862724,46.6601087,0],[126.8861975,46.6600972,0],[126.8858561,46.6600448,0],[126.8858143,46.6600314,0],[126.8858014,46.6600256,0],[126.8857493,46.6599994,0],[126.8857492,46.6599993,0],[126.885713,46.6599721,0],[126.8856931,46.6599564,0],[126.8856668,46.6599153,0],[126.8856571,46.6598798,0],[126.8856607,46.6598523,0],[126.8856726,46.659815,0]]]}},{"type":"Feature","properties":{"network":"排水","diameter_mm":1050,"material":"CP","depth_m":2.4},"geometry":{"type":"MultiLineString","coordinates":[[[127.0788688,46.670957,0],[127.078312,46.6706299,0],[127.0782724,46.6706097,0],[127.0782459,46.6705988,0],[127.0782133,46.6705906,0],[127.0781765,46.6705874,0],[127.0781385,46.6705894,0]]]}},{"type":"Feature","properties":{"network":"排水","diameter_mm":1500,"material":"CP","depth_m":2.4},"geometry":{"type":"MultiLineString","coordinates":[[[127.0912165,46.6711265,0],[127.0912189,46.6711432,0]]]}},{"type":"Feature","properties":{"network":"排水","diameter_mm":2100,"material":"CP","depth_m":2.4},"geometry":{"type":"MultiLineString","coordinates":[[[127.0436424,46.6770497,0],[127.0441275,46.6766899,0],[127.0441634,46.6766518,0],[127.0441824,46.676624,0],[127.0441959,46.6765833,0],[127.0442013,46.6765416,0],[127.0441985,46.6765073,0],[127.0441925,46.6764818,0],[127.044006,46.6760233,0],[127.043996,46.6759911,0],[127.0439926,46.6759794,0],[127.0439904,46.6759662,0],[127.0439889,46.6759507,0],[127.0439894,46.6759291,0],[127.0440104,46.6757231,0]]]}},{"type":"Feature","properties":{"network":"排水","diameter_mm":1350,"material":"CP","depth_m":2.4},"geometry":{"type":"MultiLineString","coordinates":[[[126.9128416,46.6605065,0],[126.9126975,46.6604739,0],[126.9122687,46.6603415,0],[126.9121902,46.6603021,0],[126.9120693,46.6602265,0],[126.9116671,46.6599493,0]]]}},{"type":"Feature","properties":{"network":"排水","diameter_mm":750,"material":"CP","depth_m":2.4},"geometry":{"type":"MultiLineString","coordinates":[[[126.9179489,46.7513076,0],[126.9179171,46.7512783,0]]]}},{"type":"Feature","properties":{"network":"排水","diameter_mm":900,"material":"CP","depth_m":2.4},"geometry":{"type":"MultiLineString","coordinates":[[[126.8864753,46.6510696,0],[126.8866382,46.6506734,0]]]}},{"type":"Feature","properties":{"network":"排水","diameter_mm":1050,"material":"CP","depth_m":2.4},"geometry":{"type":"MultiLineString","coordinates":[[[127.0866284,46.6714126,0],[127.0855224,46.6711124,0]]]}},{"type":"Feature","properties":{"network":"排水","diameter_mm":1050,"material":"CP","depth_m":2.4},"geometry":{"type":"MultiLineString","coordinates":[[[127.0893755,46.6713286,0],[127.0892887,46.6713449,0],[127.0892341,46.6713552,0],[127.08789,46.6716078,0],[127.0878354,46.6716169,0],[127.0877976,46.671619,0],[127.0877642,46.6716202,0],[127.0877322,46.671616,0],[127.0876943,46.6716048,0]]]}},{"type":"Feature","properties":{"network":"排水","diameter_mm":1650,"material":"CP","depth_m":2.4},"geometry":{"type":"MultiLineString","coordinates":[[[127.0462099,46.6336634,0],[127.046989,46.6338421,0],[127.0469988,46.6338454,0],[127.0470085,46.6338496,0],[127.0470158,46.6338546,0],[127.0470228,46.6338608,0],[127.0470277,46.6338653,0],[127.0470402,46.6338768,0],[127.0470551,46.6338942,0],[127.0470653,46.6339117,0],[127.0470664,46.6339136,0],[127.0470721,46.6339264,0],[127.0470735,46.6339377,0],[127.0470757,46.6339509,0],[127.0470764,46.6339596,0],[127.0470764,46.6339688,0],[127.0470738,46.633981,0],[127.0470687,46.6339976,0],[127.047064,46.6340094,0],[127.0470457,46.634056,0]]]}},{"type":"Feature","properties":{"network":"排水","diameter_mm":1200,"material":"CP","depth_m":2.4},"geometry":{"type":"MultiLineString","coordinates":[[[126.8866803,46.6574146,0],[126.8870373,46.6565476,0],[126.8870459,46.6565271,0],[126.887053,46.6565066,0],[126.887057,46.656481,0],[126.8870571,46.6564673,0],[126.8870571,46.6564559,0],[126.8870571,46.6564424,0],[126.8870571,46.6564309,0],[126.8870535,46.6564098,0],[126.8870443,46.656382,0],[126.8870309,46.6563544,0],[126.8870006,46.6563204,0]]]}},{"type":"Feature","properties":{"network":"排水","diameter_mm":1650,"material":"CP","depth_m":2.4},"geometry":{"type":"MultiLineString","coordinates":[[[126.8584957,46.6706689,0],[126.85858,46.670656,0],[126.8586281,46.6706534,0],[126.8597403,46.6706484,0],[126.8598959,46.6706477,0],[126.8601649,46.6706465,0]]]}},{"type":"Feature","properties":{"network":"排水","diameter_mm":1200,"material":"CP","depth_m":2.4},"geometry":{"type":"MultiLineString","coordinates":[[[126.8632477,46.6721375,0],[126.8630308,46.6718353,0]]]}},{"type":"Feature","properties":{"network":"排水","diameter_mm":525,"material":"CP","depth_m":2.4},"geometry":{"type":"MultiLineString","coordinates":[[[126.8630748,46.6717132,0],[126.8627842,46.6710066,0]]]}},{"type":"Feature","properties":{"network":"排水","diameter_mm":1200,"material":"CP","depth_m":2.4},"geometry":{"type":"MultiLineString","coordinates":[[[127.0919133,46.6720843,0],[127.0911408,46.6717942,0],[127.0911077,46.6717797,0],[127.0910858,46.6717638,0],[127.0910696,46.6717493,0],[127.0910578,46.6717354,0],[127.0910504,46.6717188,0]]]}},{"type":"Feature","properties":{"network":"排水","diameter_mm":1500,"material":"CP","depth_m":2.4},"geometry":{"type":"MultiLineString","coordinates":[[[126.9896156,46.6221,0],[126.9896001,46.6221294,0]]]}},{"type":"Feature","properties":{"network":"排水","diameter_mm":1500,"material":"CP","depth_m":2.4},"geometry":{"type":"MultiLineString","coordinates":[[[126.9989905,46.6246172,0],[126.9989854,46.6246146,0],[126.9989598,46.6246017,0],[126.9989062,46.6245897,0],[126.9989019,46.6245893,0],[126.998899,46.6245891,0],[126.9988957,46.6245887,0],[126.9988924,46.6245887,0],[126.9988872,46.6245887,0],[126.9988827,46.6245888,0],[126.9988736,46.6245899,0],[126.9988678,46.62459,0],[126.9988604,46.6245916,0],[126.9988511,46.6245931,0],[126.9988323,46.6245983,0],[126.9988127,46.6246071,0],[126.9988014,46.6246143,0],[126.9987928,46.6246204,0],[126.9987872,46.6246257,0],[126.9987813,46.6246322,0]]]}},{"type":"Feature","properties":{"network":"排水","diameter_mm":1350,"material":"CP","depth_m":2.4},"geometry":{"type":"MultiLineString","coordinates":[[[126.9589628,46.6617037,0],[126.9589036,46.6616399,0]]]}},{"type":"Feature","properties":{"network":"排水","diameter_mm":1350,"material":"CP","depth_m":2.4},"geometry":{"type":"MultiLineString","coordinates":[[[126.8926142,46.6640572,0],[126.8926207,46.6640476,0],[126.8926288,46.664037,0],[126.8926445,46.6640203,0],[126.8926691,46.6639994,0],[126.8926888,46.6639868,0],[126.8927019,46.6639794,0],[126.8927126,46.6639742,0],[126.8927321,46.663966,0],[126.8927754,46.6639479,0],[126.8937907,46.6635267,0],[126.8938137,46.6635149,0],[126.8938296,46.6635052,0],[126.8938432,46.6634953,0],[126.8938585,46.6634825,0],[126.8938712,46.6634691,0],[126.8938859,46.6634513,0],[126.8938931,46.6634409,0],[126.8938999,46.6634306,0]]]}},{"type":"Feature","properties":{"network":"排水","diameter_mm":750,"material":"CP","depth_m":2.4},"geometry":{"type":"MultiLineString","coordinates":[[[126.8862258,46.6584996,0],[126.8866383,46.6575148,0],[126.8866803,46.6574146,0]]]}},{"type":"Feature","properties":{"network":"排水","diameter_mm":1500,"material":"CP","depth_m":2.4},"geometry":{"type":"MultiLineString","coordinates":[[[127.0217355,46.6711259,0],[127.0221856,46.6711121,0],[127.0222587,46.6711183,0],[127.0223493,46.6711331,0],[127.022423,46.6711489,0],[127.0226699,46.6712312,0],[127.0227841,46.6712621,0],[127.0228417,46.6712678,0],[127.022889,46.6712672,0],[127.0229376,46.6712613,0],[127.0230202,46.6712519,0],[127.0230821,46.671247,0],[127.0231996,46.6712297,0],[127.0238485,46.6711358,0],[127.0238975,46.6711271,0],[127.0239465,46.6711164,0],[127.0240359,46.6710916,0]]]}},{"type":"Feature","properties":{"network":"排水","diameter_mm":825,"material":"CP","depth_m":2.4},"geometry":{"type":"MultiLineString","coordinates":[[[127.0239707,46.6289797,0],[127.0239959,46.6289857,0],[127.0244744,46.6290958,0],[127.0245191,46.6290833,0]]]}},{"type":"Feature","properties":{"network":"排水","diameter_mm":900,"material":"UNK","depth_m":2.4},"geometry":{"type":"MultiLineString","coordinates":[[[126.8847997,46.5940464,0],[126.8847304,46.5942189,0]]]}},{"type":"Feature","properties":{"network":"排水","diameter_mm":1350,"material":"CP","depth_m":2.4},"geometry":{"type":"MultiLineString","coordinates":[[[126.8961501,46.6580467,0],[126.8961522,46.6579967,0],[126.896144,46.6579543,0],[126.8961163,46.6579035,0],[126.8960769,46.6578517,0],[126.8948397,46.656639,0]]]}},{"type":"Feature","properties":{"network":"排水","diameter_mm":900,"material":"UNK","depth_m":2.4},"geometry":{"type":"MultiLineString","coordinates":[[[126.8836992,46.5932164,0],[126.8847997,46.5940464,0]]]}},{"type":"Feature","properties":{"network":"排水","diameter_mm":1350,"material":"CP","depth_m":2.4},"geometry":{"type":"MultiLineString","coordinates":[[[127.0565062,46.6843797,0],[127.0548857,46.6839323,0]]]}},{"type":"Feature","properties":{"network":"排水","diameter_mm":1500,"material":"CP","depth_m":2.4},"geometry":{"type":"MultiLineString","coordinates":[[[127.0548857,46.6839323,0],[127.0534692,46.6834008,0]]]}},{"type":"Feature","properties":{"network":"排水","diameter_mm":1950,"material":"CP","depth_m":2.4},"geometry":{"type":"MultiLineString","coordinates":[[[127.0187347,46.672168,0],[127.0189195,46.6720456,0]]]}},{"type":"Feature","properties":{"network":"排水","diameter_mm":2100,"material":"CP","depth_m":2.4},"geometry":{"type":"MultiLineString","coordinates":[[[127.0548495,46.7444689,0],[127.0531933,46.7443448,0]]]}},{"type":"Feature","properties":{"network":"排水","diameter_mm":900,"material":"UNK","depth_m":2.4},"geometry":{"type":"MultiLineString","coordinates":[[[126.8840709,46.5935364,0],[126.8846218,46.5942712,0]]]}},{"type":"Feature","properties":{"network":"排水","diameter_mm":900,"material":"UNK","depth_m":2.4},"geometry":{"type":"MultiLineString","coordinates":[[[126.8844144,46.5951257,0],[126.8844109,46.5951335,0]]]}},{"type":"Feature","properties":{"network":"排水","diameter_mm":900,"material":"UNK","depth_m":2.4},"geometry":{"type":"MultiLineString","coordinates":[[[126.8841384,46.5930687,0],[126.8840709,46.5935364,0]]]}},{"type":"Feature","properties":{"network":"排水","diameter_mm":1200,"material":"BR","depth_m":2.4},"geometry":{"type":"MultiLineString","coordinates":[[[126.9718425,46.6787862,0],[126.9727301,46.6789638,0]]]}},{"type":"Feature","properties":{"network":"排水","diameter_mm":450,"material":"CP","depth_m":2.4},"geometry":{"type":"MultiLineString","coordinates":[[[127.0549558,46.7444744,0],[127.0548796,46.7444707,0]]]}},{"type":"Feature","properties":{"network":"排水","diameter_mm":1500,"material":"CP","depth_m":2.4},"geometry":{"type":"MultiLineString","coordinates":[[[127.046439,46.679448,0],[127.0441084,46.6782219,0],[127.0440973,46.6782159,0],[127.0440836,46.6782068,0],[127.0440735,46.6781986,0],[127.0440607,46.6781846,0],[127.0440472,46.6781676,0],[127.0440058,46.6781065,0]]]}},{"type":"Feature","properties":{"network":"排水","diameter_mm":1500,"material":"CP","depth_m":2.4},"geometry":{"type":"MultiLineString","coordinates":[[[127.0575187,46.6419573,0],[127.057675,46.6415795,0]]]}},{"type":"Feature","properties":{"network":"排水","diameter_mm":1800,"material":"CP","depth_m":2.4},"geometry":{"type":"MultiLineString","coordinates":[[[127.017599,46.674816,0],[127.0171973,46.6744483,0]]]}},{"type":"Feature","properties":{"network":"排水","diameter_mm":1800,"material":"CP","depth_m":2.4},"geometry":{"type":"MultiLineString","coordinates":[[[127.0171973,46.6744483,0],[127.0169779,46.6742464,0],[127.0169175,46.6741912,0],[127.0168956,46.6741705,0],[127.016876,46.6741479,0],[127.0168593,46.6741248,0],[127.0168459,46.6741027,0],[127.0168356,46.6740591,0],[127.0168362,46.6740259,0],[127.0168466,46.6739921,0],[127.0168577,46.6739622,0],[127.0169133,46.6738327,0]]]}},{"type":"Feature","properties":{"network":"排水","diameter_mm":600,"material":"CP","depth_m":2.4},"geometry":{"type":"MultiLineString","coordinates":[[[126.8710927,46.6100553,0],[126.8711075,46.6100411,0],[126.8718983,46.6092875,0]]]}},{"type":"Feature","properties":{"network":"排水","diameter_mm":1800,"material":"CP","depth_m":2.4},"geometry":{"type":"MultiLineString","coordinates":[[[126.9860116,46.6920256,0],[126.9860504,46.6920033,0],[126.9863544,46.6915866,0],[126.9863679,46.6915359,0]]]}},{"type":"Feature","properties":{"network":"排水","diameter_mm":375,"material":"CP","depth_m":2.4},"geometry":{"type":"MultiLineString","coordinates":[[[126.8843058,46.6649679,0],[126.8842439,46.6649,0]]]}},{"type":"Feature","properties":{"network":"排水","diameter_mm":2600,"material":"CP","depth_m":2.4},"geometry":{"type":"MultiLineString","coordinates":[[[126.8713532,46.6276468,0],[126.8713539,46.6276364,0],[126.8713545,46.627628,0],[126.871425,46.6266562,0],[126.8714614,46.626547,0],[126.8714681,46.6265363,0],[126.8715199,46.6264445,0],[126.8718362,46.6259577,0],[126.8720761,46.6255892,0],[126.8721602,46.6254798,0],[126.8721913,46.6254498,0],[126.8722818,46.6253638,0],[126.8732117,46.6245558,0],[126.8733094,46.6244709,0],[126.8733558,46.6244348,0],[126.8733812,46.6244044,0],[126.8734557,46.624323,0],[126.8735261,46.6242207,0],[126.8735594,46.6241523,0],[126.8735997,46.6240688,0],[126.8736088,46.6240494,0],[126.8740282,46.6230599,0],[126.8741581,46.6227573,0],[126.8741984,46.6226712,0],[126.8742167,46.6226447,0],[126.8742732,46.6225626,0],[126.876794,46.6194223,0]]]}},{"type":"Feature","properties":{"network":"排水","diameter_mm":1800,"material":"CP","depth_m":2.4},"geometry":{"type":"MultiLineString","coordinates":[[[126.9860116,46.6920256,0],[126.9863679,46.6915359,0]]]}},{"type":"Feature","properties":{"network":"排水","diameter_mm":1500,"material":"CP","depth_m":2.4},"geometry":{"type":"MultiLineString","coordinates":[[[127.0440058,46.6781065,0],[127.0439762,46.6780376,0],[127.0436031,46.6771706,0],[127.0435965,46.6771556,0],[127.0435936,46.6771453,0],[127.0435939,46.6771383,0],[127.0435969,46.6771295,0],[127.0436072,46.6771098,0],[127.0436424,46.6770497,0]]]}},{"type":"Feature","properties":{"network":"排水","diameter_mm":2550,"material":"CP","depth_m":2.4},"geometry":{"type":"MultiLineString","coordinates":[[[126.8658261,46.6422569,0],[126.8654519,46.6415242,0],[126.8654385,46.6414954,0],[126.8651211,46.6408759,0],[126.8650805,46.6407922,0],[126.8649866,46.6405438,0],[126.8647623,46.6399662,0],[126.8647433,46.6399399,0]]]}},{"type":"Feature","properties":{"network":"排水","diameter_mm":2550,"material":"CP","depth_m":2.4},"geometry":{"type":"MultiLineString","coordinates":[[[126.8647433,46.6399399,0],[126.8647429,46.6398905,0],[126.8645841,46.6394864,0],[126.8644593,46.6391606,0],[126.8643288,46.6388224,0],[126.8642324,46.6385668,0],[126.8641694,46.6384001,0],[126.8641416,46.6382987,0],[126.8641416,46.638208,0],[126.8641516,46.6381152,0],[126.864158,46.638092,0],[126.8641871,46.6380101,0],[126.8642553,46.637907,0],[126.8643177,46.6378287,0],[126.8644427,46.6377297,0],[126.8645079,46.6376829,0]]]}},{"type":"Feature","properties":{"network":"排水","diameter_mm":300,"material":"VCP","depth_m":2.4},"geometry":{"type":"MultiLineString","coordinates":[[[127.0015481,46.6461116,0],[127.0015437,46.6461263,0],[127.001526,46.6461471,0],[127.0015169,46.6461702,0],[127.0015166,46.6461969,0],[127.0015327,46.6462188,0]]]}},{"type":"Feature","properties":{"network":"排水","diameter_mm":1500,"material":"CP","depth_m":2.4},"geometry":{"type":"MultiLineString","coordinates":[[[127.0414171,46.673334,0],[127.0427864,46.6738018,0],[127.0445573,46.6743235,0],[127.0446037,46.6743386,0],[127.0446221,46.6743404,0],[127.0446396,46.6743402,0],[127.0446552,46.6743382,0],[127.0446705,46.6743357,0],[127.0446974,46.6743284,0],[127.0446976,46.6743283,0],[127.0447212,46.6743199,0],[127.0447423,46.6743071,0],[127.0447633,46.6742834,0]]]}},{"type":"Feature","properties":{"network":"排水","diameter_mm":1050,"material":"CP","depth_m":2.4},"geometry":{"type":"MultiLineString","coordinates":[[[127.0450336,46.6744196,0],[127.0448661,46.6743767,0],[127.0448316,46.6743601,0],[127.0448109,46.6743447,0],[127.0447922,46.674329,0],[127.0447633,46.6742834,0]]]}},{"type":"Feature","properties":{"network":"排水","diameter_mm":1500,"material":"CP","depth_m":2.4},"geometry":{"type":"MultiLineString","coordinates":[[[127.0585755,46.633762,0],[127.0585228,46.6334763,0],[127.0584849,46.6333501,0],[127.0584738,46.6333206,0]]]}},{"type":"Feature","properties":{"network":"排水","diameter_mm":1500,"material":"CP","depth_m":2.4},"geometry":{"type":"MultiLineString","coordinates":[[[127.058603,46.6337621,0],[127.0585389,46.6333462,0],[127.0585346,46.6333168,0]]]}},{"type":"Feature","properties":{"network":"排水","diameter_mm":1500,"material":"CP","depth_m":2.4},"geometry":{"type":"MultiLineString","coordinates":[[[127.0584738,46.6333206,0],[127.0584337,46.6331999,0],[127.0584247,46.6331695,0],[127.0584149,46.6331355,0],[127.0584125,46.6331198,0],[127.0584164,46.6331031,0],[127.0584285,46.6330848,0],[127.0584849,46.6330304,0]]]}},{"type":"Feature","properties":{"network":"排水","diameter_mm":1500,"material":"CP","depth_m":2.4},"geometry":{"type":"MultiLineString","coordinates":[[[127.0585346,46.6333168,0],[127.0585136,46.6332007,0],[127.0585144,46.6331949,0],[127.0585169,46.6331893,0],[127.0585201,46.6331831,0],[127.0585245,46.633178,0],[127.0586031,46.6330938,0]]]}},{"type":"Feature","properties":{"network":"排水","diameter_mm":1650,"material":"CP","depth_m":2.4},"geometry":{"type":"MultiLineString","coordinates":[[[127.0304714,46.6301775,0],[127.0317138,46.6304564,0]]]}},{"type":"Feature","properties":{"network":"排水","diameter_mm":1650,"material":"CP","depth_m":2.4},"geometry":{"type":"MultiLineString","coordinates":[[[127.0317138,46.6304564,0],[127.03274,46.6307075,0]]]}},{"type":"Feature","properties":{"network":"排水","diameter_mm":1650,"material":"CP","depth_m":2.4},"geometry":{"type":"MultiLineString","coordinates":[[[127.03274,46.6307075,0],[127.0328334,46.6307284,0],[127.0329535,46.6307552,0],[127.0337036,46.6309229,0]]]}},{"type":"Feature","properties":{"network":"排水","diameter_mm":1350,"material":"CMP","depth_m":2.4},"geometry":{"type":"MultiLineString","coordinates":[[[127.0717764,46.6910321,0],[127.0716271,46.6910004,0],[127.071623,46.6909996,0],[127.0712417,46.6909187,0]]]}},{"type":"Feature","properties":{"network":"排水","diameter_mm":1500,"material":"CP","depth_m":2.4},"geometry":{"type":"MultiLineString","coordinates":[[[127.0623098,46.6901849,0],[127.0614862,46.6900964,0]]]}},{"type":"Feature","properties":{"network":"排水","diameter_mm":1524,"material":"UNK","depth_m":2.4},"geometry":{"type":"MultiLineString","coordinates":[[[126.9056055,46.6538482,0],[126.9056049,46.6538317,0],[126.9055783,46.653816,0],[126.9055576,46.6538205,0]]]}},{"type":"Feature","properties":{"network":"排水","diameter_mm":610,"material":"UNK","depth_m":2.4},"geometry":{"type":"MultiLineString","coordinates":[[[127.0359057,46.6412917,0],[127.0359126,46.6413041,0],[127.0359194,46.6413165,0]]]}},{"type":"Feature","properties":{"network":"排水","diameter_mm":675,"material":"CP","depth_m":2.4},"geometry":{"type":"MultiLineString","coordinates":[[[126.882886,46.5983375,0],[126.8831457,46.598386,0]]]}},{"type":"Feature","properties":{"network":"排水","diameter_mm":675,"material":"CP","depth_m":2.4},"geometry":{"type":"MultiLineString","coordinates":[[[126.8831457,46.598386,0],[126.8832396,46.5984071,0]]]}},{"type":"Feature","properties":{"network":"排水","diameter_mm":1500,"material":"CP","depth_m":2.4},"geometry":{"type":"MultiLineString","coordinates":[[[127.0585105,46.635075,0],[127.058603,46.6337621,0]]]}},{"type":"Feature","properties":{"network":"排水","diameter_mm":750,"material":"UNK","depth_m":2.4},"geometry":{"type":"MultiLineString","coordinates":[[[127.0482658,46.6440473,0],[127.0482828,46.6440522,0],[127.0482998,46.6440571,0]]]}},{"type":"Feature","properties":{"network":"排水","diameter_mm":900,"material":"UNK","depth_m":2.4},"geometry":{"type":"MultiLineString","coordinates":[[[126.9163963,46.6266148,0],[126.9164034,46.6266238,0],[126.9164105,46.6266328,0]]]}},{"type":"Feature","properties":{"network":"排水","diameter_mm":2400,"material":"BR","depth_m":2.4},"geometry":{"type":"MultiLineString","coordinates":[[[127.0100056,46.6299488,0],[127.0110675,46.6301843,0],[127.0112437,46.6302234,0],[127.0113621,46.6302496,0]]]}},{"type":"Feature","properties":{"network":"排水","diameter_mm":900,"material":"CP","depth_m":2.4},"geometry":{"type":"MultiLineString","coordinates":[[[126.8811078,46.6480746,0],[126.8807536,46.6481156,0]]]}},{"type":"Feature","properties":{"network":"排水","diameter_mm":675,"material":"CP","depth_m":2.4},"geometry":{"type":"MultiLineString","coordinates":[[[126.8833122,46.5984464,0],[126.8838523,46.5985724,0]]]}},{"type":"Feature","properties":{"network":"排水","diameter_mm":750,"material":"UNK","depth_m":2.4},"geometry":{"type":"MultiLineString","coordinates":[[[127.053524,46.6448376,0],[127.0535394,46.6448512,0],[127.053558,46.6448573,0],[127.0535773,46.6448637,0],[127.0536003,46.6448627,0]]]}},{"type":"Feature","properties":{"network":"排水","diameter_mm":900,"material":"UNK","depth_m":2.4},"geometry":{"type":"MultiLineString","coordinates":[[[126.9165245,46.6266947,0],[126.916548,46.6266781,0],[126.9165715,46.6266615,0]]]}},{"type":"Feature","properties":{"network":"排水","diameter_mm":600,"material":"UNK","depth_m":2.4},"geometry":{"type":"MultiLineString","coordinates":[[[126.9165293,46.6266602,0],[126.9165504,46.6266609,0],[126.9165715,46.6266615,0]]]}},{"type":"Feature","properties":{"network":"排水","diameter_mm":1200,"material":"UNK","depth_m":2.4},"geometry":{"type":"MultiLineString","coordinates":[[[126.9165096,46.6267157,0],[126.916517,46.6267052,0],[126.9165245,46.6266947,0]]]}},{"type":"Feature","properties":{"network":"排水","diameter_mm":300,"material":"UNK","depth_m":2.4},"geometry":{"type":"MultiLineString","coordinates":[[[126.9163793,46.6271463,0],[126.9163781,46.6271384,0],[126.9163769,46.6271305,0]]]}},{"type":"Feature","properties":{"network":"排水","diameter_mm":300,"material":"UNK","depth_m":2.4},"geometry":{"type":"MultiLineString","coordinates":[[[126.9163966,46.6271375,0],[126.9163879,46.6271419,0],[126.9163793,46.6271463,0]]]}},{"type":"Feature","properties":{"network":"排水","diameter_mm":300,"material":"UNK","depth_m":2.4},"geometry":{"type":"MultiLineString","coordinates":[[[126.9163793,46.6271463,0],[126.9163641,46.627143,0],[126.9163488,46.6271396,0]]]}},{"type":"Feature","properties":{"network":"排水","diameter_mm":300,"material":"UNK","depth_m":2.4},"geometry":{"type":"MultiLineString","coordinates":[[[126.9073149,46.6468638,0],[126.9073095,46.6468572,0],[126.9073042,46.6468505,0],[126.9072932,46.6468367,0]]]}},{"type":"Feature","properties":{"network":"排水","diameter_mm":900,"material":"BR","depth_m":2.4},"geometry":{"type":"MultiLineString","coordinates":[[[126.9163966,46.6271375,0],[126.9165783,46.6267316,0]]]}},{"type":"Feature","properties":{"network":"排水","diameter_mm":900,"material":"UNK","depth_m":2.4},"geometry":{"type":"MultiLineString","coordinates":[[[126.8697967,46.6448548,0],[126.8689169,46.6442103,0]]]}},{"type":"Feature","properties":{"network":"排水","diameter_mm":900,"material":"CP","depth_m":2.4},"geometry":{"type":"MultiLineString","coordinates":[[[126.8715102,46.645785,0],[126.8709432,46.6453787,0]]]}},{"type":"Feature","properties":{"network":"排水","diameter_mm":1500,"material":"BR","depth_m":2.4},"geometry":{"type":"MultiLineString","coordinates":[[[127.0106217,46.6242079,0],[127.0117021,46.6244549,0]]]}},{"type":"Feature","properties":{"network":"排水","diameter_mm":1800,"material":"CP","depth_m":2.4},"geometry":{"type":"MultiLineString","coordinates":[[[126.9732318,46.6946985,0],[126.973957,46.6947959,0],[126.9742574,46.6948017,0]]]}},{"type":"Feature","properties":{"network":"排水","diameter_mm":1950,"material":"UNK","depth_m":2.4},"geometry":{"type":"MultiLineString","coordinates":[[[126.9742574,46.6948017,0],[126.9744359,46.6948168,0],[126.9744996,46.6947698,0]]]}},{"type":"Feature","properties":{"network":"排水","diameter_mm":1500,"material":"CP","depth_m":2.4},"geometry":{"type":"MultiLineString","coordinates":[[[126.9592056,46.6842588,0],[126.9634792,46.6851619,0]]]}},{"type":"Feature","properties":{"network":"排水","diameter_mm":1950,"material":"CP","depth_m":2.4},"geometry":{"type":"MultiLineString","coordinates":[[[126.9578994,46.6911334,0],[126.9581139,46.6911217,0],[126.9581284,46.6911213,0],[126.9581596,46.6911243,0],[126.9582303,46.6911383,0],[126.9583785,46.69117,0],[126.9584931,46.6911937,0],[126.9588426,46.6912674,0],[126.9589016,46.691279,0],[126.9589412,46.6912845,0],[126.9589572,46.6912869,0],[126.958974,46.6912869,0],[126.9590086,46.6912881,0],[126.9590397,46.6912862,0],[126.9591382,46.6912776,0],[126.9592477,46.6912671,0],[126.9593184,46.6912591,0],[126.9593538,46.6912597,0],[126.9593757,46.6912603,0],[126.9593984,46.6912615,0],[126.9594287,46.691267,0],[126.9594624,46.6912737,0],[126.9595054,46.6912828,0],[126.9595668,46.6912962,0],[126.9598254,46.691351,0],[126.9598802,46.6913632,0],[126.9599179,46.6913698,0],[126.9600251,46.6913949,0],[126.9600941,46.6914082,0],[126.9604925,46.6914941,0],[126.9609052,46.6915812,0],[126.9610367,46.6916092,0],[126.9611664,46.6916366,0],[126.9612186,46.6916463,0],[126.9612388,46.6916519,0],[126.961239,46.691652,0],[126.9613087,46.6916707,0],[126.9613509,46.6916896,0],[126.9613829,46.6917073,0],[126.9614082,46.6917244,0],[126.9614351,46.6917464,0],[126.9614638,46.6917739,0],[126.9614925,46.691802,0],[126.961522,46.691827,0],[126.9615582,46.6918521,0],[126.9615911,46.6918698,0],[126.9616467,46.6918899,0],[126.961812,46.6919316,0]]]}},{"type":"Feature","properties":{"network":"排水","diameter_mm":675,"material":"VCP","depth_m":2.4},"geometry":{"type":"MultiLineString","coordinates":[[[127.0437182,46.743296,0],[127.0424652,46.7430283,0]]]}},{"type":"Feature","properties":{"network":"排水","diameter_mm":1200,"material":"BR","depth_m":2.4},"geometry":{"type":"MultiLineString","coordinates":[[[126.9600263,46.6806587,0],[126.9602174,46.6804935,0],[126.9602464,46.6804545,0],[126.9604591,46.6796142,0]]]}},{"type":"Feature","properties":{"network":"排水","diameter_mm":600,"material":"VCP","depth_m":2.4},"geometry":{"type":"MultiLineString","coordinates":[[[127.0398874,46.742479,0],[127.039574,46.7424119,0],[127.0387231,46.7422341,0]]]}},{"type":"Feature","properties":{"network":"排水","diameter_mm":675,"material":"VCP","depth_m":2.4},"geometry":{"type":"MultiLineString","coordinates":[[[127.040695,46.74265,0],[127.0398874,46.742479,0]]]}},{"type":"Feature","properties":{"network":"排水","diameter_mm":1500,"material":"BR","depth_m":2.4},"geometry":{"type":"MultiLineString","coordinates":[[[127.0913027,46.6689256,0],[127.0913054,46.6689434,0],[127.0913073,46.668964,0],[127.091308,46.6689843,0],[127.0913081,46.6690062,0],[127.0913064,46.6690253,0],[127.0908165,46.6703619,0]]]}},{"type":"Feature","properties":{"network":"排水","diameter_mm":1950,"material":"BR","depth_m":2.4},"geometry":{"type":"MultiLineString","coordinates":[[[126.8996098,46.6516242,0],[126.8977284,46.6511787,0],[126.897705,46.6511744,0],[126.8976739,46.651167,0],[126.8976472,46.6511606,0],[126.8976029,46.651148,0],[126.8975846,46.6511403,0]]]}},{"type":"Feature","properties":{"network":"排水","diameter_mm":1800,"material":"CP","depth_m":2.4},"geometry":{"type":"MultiLineString","coordinates":[[[126.941464,46.6688998,0],[126.9414702,46.6688858,0],[126.9414776,46.6688692,0],[126.9414889,46.6688456,0],[126.9415068,46.6688138,0],[126.9415246,46.668787,0],[126.9415411,46.6687649,0],[126.9415617,46.6687404,0],[126.9415899,46.6687108,0],[126.9416083,46.6686935,0],[126.9416298,46.668675,0],[126.9416514,46.6686579,0],[126.9416842,46.6686345,0],[126.9417247,46.6686098,0],[126.9417711,46.6685844,0],[126.9418495,46.6685456,0],[126.9419455,46.6684981,0],[126.9420692,46.6684369,0],[126.9421728,46.6683856,0],[126.9422767,46.6683342,0],[126.9423881,46.668279,0],[126.9424793,46.6682339,0],[126.9425653,46.6681913,0],[126.9427352,46.6681072,0],[126.9429429,46.6680045,0],[126.9430765,46.6679383,0],[126.9433067,46.6678244,0],[126.9438166,46.6675719,0]]]}},{"type":"Feature","properties":{"network":"排水","diameter_mm":1800,"material":"CP","depth_m":2.4},"geometry":{"type":"MultiLineString","coordinates":[[[126.9438166,46.6675719,0],[126.9444558,46.6671441,0],[126.946528,46.6658996,0],[126.9465917,46.6658628,0]]]}},{"type":"Feature","properties":{"network":"排水","diameter_mm":600,"material":"VCP","depth_m":2.4},"geometry":{"type":"MultiLineString","coordinates":[[[127.0375264,46.7419784,0],[127.0365773,46.741777,0]]]}},{"type":"Feature","properties":{"network":"排水","diameter_mm":675,"material":"VCP","depth_m":2.4},"geometry":{"type":"MultiLineString","coordinates":[[[127.0411345,46.7427461,0],[127.040695,46.74265,0]]]}},{"type":"Feature","properties":{"network":"排水","diameter_mm":675,"material":"VCP","depth_m":2.4},"geometry":{"type":"MultiLineString","coordinates":[[[127.0424652,46.7430283,0],[127.0420335,46.7429379,0],[127.0411345,46.7427461,0]]]}},{"type":"Feature","properties":{"network":"排水","diameter_mm":900,"material":"CP","depth_m":2.4},"geometry":{"type":"MultiLineString","coordinates":[[[126.8869451,46.6499636,0],[126.8869749,46.6498884,0]]]}},{"type":"Feature","properties":{"network":"排水","diameter_mm":300,"material":"CP","depth_m":2.4},"geometry":{"type":"MultiLineString","coordinates":[[[126.8866382,46.6506734,0],[126.8867502,46.6504143,0]]]}},{"type":"Feature","properties":{"network":"排水","diameter_mm":600,"material":"VCP","depth_m":2.4},"geometry":{"type":"MultiLineString","coordinates":[[[127.0387231,46.7422341,0],[127.0375264,46.7419784,0]]]}},{"type":"Feature","properties":{"network":"排水","diameter_mm":600,"material":"VCP","depth_m":2.4},"geometry":{"type":"MultiLineString","coordinates":[[[127.0365773,46.741777,0],[127.0359663,46.7416449,0],[127.0352492,46.741492,0]]]}},{"type":"Feature","properties":{"network":"排水","diameter_mm":600,"material":"VCP","depth_m":2.4},"geometry":{"type":"MultiLineString","coordinates":[[[127.0352492,46.741492,0],[127.0340952,46.7412475,0]]]}},{"type":"Feature","properties":{"network":"排水","diameter_mm":675,"material":"VCP","depth_m":2.4},"geometry":{"type":"MultiLineString","coordinates":[[[127.0463268,46.7438484,0],[127.0449993,46.7435689,0]]]}},{"type":"Feature","properties":{"network":"排水","diameter_mm":2600,"material":"CP","depth_m":2.4},"geometry":{"type":"MultiLineString","coordinates":[[[127.0462787,46.743825,0],[127.0429883,46.7431356,0],[127.0420571,46.742937,0],[127.041347,46.7427855,0],[127.0408974,46.7426896,0],[127.040626,46.7426317,0],[127.0399091,46.7424788,0],[127.0395999,46.7424128,0]]]}},{"type":"Feature","properties":{"network":"排水","diameter_mm":1200,"material":"CP","depth_m":2.4},"geometry":{"type":"MultiLineString","coordinates":[[[126.8990395,46.6479283,0],[126.8986713,46.6478478,0],[126.8981919,46.6477446,0],[126.8976448,46.6476268,0],[126.8975922,46.6476155,0]]]}},{"type":"Feature","properties":{"network":"排水","diameter_mm":600,"material":"VCP","depth_m":2.4},"geometry":{"type":"MultiLineString","coordinates":[[[127.0274926,46.737524,0],[127.0270036,46.7371037,0]]]}},{"type":"Feature","properties":{"network":"排水","diameter_mm":600,"material":"VCP","depth_m":2.4},"geometry":{"type":"MultiLineString","coordinates":[[[127.0340952,46.7412475,0],[127.0326739,46.7409437,0]]]}},{"type":"Feature","properties":{"network":"排水","diameter_mm":600,"material":"VCP","depth_m":2.4},"geometry":{"type":"MultiLineString","coordinates":[[[127.0326739,46.7409437,0],[127.0320366,46.7408087,0]]]}},{"type":"Feature","properties":{"network":"排水","diameter_mm":675,"material":"VCP","depth_m":2.4},"geometry":{"type":"MultiLineString","coordinates":[[[127.0449993,46.7435689,0],[127.0437182,46.743296,0]]]}},{"type":"Feature","properties":{"network":"排水","diameter_mm":750,"material":"CP","depth_m":2.4},"geometry":{"type":"MultiLineString","coordinates":[[[127.0812822,46.6408826,0],[127.0809096,46.6407763,0]]]}},{"type":"Feature","properties":{"network":"排水","diameter_mm":750,"material":"CP","depth_m":2.4},"geometry":{"type":"MultiLineString","coordinates":[[[127.0809096,46.6407763,0],[127.079729,46.6405088,0]]]}},{"type":"Feature","properties":{"network":"排水","diameter_mm":900,"material":"CP","depth_m":2.4},"geometry":{"type":"MultiLineString","coordinates":[[[127.0954951,46.6624695,0],[127.0942873,46.6624171,0]]]}},{"type":"Feature","properties":{"network":"排水","diameter_mm":600,"material":"UNK","depth_m":2.4},"geometry":{"type":"MultiLineString","coordinates":[[[126.8672252,46.6143614,0],[126.8675351,46.6141736,0]]]}},{"type":"Feature","properties":{"network":"排水","diameter_mm":1200,"material":"BR","depth_m":2.4},"geometry":{"type":"MultiLineString","coordinates":[[[126.9604591,46.6796142,0],[126.9607368,46.6785429,0]]]}},{"type":"Feature","properties":{"network":"排水","diameter_mm":1200,"material":"BR","depth_m":2.4},"geometry":{"type":"MultiLineString","coordinates":[[[126.9607368,46.6785429,0],[126.9609835,46.6775436,0]]]}},{"type":"Feature","properties":{"network":"排水","diameter_mm":900,"material":"CP","depth_m":2.4},"geometry":{"type":"MultiLineString","coordinates":[[[127.0936232,46.6623883,0],[127.0917761,46.662322,0]]]}},{"type":"Feature","properties":{"network":"排水","diameter_mm":900,"material":"CP","depth_m":2.4},"geometry":{"type":"MultiLineString","coordinates":[[[126.8873624,46.6489127,0],[126.8874288,46.6487426,0]]]}},{"type":"Feature","properties":{"network":"排水","diameter_mm":2700,"material":"BR","depth_m":2.4},"geometry":{"type":"MultiLineString","coordinates":[[[127.0330517,46.6379582,0],[127.0334618,46.6380481,0],[127.0334795,46.6380367,0]]]}},{"type":"Feature","properties":{"network":"排水","diameter_mm":1350,"material":"BR","depth_m":2.4},"geometry":{"type":"MultiLineString","coordinates":[[[127.0917485,46.6623168,0],[127.0911522,46.6640341,0]]]}},{"type":"Feature","properties":{"network":"排水","diameter_mm":1350,"material":"BR","depth_m":2.4},"geometry":{"type":"MultiLineString","coordinates":[[[126.9556928,46.6135419,0],[126.9581789,46.6140367,0]]]}},{"type":"Feature","properties":{"network":"排水","diameter_mm":900,"material":"CP","depth_m":2.4},"geometry":{"type":"MultiLineString","coordinates":[[[127.0942873,46.6624171,0],[127.0941555,46.6624114,0],[127.0939379,46.6624019,0],[127.0936232,46.6623883,0]]]}},{"type":"Feature","properties":{"network":"排水","diameter_mm":3000,"material":"BR","depth_m":2.4},"geometry":{"type":"MultiLineString","coordinates":[[[127.0495978,46.6408856,0],[127.0512238,46.6409754,0]]]}},{"type":"Feature","properties":{"network":"排水","diameter_mm":3000,"material":"BR","depth_m":2.4},"geometry":{"type":"MultiLineString","coordinates":[[[127.0512238,46.6409754,0],[127.0525718,46.6410348,0]]]}},{"type":"Feature","properties":{"network":"排水","diameter_mm":3000,"material":"CP","depth_m":2.4},"geometry":{"type":"MultiLineString","coordinates":[[[127.0543029,46.6400495,0],[127.0546507,46.6392659,0]]]}},{"type":"Feature","properties":{"network":"排水","diameter_mm":2388,"material":"CP","depth_m":2.4},"geometry":{"type":"MultiLineString","coordinates":[[[127.0546507,46.6392659,0],[127.0548783,46.6387585,0],[127.0548878,46.6387361,0],[127.0548948,46.6387204,0],[127.0549039,46.6387058,0],[127.054912,46.6386937,0],[127.0549237,46.6386798,0],[127.0549378,46.6386686,0],[127.0549602,46.6386554,0],[127.0549867,46.6386431,0],[127.0550271,46.638628,0],[127.0550308,46.6386268,0],[127.0550547,46.6386189,0],[127.055106,46.638606,0],[127.055139,46.6386007,0],[127.0551746,46.6385976,0],[127.0551941,46.6385968,0],[127.0552065,46.6385975,0],[127.0552409,46.6386002,0],[127.0552912,46.6386067,0],[127.0553676,46.6386227,0],[127.0554263,46.6386368,0],[127.055459,46.6386418,0],[127.0555024,46.638644,0],[127.0555274,46.6386423,0],[127.0555455,46.6386397,0],[127.0555957,46.6386282,0],[127.0558014,46.638552,0]]]}},{"type":"Feature","properties":{"network":"排水","diameter_mm":2388,"material":"CP","depth_m":2.4},"geometry":{"type":"MultiLineString","coordinates":[[[127.0558014,46.638552,0],[127.0569518,46.6379702,0]]]}},{"type":"Feature","properties":{"network":"排水","diameter_mm":2250,"material":"BR","depth_m":2.4},"geometry":{"type":"MultiLineString","coordinates":[[[127.0357834,46.6667523,0],[127.0357842,46.6667587,0],[127.0351619,46.6683026,0],[127.0351526,46.6683254,0],[127.0351491,46.6683388,0],[127.0351458,46.6683518,0],[127.0351423,46.6683726,0],[127.0351404,46.6683953,0],[127.0351422,46.6684191,0],[127.0351447,46.6684333,0],[127.0351493,46.6684489,0],[127.0351556,46.6684665,0],[127.035163,46.6684803,0],[127.0351834,46.6685063,0],[127.0352875,46.6686261,0],[127.0352972,46.6686408,0],[127.035312,46.6686645,0],[127.0353196,46.6686781,0],[127.0353253,46.6686929,0],[127.0353305,46.6687061,0],[127.0353341,46.6687307,0],[127.0353353,46.6687527,0],[127.0353345,46.6687765,0],[127.0353324,46.6687966,0],[127.0353262,46.668828,0],[127.0353228,46.6688426,0],[127.0353167,46.668865,0],[127.0353109,46.6688849,0],[127.0353036,46.6689008,0],[127.0352936,46.6689219,0],[127.035235,46.6690542,0]]]}},{"type":"Feature","properties":{"network":"排水","diameter_mm":600,"material":"CP","depth_m":2.4},"geometry":{"type":"MultiLineString","coordinates":[[[127.0014805,46.6463543,0],[127.0015222,46.6462701,0]]]}},{"type":"Feature","properties":{"network":"排水","diameter_mm":2388,"material":"CP","depth_m":2.4},"geometry":{"type":"MultiLineString","coordinates":[[[127.0569518,46.6379702,0],[127.0579111,46.6375081,0],[127.0579522,46.6374941,0],[127.0580025,46.6374829,0],[127.0580562,46.6374789,0],[127.0580854,46.63748,0],[127.0584328,46.637538,0]]]}},{"type":"Feature","properties":{"network":"排水","diameter_mm":2250,"material":"UNK","depth_m":2.4},"geometry":{"type":"MultiLineString","coordinates":[[[127.0584328,46.637538,0],[127.0587405,46.6374517,0]]]}},{"type":"Feature","properties":{"network":"排水","diameter_mm":300,"material":"CP","depth_m":2.4},"geometry":{"type":"MultiLineString","coordinates":[[[126.8841587,46.6648051,0],[126.8837968,46.6644259,0]]]}},{"type":"Feature","properties":{"network":"排水","diameter_mm":375,"material":"CP","depth_m":2.4},"geometry":{"type":"MultiLineString","coordinates":[[[126.8848156,46.6655105,0],[126.8846147,46.665295,0],[126.8843058,46.6649679,0]]]}},{"type":"Feature","properties":{"network":"排水","diameter_mm":1650,"material":"CI","depth_m":2.4},"geometry":{"type":"MultiLineString","coordinates":[[[127.0200889,46.6342303,0],[127.0201535,46.634236,0],[127.020257,46.634278,0],[127.0206495,46.6344763,0],[127.0215656,46.6349359,0],[127.0216165,46.6349541,0]]]}},{"type":"Feature","properties":{"network":"排水","diameter_mm":2700,"material":"BR","depth_m":2.4},"geometry":{"type":"MultiLineString","coordinates":[[[127.0216165,46.6349541,0],[127.0216312,46.6349696,0],[127.0231854,46.6353008,0]]]}},{"type":"Feature","properties":{"network":"排水","diameter_mm":2700,"material":"BR","depth_m":2.4},"geometry":{"type":"MultiLineString","coordinates":[[[127.0231854,46.6353008,0],[127.0240254,46.6354856,0],[127.0241442,46.6355118,0]]]}},{"type":"Feature","properties":{"network":"排水","diameter_mm":2825,"material":"BR","depth_m":2.4},"geometry":{"type":"MultiLineString","coordinates":[[[127.036969,46.6386717,0],[127.0370105,46.6386809,0],[127.038737,46.6390624,0]]]}},{"type":"Feature","properties":{"network":"排水","diameter_mm":2700,"material":"BR","depth_m":2.4},"geometry":{"type":"MultiLineString","coordinates":[[[127.0359329,46.6384046,0],[127.036969,46.6386717,0]]]}},{"type":"Feature","properties":{"network":"排水","diameter_mm":2700,"material":"BR","depth_m":2.4},"geometry":{"type":"MultiLineString","coordinates":[[[127.0321368,46.6377368,0],[127.0321755,46.6377579,0],[127.0330156,46.6379503,0],[127.0330517,46.6379582,0]]]}},{"type":"Feature","properties":{"network":"排水","diameter_mm":2700,"material":"BR","depth_m":2.4},"geometry":{"type":"MultiLineString","coordinates":[[[127.0290031,46.6366659,0],[127.0300986,46.6369196,0]]]}},{"type":"Feature","properties":{"network":"排水","diameter_mm":1800,"material":"CP","depth_m":2.4},"geometry":{"type":"MultiLineString","coordinates":[[[126.8652318,46.6479398,0],[126.8652141,46.6479176,0],[126.8647703,46.6473615,0],[126.8647305,46.647302,0],[126.86471,46.6472622,0],[126.8646921,46.6472171,0],[126.8646836,46.6471889,0],[126.8646802,46.6471756,0],[126.8646719,46.6471279,0],[126.8646698,46.6471053,0],[126.8646692,46.6470661,0],[126.8647681,46.645034,0]]]}},{"type":"Feature","properties":{"network":"排水","diameter_mm":1800,"material":"CP","depth_m":2.4},"geometry":{"type":"MultiLineString","coordinates":[[[126.8650925,46.6433926,0],[126.8651026,46.6433376,0],[126.8651138,46.6432928,0],[126.8651335,46.6432439,0],[126.8651559,46.6431991,0],[126.865184,46.6431583,0],[126.8652232,46.6431074,0],[126.8652646,46.6430639,0],[126.8655882,46.6427549,0],[126.8656553,46.6426858,0],[126.8656974,46.6426206,0],[126.8657395,46.6425452,0],[126.8657592,46.6425004,0],[126.8657695,46.6424676,0],[126.8658261,46.6422569,0]]]}},{"type":"Feature","properties":{"network":"排水","diameter_mm":2850,"material":"CP","depth_m":2.4},"geometry":{"type":"MultiLineString","coordinates":[[[126.9465917,46.6658628,0],[126.946643,46.6658311,0],[126.9466536,46.6658246,0],[126.9466945,46.6657924,0],[126.9467285,46.6657626,0],[126.9467661,46.6657222,0],[126.9467897,46.6656935,0],[126.946808,46.6656702,0],[126.9468297,46.6656384,0],[126.9468504,46.6656083,0],[126.9468647,46.6655847,0],[126.9468794,46.6655551,0],[126.9468922,46.6655275,0],[126.946904,46.6654923,0],[126.9469249,46.6654151,0],[126.9469458,46.6653429,0]]]}},{"type":"Feature","properties":{"network":"排水","diameter_mm":1650,"material":"CP","depth_m":2.4},"geometry":{"type":"MultiLineString","coordinates":[[[126.8874008,46.6482611,0],[126.8873561,46.6482484,0],[126.8873375,46.6482435,0],[126.8873149,46.6482384,0],[126.8872926,46.6482356,0],[126.8872702,46.6482336,0],[126.8872403,46.6482292,0],[126.8872186,46.6482285,0],[126.8871998,46.6482288,0],[126.8871743,46.6482293,0],[126.8871447,46.6482297,0],[126.8871118,46.6482326,0],[126.8870551,46.6482412,0],[126.8870158,46.6482464,0],[126.8851575,46.6485141,0]]]}},{"type":"Feature","properties":{"network":"排水","diameter_mm":1650,"material":"CP","depth_m":2.4},"geometry":{"type":"MultiLineString","coordinates":[[[126.8814686,46.6487579,0],[126.8813605,46.6487381,0],[126.8813206,46.648732,0],[126.8812721,46.6487235,0],[126.8811829,46.6487083,0],[126.881176,46.6487071,0],[126.881108,46.6486955,0],[126.881024,46.6486812,0],[126.8809049,46.6486609,0],[126.8808589,46.6486531,0],[126.880772,46.6486383,0],[126.8807551,46.6486354,0],[126.8805599,46.6486022,0],[126.880542,46.6485991,0],[126.8805417,46.6485991,0],[126.8804725,46.6485873,0],[126.8803496,46.6485667,0],[126.8801769,46.6485379,0],[126.8801001,46.648526,0],[126.8800714,46.6485235,0],[126.8800435,46.6485243,0]]]}},{"type":"Feature","properties":{"network":"排水","diameter_mm":1350,"material":"CP","depth_m":2.4},"geometry":{"type":"MultiLineString","coordinates":[[[126.8906728,46.6497659,0],[126.8906443,46.6497477,0],[126.8906209,46.649729,0],[126.8906066,46.6497136,0],[126.890588,46.6496872,0],[126.8905782,46.6496648,0],[126.8905706,46.6496454,0],[126.8905676,46.6496161,0],[126.8905706,46.6495868,0],[126.8905743,46.6495558,0],[126.8905777,46.6494995,0],[126.8905852,46.6494069,0],[126.8905857,46.6493845,0],[126.8905811,46.6493573,0],[126.8905712,46.6493312,0],[126.8905475,46.649296,0],[126.8905124,46.6492642,0],[126.890484,46.6492456,0],[126.8904474,46.6492303,0],[126.8904208,46.6492214,0]]]}},{"type":"Feature","properties":{"network":"排水","diameter_mm":1650,"material":"CP","depth_m":2.4},"geometry":{"type":"MultiLineString","coordinates":[[[126.8692197,46.6449773,0],[126.8674517,46.6441227,0],[126.8673508,46.6440718,0],[126.8672914,46.6440421,0],[126.8672287,46.6440108,0],[126.8671851,46.6439896,0],[126.8671405,46.6439662,0],[126.8671193,46.6439547,0],[126.8671,46.6439449,0],[126.8670923,46.6439413,0],[126.8670808,46.6439352,0],[126.8670733,46.6439312,0],[126.867065,46.6439262,0],[126.8670524,46.6439208,0],[126.8670305,46.6439093,0],[126.8669379,46.6438625,0],[126.8668829,46.64383,0],[126.8668124,46.6437867,0],[126.8667378,46.6437333,0],[126.866617,46.6436467,0],[126.8665257,46.6435793,0]]]}},{"type":"Feature","properties":{"network":"排水","diameter_mm":900,"material":"CP","depth_m":2.4},"geometry":{"type":"MultiLineString","coordinates":[[[126.888823,46.6464291,0],[126.8888197,46.646433,0],[126.8882929,46.6469739,0],[126.8882849,46.6469821,0],[126.8882787,46.6469918,0],[126.8881995,46.647161,0]]]}},{"type":"Feature","properties":{"network":"排水","diameter_mm":1800,"material":"CP","depth_m":2.4},"geometry":{"type":"MultiLineString","coordinates":[[[126.9056055,46.6538482,0],[126.905612,46.6538311,0],[126.9055906,46.6538181,0],[126.905564,46.653802,0],[126.9055492,46.6538066,0]]]}},{"type":"Feature","properties":{"network":"排水","diameter_mm":2475,"material":"CP","depth_m":2.4},"geometry":{"type":"MultiLineString","coordinates":[[[127.0447333,46.6741267,0],[127.0439842,46.6732735,0],[127.0439302,46.6731977,0],[127.0438918,46.6731334,0],[127.0438576,46.6730698,0],[127.0438188,46.6729787,0],[127.0437799,46.6728541,0],[127.0437632,46.6727719,0],[127.0437527,46.6726819,0],[127.043752,46.6725969,0],[127.0437602,46.6725036,0],[127.0437751,46.6724047,0],[127.0438079,46.6722973,0],[127.0438438,46.6722088,0],[127.0439023,46.6720925,0],[127.0439748,46.6719804,0],[127.044063,46.6718741,0],[127.0441435,46.6717921,0],[127.0442765,46.6716736,0],[127.0444461,46.6715325,0],[127.0445495,46.6714568,0],[127.0445999,46.6714243,0],[127.0446569,46.6713887,0],[127.0447248,46.6713519,0],[127.0447928,46.6713172,0],[127.0448718,46.671282,0],[127.044943,46.6712537,0],[127.0450694,46.6712081,0],[127.045221,46.6711627,0],[127.0453601,46.6711372,0],[127.0455045,46.6711138,0],[127.0456637,46.6710981,0],[127.0458153,46.6710935,0],[127.0459417,46.6710969,0],[127.046073,46.6711086,0],[127.0462011,46.6711246,0],[127.046291,46.6711425,0],[127.046405,46.6711662,0],[127.0464257,46.6711823,0],[127.046445,46.6711914,0],[127.0464668,46.671194,0],[127.0464924,46.6711939,0]]]}},{"type":"Feature","properties":{"network":"排水","diameter_mm":2600,"material":"CP","depth_m":2.4},"geometry":{"type":"MultiLineString","coordinates":[[[126.8665924,46.6362918,0],[126.8667827,46.6361711,0],[126.8668804,46.6360969,0],[126.8669779,46.6360029,0],[126.8670506,46.6359124,0],[126.8671032,46.6358274,0],[126.8671292,46.6357731,0],[126.8678472,46.6343428,0],[126.8678577,46.6343242,0],[126.8678799,46.6342847,0],[126.8679133,46.6342346,0],[126.8679583,46.6341765,0],[126.868025,46.6341045,0],[126.8683325,46.6338178,0],[126.8691011,46.6330127,0],[126.8691604,46.6329583,0],[126.8696299,46.6325283,0],[126.8702125,46.6319527,0],[126.870317,46.6318595,0],[126.8706807,46.631165,0],[126.8710832,46.6302672,0],[126.871347,46.6297892,0],[126.8714016,46.6296224,0],[126.8714127,46.6294834,0],[126.8713951,46.629052,0],[126.8713532,46.6276468,0]]]}},{"type":"Feature","properties":{"network":"排水","diameter_mm":1650,"material":"CP","depth_m":2.4},"geometry":{"type":"MultiLineString","coordinates":[[[126.8538443,46.674065,0],[126.8538961,46.6740422,0],[126.8539335,46.6740069,0],[126.855491,46.6717467,0],[126.8555321,46.6717064,0],[126.8555808,46.6716816,0],[126.8564888,46.6713599,0]]]}},{"type":"Feature","properties":{"network":"排水","diameter_mm":600,"material":"CP","depth_m":2.4},"geometry":{"type":"MultiLineString","coordinates":[[[126.8718983,46.6092875,0],[126.8720915,46.6090985,0]]]}},{"type":"Feature","properties":{"network":"排水","diameter_mm":1050,"material":"CP","depth_m":2.4},"geometry":{"type":"MultiLineString","coordinates":[[[126.9164121,46.7453553,0],[126.9165256,46.745245,0],[126.91672,46.7450586,0],[126.916787,46.7449995,0],[126.9168555,46.7449664,0],[126.9169122,46.7449543,0],[126.9169634,46.7449523,0],[126.9170063,46.7449593,0],[126.9170542,46.744966,0]]]}},{"type":"Feature","properties":{"network":"排水","diameter_mm":300,"material":"PE","depth_m":2.4},"geometry":{"type":"MultiLineString","coordinates":[[[126.9967482,46.6190395,0],[126.9967542,46.6190281,0],[126.9968178,46.6190416,0],[126.9968445,46.61903,0],[126.9969674,46.619056,0],[126.9969853,46.6190598,0],[126.9970064,46.6190643,0]]]}},{"type":"Feature","properties":{"network":"排水","diameter_mm":900,"material":"UNK","depth_m":2.4},"geometry":{"type":"MultiLineString","coordinates":[[[127.0200889,46.6342303,0],[127.0201001,46.6342256,0],[127.0201422,46.634212,0],[127.0203144,46.6342404,0]]]}},{"type":"Feature","properties":{"network":"排水","diameter_mm":1350,"material":"BR","depth_m":2.4},"geometry":{"type":"MultiLineString","coordinates":[[[126.9496454,46.6103357,0],[126.9496943,46.6103832,0],[126.949722,46.6103984,0],[126.9497599,46.6104124,0],[126.9505652,46.61057,0]]]}},{"type":"Feature","properties":{"network":"排水","diameter_mm":1350,"material":"BR","depth_m":2.4},"geometry":{"type":"MultiLineString","coordinates":[[[126.9505652,46.61057,0],[126.9518663,46.6108424,0]]]}},{"type":"Feature","properties":{"network":"排水","diameter_mm":1350,"material":"BR","depth_m":2.4},"geometry":{"type":"MultiLineString","coordinates":[[[126.9518663,46.6108424,0],[126.9520103,46.610872,0],[126.9522082,46.6108564,0],[126.9522261,46.6108564,0],[126.9531552,46.6110487,0]]]}},{"type":"Feature","properties":{"network":"排水","diameter_mm":1200,"material":"BR","depth_m":2.4},"geometry":{"type":"MultiLineString","coordinates":[[[126.9302584,46.6118401,0],[126.9302635,46.6118363,0],[126.9302763,46.6118094,0],[126.930289,46.611784,0],[126.9303022,46.6117615,0],[126.9303163,46.6117383,0],[126.9303391,46.6117062,0],[126.9303664,46.6116723,0],[126.9303897,46.6116477,0],[126.9304039,46.6116333,0],[126.9304398,46.6116049,0],[126.9304576,46.6115935,0],[126.9304799,46.6115813,0],[126.9305585,46.6115464,0]]]}},{"type":"Feature","properties":{"network":"排水","diameter_mm":1350,"material":"BR","depth_m":2.4},"geometry":{"type":"MultiLineString","coordinates":[[[126.9581789,46.6140367,0],[126.9583965,46.6140832,0],[126.9584197,46.6140937,0],[126.9584458,46.614114,0],[126.9584655,46.6141456,0],[126.9584982,46.614195,0],[126.9585312,46.6142296,0],[126.9585715,46.6142478,0],[126.9591019,46.6143599,0]]]}},{"type":"Feature","properties":{"network":"排水","diameter_mm":1050,"material":"CP","depth_m":2.4},"geometry":{"type":"MultiLineString","coordinates":[[[126.8637798,46.6970921,0],[126.8638001,46.6970908,0],[126.8638068,46.6970904,0],[126.8638145,46.6970897,0],[126.8638218,46.6970888,0],[126.8638299,46.6970875,0],[126.8638382,46.6970859,0],[126.8638436,46.6970846,0],[126.8638497,46.697083,0],[126.8638559,46.6970811,0],[126.8638614,46.6970793,0],[126.8638739,46.6970744,0],[126.8648903,46.6966655,0],[126.8648998,46.6966617,0],[126.8656653,46.6963538,0]]]}},{"type":"Feature","properties":{"network":"排水","diameter_mm":1350,"material":"BR","depth_m":2.4},"geometry":{"type":"MultiLineString","coordinates":[[[126.9591019,46.6143599,0],[126.9609957,46.6147383,0]]]}},{"type":"Feature","properties":{"network":"排水","diameter_mm":1350,"material":"BR","depth_m":2.4},"geometry":{"type":"MultiLineString","coordinates":[[[126.9609957,46.6147383,0],[126.9611806,46.6147778,0],[126.9627742,46.6150945,0]]]}},{"type":"Feature","properties":{"network":"排水","diameter_mm":1350,"material":"BR","depth_m":2.4},"geometry":{"type":"MultiLineString","coordinates":[[[126.9627742,46.6150945,0],[126.9641794,46.6153768,0]]]}},{"type":"Feature","properties":{"network":"排水","diameter_mm":1350,"material":"BR","depth_m":2.4},"geometry":{"type":"MultiLineString","coordinates":[[[126.9641794,46.6153768,0],[126.9642576,46.6153898,0],[126.9642742,46.6153926,0],[126.9643686,46.6154084,0]]]}},{"type":"Feature","properties":{"network":"排水","diameter_mm":1350,"material":"BR","depth_m":2.4},"geometry":{"type":"MultiLineString","coordinates":[[[126.9643686,46.6154084,0],[126.9653943,46.6156215,0]]]}},{"type":"Feature","properties":{"network":"排水","diameter_mm":2400,"material":"CP","depth_m":2.4},"geometry":{"type":"MultiLineString","coordinates":[[[127.0113621,46.6302496,0],[127.0113758,46.6302527,0],[127.0126468,46.6305351,0]]]}},{"type":"Feature","properties":{"network":"排水","diameter_mm":2400,"material":"CP","depth_m":2.4},"geometry":{"type":"MultiLineString","coordinates":[[[127.0126468,46.6305351,0],[127.0138292,46.6307808,0],[127.0138606,46.6307881,0],[127.0138956,46.630799,0],[127.0139261,46.6308115,0],[127.0139518,46.6308244,0],[127.013972,46.6308358,0],[127.0139912,46.6308479,0],[127.0140008,46.6308551,0],[127.0140074,46.6308601,0]]]}},{"type":"Feature","properties":{"network":"排水","diameter_mm":1050,"material":"CP","depth_m":2.4},"geometry":{"type":"MultiLineString","coordinates":[[[126.8610548,46.6780426,0],[126.8611743,46.677783,0],[126.8611745,46.6777827,0],[126.8612591,46.6775861,0]]]}},{"type":"Feature","properties":{"network":"排水","diameter_mm":600,"material":"CP","depth_m":2.4},"geometry":{"type":"MultiLineString","coordinates":[[[126.8720915,46.6090985,0],[126.8724964,46.6087357,0]]]}},{"type":"Feature","properties":{"network":"排水","diameter_mm":1200,"material":"BR","depth_m":2.4},"geometry":{"type":"MultiLineString","coordinates":[[[126.9401684,46.6075639,0],[126.9413117,46.6072784,0]]]}},{"type":"Feature","properties":{"network":"排水","diameter_mm":1200,"material":"CP","depth_m":2.4},"geometry":{"type":"MultiLineString","coordinates":[[[127.0189195,46.6720456,0],[127.0198117,46.6714525,0],[127.0198253,46.6714435,0],[127.0198428,46.671431,0]]]}},{"type":"Feature","properties":{"network":"排水","diameter_mm":2550,"material":"CP","depth_m":2.4},"geometry":{"type":"MultiLineString","coordinates":[[[127.0211782,46.6307765,0],[127.0213531,46.6308395,0]]]}},{"type":"Feature","properties":{"network":"排水","diameter_mm":1200,"material":"BR","depth_m":2.4},"geometry":{"type":"MultiLineString","coordinates":[[[126.9413117,46.6072784,0],[126.9414287,46.6072584,0],[126.9427705,46.6070294,0]]]}},{"type":"Feature","properties":{"network":"排水","diameter_mm":1200,"material":"BR","depth_m":2.4},"geometry":{"type":"MultiLineString","coordinates":[[[126.9427705,46.6070294,0],[126.9429434,46.607012,0],[126.9437842,46.6069276,0]]]}},{"type":"Feature","properties":{"network":"排水","diameter_mm":900,"material":"CP","depth_m":2.4},"geometry":{"type":"MultiLineString","coordinates":[[[126.8623016,46.5720991,0],[126.8611961,46.5718566,0]]]}},{"type":"Feature","properties":{"network":"排水","diameter_mm":900,"material":"CP","depth_m":2.4},"geometry":{"type":"MultiLineString","coordinates":[[[126.8592976,46.5714409,0],[126.859177,46.5714154,0]]]}},{"type":"Feature","properties":{"network":"排水","diameter_mm":900,"material":"CP","depth_m":2.4},"geometry":{"type":"MultiLineString","coordinates":[[[126.8602333,46.5716461,0],[126.8592976,46.5714409,0]]]}},{"type":"Feature","properties":{"network":"排水","diameter_mm":900,"material":"CP","depth_m":2.4},"geometry":{"type":"MultiLineString","coordinates":[[[126.876625,46.5754206,0],[126.8767217,46.5752323,0]]]}},{"type":"Feature","properties":{"network":"排水","diameter_mm":675,"material":"CP","depth_m":2.4},"geometry":{"type":"MultiLineString","coordinates":[[[126.8771283,46.5742479,0],[126.8774378,46.5734993,0]]]}},{"type":"Feature","properties":{"network":"排水","diameter_mm":1200,"material":"CP","depth_m":2.4},"geometry":{"type":"MultiLineString","coordinates":[[[127.0213531,46.6308395,0],[127.0215025,46.6308937,0]]]}},{"type":"Feature","properties":{"network":"排水","diameter_mm":3800,"material":"CP","depth_m":2.4},"geometry":{"type":"MultiLineString","coordinates":[[[127.0391938,46.6280649,0],[127.0390267,46.6282667,0]]]}},{"type":"Feature","properties":{"network":"排水","diameter_mm":2550,"material":"CP","depth_m":2.4},"geometry":{"type":"MultiLineString","coordinates":[[[127.0390267,46.6282667,0],[127.0388942,46.6284308,0]]]}},{"type":"Feature","properties":{"network":"排水","diameter_mm":1200,"material":"BR","depth_m":2.4},"geometry":{"type":"MultiLineString","coordinates":[[[126.9343092,46.6100471,0],[126.9348857,46.6097537,0],[126.9350591,46.6096655,0]]]}},{"type":"Feature","properties":{"network":"排水","diameter_mm":1200,"material":"BR","depth_m":2.4},"geometry":{"type":"MultiLineString","coordinates":[[[126.9350591,46.6096655,0],[126.9366132,46.6089895,0]]]}},{"type":"Feature","properties":{"network":"排水","diameter_mm":1350,"material":"BR","depth_m":2.4},"geometry":{"type":"MultiLineString","coordinates":[[[126.95438,46.6121611,0],[126.9543769,46.6121772,0],[126.9540451,46.613087,0]]]}},{"type":"Feature","properties":{"network":"排水","diameter_mm":600,"material":"SP","depth_m":2.4},"geometry":{"type":"MultiLineString","coordinates":[[[127.0176498,46.6880439,0],[127.0179206,46.6881056,0]]]}},{"type":"Feature","properties":{"network":"排水","diameter_mm":1350,"material":"BR","depth_m":2.4},"geometry":{"type":"MultiLineString","coordinates":[[[126.9540451,46.613087,0],[126.9540302,46.6131044,0],[126.9540255,46.6131117,0],[126.9540219,46.613118,0],[126.9540194,46.6131236,0],[126.9540161,46.6131429,0],[126.9540151,46.6131611,0],[126.954019,46.6131783,0],[126.9540268,46.6131966,0],[126.9540366,46.6132113,0],[126.95405,46.6132221,0],[126.9540621,46.6132312,0],[126.9540814,46.6132424,0],[126.9541012,46.6132519,0],[126.9541249,46.6132589,0],[126.9541519,46.6132666,0],[126.9548572,46.6133997,0],[126.954873,46.6134006,0],[126.9549229,46.6134037,0],[126.9549683,46.6134059,0],[126.9550186,46.6134101,0],[126.955375,46.6134786,0]]]}},{"type":"Feature","properties":{"network":"排水","diameter_mm":1350,"material":"BR","depth_m":2.4},"geometry":{"type":"MultiLineString","coordinates":[[[126.955375,46.6134786,0],[126.9556928,46.6135419,0]]]}},{"type":"Feature","properties":{"network":"排水","diameter_mm":1050,"material":"CP","depth_m":2.4},"geometry":{"type":"MultiLineString","coordinates":[[[127.0675602,46.6371264,0],[127.067504,46.6371038,0]]]}},{"type":"Feature","properties":{"network":"排水","diameter_mm":1200,"material":"BR","depth_m":2.4},"geometry":{"type":"MultiLineString","coordinates":[[[126.8633079,46.6741781,0],[126.8633142,46.6741645,0],[126.8633326,46.6741246,0],[126.8634285,46.6739166,0],[126.8634889,46.6737843,0],[126.8635836,46.6735711,0],[126.8636532,46.6734145,0],[126.8637243,46.6732546,0],[126.86377,46.6731472,0],[126.8637895,46.6731047,0],[126.8638052,46.6730557,0],[126.8638076,46.6730335,0],[126.8638056,46.6729915,0],[126.8637938,46.6729393,0],[126.8637533,46.6728784,0],[126.8637018,46.672802,0],[126.8636529,46.6727294,0],[126.8635778,46.6726181,0],[126.8635007,46.6725039,0],[126.8634363,46.6724085,0],[126.863386,46.6723338,0]]]}},{"type":"Feature","properties":{"network":"排水","diameter_mm":1200,"material":"CP","depth_m":2.4},"geometry":{"type":"MultiLineString","coordinates":[[[126.8900199,46.6475373,0],[126.8899358,46.6475483,0],[126.8899084,46.6475529,0],[126.8898751,46.6475581,0],[126.8898401,46.6475666,0],[126.8898145,46.6475782,0],[126.8898136,46.6475787,0],[126.8897898,46.6475925,0],[126.8897859,46.6475954,0],[126.8897585,46.6476159,0],[126.8897404,46.6476393,0],[126.8897197,46.6476798,0],[126.8896663,46.6477853,0],[126.8896164,46.6478883,0],[126.8895337,46.6480589,0],[126.8894984,46.6481315,0]]]}},{"type":"Feature","properties":{"network":"排水","diameter_mm":900,"material":"CP","depth_m":2.4},"geometry":{"type":"MultiLineString","coordinates":[[[126.8865203,46.6482265,0],[126.885466,46.6483779,0],[126.8852957,46.6484148,0],[126.8852499,46.6484222,0],[126.8852195,46.648424,0],[126.8851832,46.6484173,0]]]}},{"type":"Feature","properties":{"network":"排水","diameter_mm":1200,"material":"CP","depth_m":2.4},"geometry":{"type":"MultiLineString","coordinates":[[[127.0244911,46.6297311,0],[127.0233924,46.629101,0]]]}},{"type":"Feature","properties":{"network":"排水","diameter_mm":2650,"material":"CP","depth_m":2.4},"geometry":{"type":"MultiLineString","coordinates":[[[127.0447941,46.6742282,0],[127.0447974,46.6742184,0],[127.0447983,46.6742141,0],[127.0447988,46.6742087,0],[127.044798,46.6742024,0],[127.0447953,46.6741953,0],[127.0447333,46.6741267,0]]]}},{"type":"Feature","properties":{"network":"排水","diameter_mm":900,"material":"CP","depth_m":2.4},"geometry":{"type":"MultiLineString","coordinates":[[[126.8881995,46.647161,0],[126.8881199,46.6473122,0],[126.8879118,46.6477941,0],[126.8878287,46.6480041,0],[126.8878191,46.6480312,0]]]}},{"type":"Feature","properties":{"network":"排水","diameter_mm":1200,"material":"BR","depth_m":2.4},"geometry":{"type":"MultiLineString","coordinates":[[[126.9609835,46.6775436,0],[126.9612427,46.6765533,0]]]}},{"type":"Feature","properties":{"network":"排水","diameter_mm":750,"material":"CP","depth_m":2.4},"geometry":{"type":"MultiLineString","coordinates":[[[126.884008,46.6027442,0],[126.8843392,46.6019041,0]]]}},{"type":"Feature","properties":{"network":"排水","diameter_mm":1950,"material":"CP","depth_m":2.4},"geometry":{"type":"MultiLineString","coordinates":[[[126.961812,46.6919316,0],[126.9621678,46.692,0],[126.9623479,46.6920393,0],[126.9629113,46.6921599,0],[126.9636583,46.6923173,0],[126.9646036,46.6925165,0],[126.9646701,46.6925331,0],[126.9647052,46.6925515,0],[126.9647959,46.6926093,0],[126.9648116,46.6926242,0],[126.964837,46.6926523,0],[126.9650186,46.6928425,0],[126.9651291,46.6929466,0]]]}},{"type":"Feature","properties":{"network":"排水","diameter_mm":1200,"material":"BR","depth_m":2.4},"geometry":{"type":"MultiLineString","coordinates":[[[126.9623286,46.6767775,0],[126.9633836,46.6770017,0]]]}},{"type":"Feature","properties":{"network":"排水","diameter_mm":750,"material":"CP","depth_m":2.4},"geometry":{"type":"MultiLineString","coordinates":[[[126.9181072,46.7525427,0],[126.9179489,46.7513076,0]]]}},{"type":"Feature","properties":{"network":"排水","diameter_mm":1950,"material":"CP","depth_m":2.4},"geometry":{"type":"MultiLineString","coordinates":[[[126.9651291,46.6929466,0],[126.9654565,46.6932947,0],[126.9656593,46.6935222,0],[126.9656694,46.693534,0],[126.9656811,46.693546,0],[126.9656965,46.6935586,0],[126.9657152,46.6935711,0],[126.9657344,46.6935821,0],[126.9657559,46.6935929,0],[126.9657774,46.6936037,0],[126.9658067,46.6936151,0],[126.9658383,46.6936243,0],[126.9658825,46.6936339,0],[126.9659134,46.6936401,0],[126.9659436,46.6936456,0]]]}},{"type":"Feature","properties":{"network":"排水","diameter_mm":3000,"material":"CP","depth_m":2.4},"geometry":{"type":"MultiLineString","coordinates":[[[127.0525718,46.6410348,0],[127.053647,46.6410809,0],[127.0536771,46.6410783,0],[127.0537058,46.641073,0],[127.053741,46.6410657,0],[127.0537776,46.6410562,0],[127.0538142,46.6410436,0],[127.0538443,46.64103,0],[127.0538736,46.6410081,0],[127.0538856,46.6409947,0],[127.0538858,46.6409945,0],[127.0539064,46.6409702,0],[127.0539963,46.6408688,0]]]}},{"type":"Feature","properties":{"network":"排水","diameter_mm":1200,"material":"BR","depth_m":2.4},"geometry":{"type":"MultiLineString","coordinates":[[[126.9633836,46.6770017,0],[126.9648607,46.6773156,0]]]}},{"type":"Feature","properties":{"network":"排水","diameter_mm":750,"material":"CP","depth_m":2.4},"geometry":{"type":"MultiLineString","coordinates":[[[126.9176872,46.7537452,0],[126.9181072,46.7525427,0]]]}},{"type":"Feature","properties":{"network":"排水","diameter_mm":3000,"material":"CP","depth_m":2.4},"geometry":{"type":"MultiLineString","coordinates":[[[127.0539963,46.6408688,0],[127.0543029,46.6400495,0]]]}},{"type":"Feature","properties":{"network":"排水","diameter_mm":3000,"material":"None","depth_m":2.4},"geometry":{"type":"MultiLineString","coordinates":[[[127.0446772,46.6741554,0],[127.0441611,46.6740177,0]]]}},{"type":"Feature","properties":{"network":"排水","diameter_mm":6300,"material":"None","depth_m":2.4},"geometry":{"type":"MultiLineString","coordinates":[[[127.0441611,46.6740177,0],[127.0437991,46.6739072,0],[127.0435539,46.6738404,0],[127.043055,46.6736993,0],[127.0428912,46.6736483,0],[127.042538,46.6735442,0],[127.0419609,46.673373,0],[127.0417964,46.6733215,0],[127.0416951,46.6732846,0],[127.0415623,46.6732302,0],[127.0413931,46.6731562,0],[127.0413298,46.6731222,0],[127.0409507,46.6729219,0],[127.0407685,46.6728351,0],[127.0406557,46.6727854,0],[127.0404371,46.6727013,0],[127.0400088,46.6725656,0],[127.039791,46.6725218,0],[127.0393428,46.6724533,0],[127.0387703,46.6723861,0],[127.0384916,46.6723559,0],[127.038074,46.6723101,0],[127.0376725,46.6722609,0],[127.0371353,46.6722029,0],[127.0365402,46.6721394,0],[127.0360872,46.672086,0],[127.0356513,46.6720369,0],[127.0348471,46.671951,0],[127.0342091,46.6718816,0],[127.0338688,46.6718486,0],[127.0337083,46.6718454,0]]]}},{"type":"Feature","properties":{"network":"排水","diameter_mm":900,"material":"CP","depth_m":2.4},"geometry":{"type":"MultiLineString","coordinates":[[[126.9971475,46.6190693,0],[126.997229,46.6191498,0],[126.997241,46.6191616,0],[126.9973616,46.6192809,0]]]}},{"type":"Feature","properties":{"network":"排水","diameter_mm":3000,"material":"BR","depth_m":2.4},"geometry":{"type":"MultiLineString","coordinates":[[[127.0444077,46.6399865,0],[127.0445288,46.6400116,0],[127.0446047,46.6400273,0],[127.0448068,46.64011,0],[127.0457383,46.6403213,0]]]}},{"type":"Feature","properties":{"network":"排水","diameter_mm":3000,"material":"BR","depth_m":2.4},"geometry":{"type":"MultiLineString","coordinates":[[[127.0457383,46.6403213,0],[127.0470137,46.6406258,0],[127.0470263,46.6406155,0]]]}},{"type":"Feature","properties":{"network":"排水","diameter_mm":3000,"material":"BR","depth_m":2.4},"geometry":{"type":"MultiLineString","coordinates":[[[127.0470263,46.6406155,0],[127.047026,46.6406286,0],[127.0478125,46.6408087,0],[127.0478341,46.6408123,0],[127.0478686,46.6408186,0],[127.0478922,46.6408204,0],[127.0479247,46.6408246,0],[127.0482752,46.6408474,0]]]}},{"type":"Feature","properties":{"network":"排水","diameter_mm":3000,"material":"BR","depth_m":2.4},"geometry":{"type":"MultiLineString","coordinates":[[[127.0482752,46.6408474,0],[127.0495978,46.6408856,0]]]}},{"type":"Feature","properties":{"network":"排水","diameter_mm":2700,"material":"CP","depth_m":2.4},"geometry":{"type":"MultiLineString","coordinates":[[[127.024964,46.6358089,0],[127.02649,46.6361624,0]]]}},{"type":"Feature","properties":{"network":"排水","diameter_mm":2700,"material":"BR","depth_m":2.4},"geometry":{"type":"MultiLineString","coordinates":[[[127.02649,46.6361624,0],[127.0279299,46.6364773,0],[127.0279615,46.6364887,0],[127.0279876,46.6365029,0],[127.0280049,46.6365165,0],[127.0280085,46.6365195,0],[127.0280225,46.6365315,0],[127.0280362,46.6365399,0],[127.0280495,46.636545,0]]]}},{"type":"Feature","properties":{"network":"排水","diameter_mm":1050,"material":"CI","depth_m":2.4},"geometry":{"type":"MultiLineString","coordinates":[[[127.0200889,46.6342303,0],[127.0201422,46.6342505,0],[127.020244,46.6342923,0],[127.020636,46.6344906,0],[127.0215522,46.6349504,0],[127.0216165,46.6349541,0]]]}},{"type":"Feature","properties":{"network":"排水","diameter_mm":2100,"material":"BR","depth_m":2.4},"geometry":{"type":"MultiLineString","coordinates":[[[126.9919548,46.6224627,0],[126.9921422,46.6225037,0],[126.992797,46.622647,0],[126.9932616,46.6227487,0]]]}},{"type":"Feature","properties":{"network":"排水","diameter_mm":2700,"material":"BR","depth_m":2.4},"geometry":{"type":"MultiLineString","coordinates":[[[127.0241442,46.6355118,0],[127.0247272,46.6356556,0],[127.0247697,46.6356673,0],[127.0247977,46.6356788,0],[127.0248256,46.6356957,0],[127.0248565,46.6357208,0],[127.0248806,46.6357466,0],[127.0248845,46.6357504,0],[127.0248996,46.6357655,0],[127.0249266,46.6357869,0],[127.0249492,46.6358019,0],[127.024964,46.6358089,0]]]}},{"type":"Feature","properties":{"network":"排水","diameter_mm":6300,"material":"None","depth_m":2.4},"geometry":{"type":"MultiLineString","coordinates":[[[127.030669,46.6255853,0],[127.0313012,46.6258156,0],[127.03386,46.6268213,0],[127.0342739,46.6269433,0],[127.0347193,46.627045,0],[127.0349873,46.6270834,0],[127.035179,46.6270978,0],[127.0354831,46.6271242,0],[127.0357836,46.6271675,0],[127.0362354,46.6272756,0],[127.036565,46.6273799,0],[127.0370606,46.6276011,0],[127.0377354,46.6279059,0],[127.0382334,46.628131,0],[127.0384759,46.6282405,0],[127.0388942,46.6284308,0]]]}},{"type":"Feature","properties":{"network":"排水","diameter_mm":2825,"material":"BR","depth_m":2.4},"geometry":{"type":"MultiLineString","coordinates":[[[127.038737,46.6390624,0],[127.038781,46.6390672,0],[127.0388434,46.639076,0],[127.038993,46.6391087,0],[127.0391648,46.6391458,0],[127.0392027,46.6391515,0],[127.0392321,46.6391549,0],[127.0392475,46.6391544,0],[127.0392642,46.6391543,0],[127.0392782,46.6391543,0],[127.0392969,46.6391523,0],[127.0393556,46.6391426,0],[127.0394168,46.6391289,0],[127.0394602,46.6391211,0],[127.0395022,46.6391128,0],[127.039546,46.6391035,0],[127.0395687,46.6390986,0],[127.0395807,46.6390981,0],[127.0395947,46.6390956,0],[127.0396241,46.6390927,0],[127.0396542,46.6390931,0],[127.0396809,46.6390965,0],[127.0396956,46.6390979,0],[127.03972,46.6391008,0],[127.0397387,46.6391047,0],[127.0397581,46.6391085,0],[127.0399265,46.6391456,0],[127.040113,46.6391861,0],[127.0402308,46.6392111,0],[127.0402649,46.6392183,0],[127.0403351,46.6392337,0],[127.0403959,46.6392462,0],[127.0404046,46.6392492,0],[127.0404116,46.6392528,0],[127.0404257,46.6392617,0]]]}},{"type":"Feature","properties":{"network":"排水","diameter_mm":2700,"material":"BR","depth_m":2.4},"geometry":{"type":"MultiLineString","coordinates":[[[127.0345549,46.6381936,0],[127.034581,46.6381809,0],[127.0346129,46.638167,0],[127.0346364,46.638159,0],[127.0346569,46.6381542,0],[127.0346863,46.6381495,0],[127.0347198,46.6381454,0],[127.0347378,46.6381436,0],[127.0347623,46.6381432,0],[127.0347828,46.6381428,0],[127.0348108,46.6381464,0],[127.0348476,46.6381528,0],[127.0349546,46.6381775,0],[127.0359329,46.6384046,0]]]}},{"type":"Feature","properties":{"network":"排水","diameter_mm":1350,"material":"BR","depth_m":2.4},"geometry":{"type":"MultiLineString","coordinates":[[[126.9653943,46.6156215,0],[126.9654443,46.6156344,0],[126.9654843,46.6156424,0],[126.965485,46.6156426,0],[126.966033,46.615753,0],[126.9660413,46.6157565,0],[126.9660563,46.6157646,0],[126.9660824,46.6157807,0],[126.9660984,46.615794,0],[126.9661124,46.6158109,0],[126.9661231,46.6158256,0],[126.9661337,46.6158527,0],[126.9661338,46.6158612,0],[126.9661339,46.6158798,0],[126.9661295,46.6159182,0],[126.9660826,46.6162125,0]]]}},{"type":"Feature","properties":{"network":"排水","diameter_mm":1800,"material":"BR","depth_m":2.4},"geometry":{"type":"MultiLineString","coordinates":[[[126.9732995,46.6185263,0],[126.9744571,46.6187736,0]]]}},{"type":"Feature","properties":{"network":"排水","diameter_mm":1050,"material":"CP","depth_m":2.4},"geometry":{"type":"MultiLineString","coordinates":[[[127.0704426,46.6377729,0],[127.0690025,46.6374491,0]]]}},{"type":"Feature","properties":{"network":"排水","diameter_mm":2550,"material":"CP","depth_m":2.4},"geometry":{"type":"MultiLineString","coordinates":[[[127.0196696,46.6354055,0],[127.0198636,46.635376,0]]]}},{"type":"Feature","properties":{"network":"排水","diameter_mm":1200,"material":"CP","depth_m":2.4},"geometry":{"type":"MultiLineString","coordinates":[[[127.0198636,46.635376,0],[127.0200115,46.6353522,0]]]}},{"type":"Feature","properties":{"network":"排水","diameter_mm":1800,"material":"BR","depth_m":2.4},"geometry":{"type":"MultiLineString","coordinates":[[[126.9711445,46.6181079,0],[126.9712524,46.6181167,0],[126.9713302,46.6181001,0],[126.9713778,46.6180859,0],[126.9716501,46.6179938,0],[126.9716966,46.6179898,0],[126.9717636,46.6179819,0],[126.9718037,46.6179913,0],[126.9724111,46.6181108,0]]]}},{"type":"Feature","properties":{"network":"排水","diameter_mm":1800,"material":"BR","depth_m":2.4},"geometry":{"type":"MultiLineString","coordinates":[[[126.9724111,46.6181108,0],[126.9728767,46.618208,0],[126.9729157,46.6182237,0],[126.9729503,46.6182433,0],[126.9729882,46.6182731,0],[126.9730185,46.6183061,0],[126.9730326,46.6183391,0],[126.973075,46.618427,0],[126.9730966,46.6184506,0],[126.9731323,46.6184782,0],[126.9731497,46.6184874,0],[126.9731806,46.6185007,0],[126.9732046,46.6185077,0],[126.9732995,46.6185263,0]]]}},{"type":"Feature","properties":{"network":"排水","diameter_mm":1370,"material":"CP","depth_m":2.4},"geometry":{"type":"MultiLineString","coordinates":[[[127.0613483,46.6367817,0],[127.0601647,46.6368844,0]]]}},{"type":"Feature","properties":{"network":"排水","diameter_mm":300,"material":"VCP","depth_m":2.4},"geometry":{"type":"MultiLineString","coordinates":[[[127.0766458,46.6400971,0],[127.076642,46.640058,0]]]}},{"type":"Feature","properties":{"network":"排水","diameter_mm":975,"material":"CP","depth_m":2.4},"geometry":{"type":"MultiLineString","coordinates":[[[127.075021,46.6395524,0],[127.0737638,46.6390007,0]]]}},{"type":"Feature","properties":{"network":"排水","diameter_mm":1350,"material":"CP","depth_m":2.4},"geometry":{"type":"MultiLineString","coordinates":[[[127.058886,46.6370034,0],[127.0587147,46.6370186,0],[127.0586906,46.6370215,0],[127.0586665,46.6370292,0],[127.0586518,46.6370402,0],[127.0586438,46.637058,0],[127.058618,46.6371624,0]]]}},{"type":"Feature","properties":{"network":"排水","diameter_mm":1350,"material":"CP","depth_m":2.4},"geometry":{"type":"MultiLineString","coordinates":[[[127.058618,46.6371624,0],[127.0585834,46.6373033,0]]]}},{"type":"Feature","properties":{"network":"排水","diameter_mm":1350,"material":"CP","depth_m":2.4},"geometry":{"type":"MultiLineString","coordinates":[[[127.0585834,46.6373033,0],[127.0585565,46.6373993,0],[127.0585829,46.6374484,0]]]}},{"type":"Feature","properties":{"network":"排水","diameter_mm":3000,"material":"CP","depth_m":2.4},"geometry":{"type":"MultiLineString","coordinates":[[[127.008636,46.6528033,0],[127.0087637,46.6527639,0]]]}},{"type":"Feature","properties":{"network":"排水","diameter_mm":6300,"material":"None","depth_m":2.4},"geometry":{"type":"MultiLineString","coordinates":[[[127.0087637,46.6527639,0],[127.0087432,46.6527137,0],[127.0086949,46.6526025,0],[127.0086481,46.6524381,0],[127.0086155,46.6523197,0],[127.0085954,46.652144,0],[127.0085782,46.6519775,0],[127.0085828,46.6518166,0],[127.0085997,46.651644,0],[127.008621,46.6515237,0],[127.0086517,46.6513951,0],[127.0086624,46.6513523,0],[127.0087903,46.6510318,0],[127.0088755,46.6508719,0],[127.0089183,46.6508005,0],[127.0091505,46.6504855,0],[127.0093611,46.6502728,0],[127.0096151,46.6500407,0],[127.0101252,46.649564,0]]]}},{"type":"Feature","properties":{"network":"排水","diameter_mm":900,"material":"CP","depth_m":2.4},"geometry":{"type":"MultiLineString","coordinates":[[[126.8843392,46.6019041,0],[126.8844704,46.6016178,0]]]}},{"type":"Feature","properties":{"network":"排水","diameter_mm":975,"material":"CP","depth_m":2.4},"geometry":{"type":"MultiLineString","coordinates":[[[127.0737638,46.6390007,0],[127.071901,46.6381011,0]]]}},{"type":"Feature","properties":{"network":"排水","diameter_mm":1050,"material":"CP","depth_m":2.4},"geometry":{"type":"MultiLineString","coordinates":[[[127.071901,46.6381011,0],[127.0704426,46.6377729,0]]]}},{"type":"Feature","properties":{"network":"排水","diameter_mm":1050,"material":"CP","depth_m":2.4},"geometry":{"type":"MultiLineString","coordinates":[[[127.0690025,46.6374491,0],[127.0686213,46.6373638,0],[127.0675602,46.6371264,0]]]}},{"type":"Feature","properties":{"network":"排水","diameter_mm":1050,"material":"CP","depth_m":2.4},"geometry":{"type":"MultiLineString","coordinates":[[[127.0671695,46.636926,0],[127.0654697,46.6365385,0]]]}},{"type":"Feature","properties":{"network":"排水","diameter_mm":1050,"material":"CP","depth_m":2.4},"geometry":{"type":"MultiLineString","coordinates":[[[127.0654697,46.6365385,0],[127.0637072,46.6361474,0]]]}},{"type":"Feature","properties":{"network":"排水","diameter_mm":900,"material":"CP","depth_m":2.4},"geometry":{"type":"MultiLineString","coordinates":[[[127.0708903,46.708244,0],[127.0695797,46.7080192,0]]]}},{"type":"Feature","properties":{"network":"排水","diameter_mm":1200,"material":"BR","depth_m":2.4},"geometry":{"type":"MultiLineString","coordinates":[[[126.9305585,46.6115464,0],[126.9305707,46.6115422,0],[126.9311262,46.6113527,0]]]}},{"type":"Feature","properties":{"network":"排水","diameter_mm":1200,"material":"BR","depth_m":2.4},"geometry":{"type":"MultiLineString","coordinates":[[[126.9311262,46.6113527,0],[126.9321604,46.6109899,0]]]}},{"type":"Feature","properties":{"network":"排水","diameter_mm":1200,"material":"BR","depth_m":2.4},"geometry":{"type":"MultiLineString","coordinates":[[[126.9321604,46.6109899,0],[126.9332211,46.6105901,0]]]}},{"type":"Feature","properties":{"network":"排水","diameter_mm":2850,"material":"CP","depth_m":2.4},"geometry":{"type":"MultiLineString","coordinates":[[[127.0337151,46.671618,0],[127.0337107,46.6717648,0]]]}},{"type":"Feature","properties":{"network":"排水","diameter_mm":1500,"material":"CP","depth_m":2.4},"geometry":{"type":"MultiLineString","coordinates":[[[127.0337107,46.6717648,0],[127.0337083,46.6718454,0]]]}},{"type":"Feature","properties":{"network":"排水","diameter_mm":1650,"material":"CP","depth_m":2.4},"geometry":{"type":"MultiLineString","coordinates":[[[126.9279316,46.7041508,0],[126.9279216,46.7042808,0],[126.9276427,46.7050656,0],[126.9276369,46.7050718,0]]]}},{"type":"Feature","properties":{"network":"排水","diameter_mm":1200,"material":"CP","depth_m":2.4},"geometry":{"type":"MultiLineString","coordinates":[[[127.0226011,46.6332153,0],[127.022526,46.6332468,0],[127.0224774,46.6332359,0],[127.0220179,46.633136,0],[127.0216913,46.6330652,0],[127.0214447,46.6330119,0],[127.0211975,46.6329583,0],[127.0209337,46.632901,0],[127.0207905,46.6328698,0],[127.0207564,46.6328627,0]]]}},{"type":"Feature","properties":{"network":"排水","diameter_mm":6300,"material":"None","depth_m":2.4},"geometry":{"type":"MultiLineString","coordinates":[[[127.0207564,46.6328627,0],[127.0211363,46.6316043,0],[127.0212401,46.6313314,0],[127.0213047,46.6312047,0],[127.021355,46.6311122,0],[127.0214016,46.6310372,0],[127.0214449,46.6309704,0],[127.0215025,46.6308937,0]]]}},{"type":"Feature","properties":{"network":"排水","diameter_mm":600,"material":"CP","depth_m":2.4},"geometry":{"type":"MultiLineString","coordinates":[[[127.0862262,46.6423529,0],[127.0851214,46.6420503,0]]]}},{"type":"Feature","properties":{"network":"排水","diameter_mm":6300,"material":"None","depth_m":2.4},"geometry":{"type":"MultiLineString","coordinates":[[[127.0337083,46.6718454,0],[127.0335269,46.6718417,0],[127.0333479,46.671847,0],[127.0332351,46.6718538,0],[127.0330026,46.6718749,0],[127.0328316,46.6718966,0],[127.0325324,46.6719476,0],[127.0321998,46.6720074,0],[127.032028,46.6720419,0],[127.0316055,46.6721199,0],[127.0312777,46.6721812,0],[127.0309415,46.6722446,0],[127.0306095,46.672302,0],[127.0300935,46.6723998,0],[127.0295823,46.6724952,0],[127.0290899,46.6725886,0],[127.0286863,46.6726638,0],[127.0280784,46.6727779,0],[127.0273677,46.6729096,0],[127.0265839,46.6730516,0],[127.0258099,46.6731967,0],[127.0249993,46.6733412,0],[127.024671,46.6733741,0],[127.0243346,46.6733835,0],[127.0239767,46.6733709,0],[127.0234603,46.673309,0],[127.0230591,46.6732145,0],[127.0227372,46.6731234,0],[127.0223575,46.6729735,0],[127.0219504,46.6728161,0]]]}},{"type":"Feature","properties":{"network":"排水","diameter_mm":1200,"material":"BR","depth_m":2.4},"geometry":{"type":"MultiLineString","coordinates":[[[126.9332211,46.6105901,0],[126.9343092,46.6100471,0]]]}},{"type":"Feature","properties":{"network":"排水","diameter_mm":4300,"material":"CP","depth_m":2.4},"geometry":{"type":"MultiLineString","coordinates":[[[127.0082433,46.652936,0],[127.008636,46.6528033,0]]]}},{"type":"Feature","properties":{"network":"排水","diameter_mm":6300,"material":"None","depth_m":2.4},"geometry":{"type":"MultiLineString","coordinates":[[[127.0160249,46.6435328,0],[127.0162983,46.6433233,0],[127.0169167,46.6428595,0],[127.0172716,46.6425907,0],[127.0173526,46.6425245,0],[127.0175732,46.6423286,0],[127.0176767,46.6422198,0],[127.0177668,46.642117,0],[127.0178329,46.6420352,0],[127.0178967,46.64195,0],[127.0180894,46.6416376,0],[127.0182157,46.6413022,0],[127.0182768,46.6411051,0],[127.0184397,46.6405773,0],[127.0185845,46.6400886,0],[127.0187247,46.6396262,0],[127.0188439,46.6392289,0],[127.0189029,46.6390256,0],[127.0189753,46.6387783,0],[127.0190535,46.6385317,0],[127.0193546,46.6375243,0],[127.0195186,46.6369894,0],[127.0196299,46.636626,0],[127.0197906,46.6360816,0],[127.0198578,46.6358627,0],[127.0199852,46.6354377,0],[127.0200115,46.6353522,0]]]}},{"type":"Feature","properties":{"network":"排水","diameter_mm":300,"material":"None","depth_m":2.4},"geometry":{"type":"MultiLineString","coordinates":[[[127.0447941,46.6742282,0],[127.0447944,46.6742202,0],[127.0447944,46.6742147,0],[127.0447941,46.6742095,0],[127.0447923,46.6742042,0],[127.0447887,46.674198,0],[127.0447824,46.6741912,0],[127.0447757,46.6741861,0],[127.0447652,46.6741809,0],[127.0447524,46.6741758,0],[127.0447389,46.6741715,0],[127.0447228,46.6741667,0],[127.0447059,46.6741623,0],[127.0446921,46.6741589,0],[127.0446772,46.6741554,0]]]}},{"type":"Feature","properties":{"network":"排水","diameter_mm":2550,"material":"CP","depth_m":2.4},"geometry":{"type":"MultiLineString","coordinates":[[[127.0246505,46.6298223,0],[127.0244911,46.6297311,0]]]}},{"type":"Feature","properties":{"network":"排水","diameter_mm":2400,"material":"CP","depth_m":2.4},"geometry":{"type":"MultiLineString","coordinates":[[[127.0227631,46.6331488,0],[127.0226011,46.6332153,0]]]}},{"type":"Feature","properties":{"network":"排水","diameter_mm":6300,"material":"None","depth_m":2.4},"geometry":{"type":"MultiLineString","coordinates":[[[127.0200115,46.6353522,0],[127.0202063,46.6346999,0],[127.0202275,46.6346308,0],[127.0203535,46.6342142,0],[127.0207564,46.6328627,0]]]}},{"type":"Feature","properties":{"network":"排水","diameter_mm":2400,"material":"CP","depth_m":2.4},"geometry":{"type":"MultiLineString","coordinates":[[[127.0137843,46.6318791,0],[127.0137689,46.6319013,0],[127.0137591,46.6319258,0],[127.0137514,46.631962,0],[127.0137505,46.6319887,0],[127.0137542,46.6320138,0],[127.0137611,46.6320365,0],[127.0137801,46.6320726,0],[127.0137939,46.6320908,0],[127.0138307,46.6321259,0],[127.0138883,46.6321602,0],[127.0139479,46.6321812,0],[127.0146901,46.6323628,0]]]}},{"type":"Feature","properties":{"network":"排水","diameter_mm":1200,"material":"BR","depth_m":2.4},"geometry":{"type":"MultiLineString","coordinates":[[[126.9389491,46.6080104,0],[126.9399286,46.6076517,0],[126.9401684,46.6075639,0]]]}},{"type":"Feature","properties":{"network":"排水","diameter_mm":1800,"material":"BR","depth_m":2.4},"geometry":{"type":"MultiLineString","coordinates":[[[126.9699051,46.6178554,0],[126.9709017,46.6180505,0],[126.9709166,46.6180535,0],[126.9711445,46.6181079,0]]]}},{"type":"Feature","properties":{"network":"排水","diameter_mm":1350,"material":"BR","depth_m":2.4},"geometry":{"type":"MultiLineString","coordinates":[[[126.9660826,46.6162125,0],[126.9661196,46.616988,0],[126.9661328,46.6170178,0],[126.9661718,46.6170547,0],[126.9661885,46.6170669,0],[126.9662111,46.6170793,0],[126.9662253,46.6170886,0],[126.9662366,46.6170986,0],[126.9662466,46.6171096,0],[126.966254,46.6171196,0]]]}},{"type":"Feature","properties":{"network":"排水","diameter_mm":675,"material":"CP","depth_m":2.4},"geometry":{"type":"MultiLineString","coordinates":[[[126.8833424,46.6039981,0],[126.8836804,46.6035039,0]]]}},{"type":"Feature","properties":{"network":"排水","diameter_mm":2100,"material":"BR","depth_m":2.4},"geometry":{"type":"MultiLineString","coordinates":[[[126.9943824,46.6229952,0],[126.9952722,46.6231899,0],[126.9954652,46.6232321,0],[126.9956828,46.6232797,0]]]}},{"type":"Feature","properties":{"network":"排水","diameter_mm":2400,"material":"CP","depth_m":2.4},"geometry":{"type":"MultiLineString","coordinates":[[[127.0140074,46.6308601,0],[127.0140222,46.6308692,0],[127.01404,46.6308815,0],[127.014058,46.6308954,0],[127.014076,46.6309137,0],[127.0140928,46.6309319,0],[127.0141049,46.630952,0],[127.0141125,46.6309695,0],[127.0141167,46.6309919,0],[127.0141134,46.6310381,0],[127.0141043,46.631068,0],[127.0137843,46.6318791,0]]]}},{"type":"Feature","properties":{"network":"排水","diameter_mm":1200,"material":"BR","depth_m":2.4},"geometry":{"type":"MultiLineString","coordinates":[[[126.9366132,46.6089895,0],[126.9377908,46.608483,0]]]}},{"type":"Feature","properties":{"network":"排水","diameter_mm":1200,"material":"BR","depth_m":2.4},"geometry":{"type":"MultiLineString","coordinates":[[[126.9377908,46.608483,0],[126.9383183,46.6082677,0],[126.9389491,46.6080104,0]]]}},{"type":"Feature","properties":{"network":"排水","diameter_mm":1800,"material":"BR","depth_m":2.4},"geometry":{"type":"MultiLineString","coordinates":[[[126.966254,46.6171196,0],[126.9662747,46.6171109,0],[126.9662917,46.6171061,0],[126.9663058,46.6171038,0],[126.9669829,46.6172522,0],[126.9675788,46.6173829,0]]]}},{"type":"Feature","properties":{"network":"排水","diameter_mm":1800,"material":"BR","depth_m":2.4},"geometry":{"type":"MultiLineString","coordinates":[[[126.9675788,46.6173829,0],[126.9687808,46.6176271,0]]]}},{"type":"Feature","properties":{"network":"排水","diameter_mm":1800,"material":"BR","depth_m":2.4},"geometry":{"type":"MultiLineString","coordinates":[[[126.9687808,46.6176271,0],[126.9699051,46.6178554,0]]]}},{"type":"Feature","properties":{"network":"排水","diameter_mm":900,"material":"CP","depth_m":2.4},"geometry":{"type":"MultiLineString","coordinates":[[[126.8844704,46.6016178,0],[126.8854098,46.6007382,0]]]}},{"type":"Feature","properties":{"network":"排水","diameter_mm":2700,"material":"BR","depth_m":2.4},"geometry":{"type":"MultiLineString","coordinates":[[[127.0280495,46.636545,0],[127.0287022,46.6366763,0],[127.0287919,46.6366868,0],[127.028857,46.6366851,0],[127.0289196,46.6366781,0],[127.0289368,46.6366762,0],[127.0290031,46.6366659,0]]]}},{"type":"Feature","properties":{"network":"排水","diameter_mm":2700,"material":"CP","depth_m":2.4},"geometry":{"type":"MultiLineString","coordinates":[[[127.0300986,46.6369196,0],[127.0304697,46.6370035,0],[127.0307975,46.6370776,0],[127.0309405,46.6371114,0],[127.0310276,46.6371362,0],[127.0310421,46.6371403,0],[127.031105,46.6371616,0],[127.0311258,46.6371702,0],[127.0311433,46.6371797,0],[127.0311636,46.6371914,0],[127.0311811,46.6372017,0],[127.0311915,46.6372077,0]]]}},{"type":"Feature","properties":{"network":"排水","diameter_mm":2700,"material":"CP","depth_m":2.4},"geometry":{"type":"MultiLineString","coordinates":[[[127.0311915,46.6372077,0],[127.0318146,46.6375916,0],[127.0318928,46.637641,0],[127.031952,46.6376759,0],[127.0320166,46.6377076,0],[127.0320472,46.6377189,0],[127.0320748,46.6377266,0],[127.0321133,46.6377329,0],[127.0321368,46.6377368,0]]]}},{"type":"Feature","properties":{"network":"排水","diameter_mm":1200,"material":"BR","depth_m":2.4},"geometry":{"type":"MultiLineString","coordinates":[[[126.9606966,46.6764367,0],[126.9612427,46.6765533,0]]]}},{"type":"Feature","properties":{"network":"排水","diameter_mm":600,"material":"UNK","depth_m":2.4},"geometry":{"type":"MultiLineString","coordinates":[[[126.8675351,46.6141736,0],[126.8676957,46.6140762,0]]]}},{"type":"Feature","properties":{"network":"排水","diameter_mm":2100,"material":"BR","depth_m":2.4},"geometry":{"type":"MultiLineString","coordinates":[[[126.9932616,46.6227487,0],[126.9943824,46.6229952,0]]]}},{"type":"Feature","properties":{"network":"排水","diameter_mm":1950,"material":"BR","depth_m":2.4},"geometry":{"type":"MultiLineString","coordinates":[[[126.9860203,46.6211837,0],[126.9860798,46.6211964,0],[126.9872211,46.6214392,0]]]}},{"type":"Feature","properties":{"network":"排水","diameter_mm":1350,"material":"BR","depth_m":2.4},"geometry":{"type":"MultiLineString","coordinates":[[[126.9544699,46.6113181,0],[126.9545442,46.6113275,0],[126.9545593,46.6113311,0],[126.9545822,46.6113417,0],[126.954583,46.6113421,0],[126.9545967,46.6113499,0],[126.9546118,46.6113619,0],[126.9546241,46.6113713,0],[126.9546349,46.6113818,0],[126.9546437,46.611396,0],[126.9546486,46.6114053,0],[126.9546522,46.6114168,0],[126.9546536,46.6114288,0],[126.9546542,46.6114393,0],[126.9546544,46.6114487,0],[126.9546515,46.6114618,0],[126.9546465,46.6114785,0],[126.9546432,46.6114876,0],[126.9546422,46.6114905,0],[126.9546372,46.6115041,0],[126.9546322,46.6115167,0],[126.9546264,46.6115324,0],[126.9546207,46.611548,0],[126.9546149,46.6115611,0],[126.9546064,46.6115822,0],[126.95438,46.6121611,0]]]}},{"type":"Feature","properties":{"network":"排水","diameter_mm":2250,"material":"BR","depth_m":2.4},"geometry":{"type":"MultiLineString","coordinates":[[[126.9978522,46.6237509,0],[126.9986503,46.6239242,0]]]}},{"type":"Feature","properties":{"network":"排水","diameter_mm":750,"material":"CP","depth_m":2.4},"geometry":{"type":"MultiLineString","coordinates":[[[126.8836804,46.6035039,0],[126.884008,46.6027442,0]]]}},{"type":"Feature","properties":{"network":"排水","diameter_mm":300,"material":"UNK","depth_m":2.4},"geometry":{"type":"MultiLineString","coordinates":[[[126.8558592,46.5788926,0],[126.8565452,46.5772951,0],[126.8565572,46.5772709,0],[126.8565737,46.5772481,0],[126.8565944,46.5772272,0],[126.8566189,46.5772086,0],[126.8566468,46.5771927,0],[126.8566736,46.5771812,0],[126.8568746,46.5771029,0],[126.8568907,46.5770972,0],[126.8569194,46.5770841,0],[126.8569451,46.5770681,0],[126.8569674,46.5770495,0],[126.8569857,46.5770288,0],[126.8569997,46.5770064,0],[126.857009,46.5769827,0]]]}},{"type":"Feature","properties":{"network":"排水","diameter_mm":1350,"material":"CP","depth_m":2.4},"geometry":{"type":"MultiLineString","coordinates":[[[126.859177,46.5714154,0],[126.858159,46.5711942,0],[126.8580724,46.5711754,0]]]}},{"type":"Feature","properties":{"network":"排水","diameter_mm":1200,"material":"BR","depth_m":2.4},"geometry":{"type":"MultiLineString","coordinates":[[[126.9612427,46.6765533,0],[126.9623286,46.6767775,0]]]}},{"type":"Feature","properties":{"network":"排水","diameter_mm":1950,"material":"BR","depth_m":2.4},"geometry":{"type":"MultiLineString","coordinates":[[[126.9847172,46.6209056,0],[126.9858073,46.6211383,0],[126.9859802,46.6211752,0],[126.9860203,46.6211837,0]]]}},{"type":"Feature","properties":{"network":"排水","diameter_mm":1950,"material":"BR","depth_m":2.4},"geometry":{"type":"MultiLineString","coordinates":[[[126.9872211,46.6214392,0],[126.9886488,46.6217451,0]]]}},{"type":"Feature","properties":{"network":"排水","diameter_mm":2100,"material":"BR","depth_m":2.4},"geometry":{"type":"MultiLineString","coordinates":[[[126.989686,46.6219707,0],[126.9897038,46.6219745,0],[126.9909017,46.6222346,0]]]}},{"type":"Feature","properties":{"network":"排水","diameter_mm":1350,"material":"BR","depth_m":2.4},"geometry":{"type":"MultiLineString","coordinates":[[[126.9501226,46.6080981,0],[126.9502272,46.6081162,0],[126.950271,46.6081424,0],[126.9502802,46.6081527,0],[126.9502952,46.6081694,0],[126.9503127,46.6082188,0],[126.9503062,46.6082658,0],[126.9500087,46.6090523,0]]]}},{"type":"Feature","properties":{"network":"排水","diameter_mm":1350,"material":"BR","depth_m":2.4},"geometry":{"type":"MultiLineString","coordinates":[[[126.9500087,46.6090523,0],[126.9496041,46.6101071,0]]]}},{"type":"Feature","properties":{"network":"排水","diameter_mm":1800,"material":"BR","depth_m":2.4},"geometry":{"type":"MultiLineString","coordinates":[[[126.9789342,46.6196797,0],[126.9799781,46.6198793,0]]]}},{"type":"Feature","properties":{"network":"排水","diameter_mm":1950,"material":"BR","depth_m":2.4},"geometry":{"type":"MultiLineString","coordinates":[[[126.9809881,46.6200949,0],[126.9822229,46.6203512,0]]]}},{"type":"Feature","properties":{"network":"排水","diameter_mm":1950,"material":"BR","depth_m":2.4},"geometry":{"type":"MultiLineString","coordinates":[[[126.9805516,46.6200017,0],[126.9805808,46.6200079,0],[126.9805963,46.6200112,0],[126.9809881,46.6200949,0]]]}},{"type":"Feature","properties":{"network":"排水","diameter_mm":1800,"material":"BR","depth_m":2.4},"geometry":{"type":"MultiLineString","coordinates":[[[126.9799781,46.6198793,0],[126.9805516,46.6200017,0]]]}},{"type":"Feature","properties":{"network":"排水","diameter_mm":1950,"material":"BR","depth_m":2.4},"geometry":{"type":"MultiLineString","coordinates":[[[126.9822229,46.6203512,0],[126.9831609,46.6205444,0],[126.9831871,46.6205494,0],[126.9832087,46.620556,0],[126.9832326,46.6205626,0],[126.9832622,46.6205733,0],[126.9832884,46.6205823,0],[126.9833135,46.6205942,0],[126.9833146,46.6205947,0],[126.9833442,46.6206088,0],[126.9833877,46.6206273,0],[126.9834296,46.6206409,0],[126.9835025,46.6206582,0],[126.9835388,46.6206617,0],[126.9835761,46.6206634,0]]]}},{"type":"Feature","properties":{"network":"排水","diameter_mm":2100,"material":"BR","depth_m":2.4},"geometry":{"type":"MultiLineString","coordinates":[[[126.9909017,46.6222346,0],[126.9919548,46.6224627,0]]]}},{"type":"Feature","properties":{"network":"排水","diameter_mm":4700,"material":"CP","depth_m":2.4},"geometry":{"type":"MultiLineString","coordinates":[[[127.015372,46.6436449,0],[127.0157376,46.6435821,0]]]}},{"type":"Feature","properties":{"network":"排水","diameter_mm":1950,"material":"BR","depth_m":2.4},"geometry":{"type":"MultiLineString","coordinates":[[[126.9835761,46.6206634,0],[126.9847172,46.6209056,0]]]}},{"type":"Feature","properties":{"network":"排水","diameter_mm":675,"material":"CP","depth_m":2.4},"geometry":{"type":"MultiLineString","coordinates":[[[126.8767217,46.5752323,0],[126.876832,46.5749531,0]]]}},{"type":"Feature","properties":{"network":"排水","diameter_mm":675,"material":"CP","depth_m":2.4},"geometry":{"type":"MultiLineString","coordinates":[[[126.876832,46.5749531,0],[126.8771283,46.5742479,0]]]}},{"type":"Feature","properties":{"network":"排水","diameter_mm":825,"material":"CP","depth_m":2.4},"geometry":{"type":"MultiLineString","coordinates":[[[126.8774724,46.5734184,0],[126.8776208,46.5731106,0]]]}},{"type":"Feature","properties":{"network":"排水","diameter_mm":825,"material":"CP","depth_m":2.4},"geometry":{"type":"MultiLineString","coordinates":[[[126.8774378,46.5734993,0],[126.8774724,46.5734184,0]]]}},{"type":"Feature","properties":{"network":"排水","diameter_mm":825,"material":"UNK","depth_m":2.4},"geometry":{"type":"MultiLineString","coordinates":[[[126.8776208,46.5731106,0],[126.8775587,46.5730987,0]]]}},{"type":"Feature","properties":{"network":"排水","diameter_mm":3000,"material":"None","depth_m":2.4},"geometry":{"type":"MultiLineString","coordinates":[[[127.0107118,46.6493173,0],[127.010304,46.6495611,0],[127.0101252,46.649564,0]]]}},{"type":"Feature","properties":{"network":"排水","diameter_mm":6300,"material":"None","depth_m":2.4},"geometry":{"type":"MultiLineString","coordinates":[[[127.0101252,46.649564,0],[127.010915,46.648838,0],[127.0112476,46.6485336,0],[127.0113635,46.6484043,0],[127.0115655,46.648143,0],[127.0117301,46.6478611,0],[127.0118996,46.6475144,0],[127.0121287,46.6470433,0],[127.0123071,46.646684,0],[127.0124402,46.6464397,0],[127.0126307,46.6461857,0],[127.0127328,46.6460625,0],[127.0128941,46.6459122,0],[127.0131209,46.645726,0],[127.0135871,46.6453747,0],[127.0143077,46.6448263,0],[127.0146616,46.6445573,0],[127.0149098,46.6443732,0],[127.0151106,46.644218,0],[127.0155412,46.6438978,0],[127.0160249,46.6435328,0]]]}},{"type":"Feature","properties":{"network":"排水","diameter_mm":900,"material":"CP","depth_m":2.4},"geometry":{"type":"MultiLineString","coordinates":[[[127.079729,46.6405088,0],[127.0796059,46.6405391,0]]]}},{"type":"Feature","properties":{"network":"排水","diameter_mm":675,"material":"CP","depth_m":2.4},"geometry":{"type":"MultiLineString","coordinates":[[[127.0851214,46.6420503,0],[127.0840948,46.6417773,0]]]}},{"type":"Feature","properties":{"network":"排水","diameter_mm":450,"material":"VCP","depth_m":2.4},"geometry":{"type":"MultiLineString","coordinates":[[[127.0864062,46.642445,0],[127.0862262,46.6423529,0]]]}},{"type":"Feature","properties":{"network":"排水","diameter_mm":6300,"material":"None","depth_m":2.4},"geometry":{"type":"MultiLineString","coordinates":[[[127.0215025,46.6308937,0],[127.021513,46.6308771,0],[127.0216276,46.6307285,0],[127.0218619,46.6304974,0],[127.0221684,46.6302232,0],[127.0230443,46.629421,0],[127.0233924,46.629101,0]]]}},{"type":"Feature","properties":{"network":"排水","diameter_mm":825,"material":"UNK","depth_m":2.4},"geometry":{"type":"MultiLineString","coordinates":[[[126.8775587,46.5730987,0],[126.8774565,46.5730791,0]]]}},{"type":"Feature","properties":{"network":"排水","diameter_mm":750,"material":"CP","depth_m":2.4},"geometry":{"type":"MultiLineString","coordinates":[[[126.9143694,46.748987,0],[126.9129834,46.7482623,0]]]}},{"type":"Feature","properties":{"network":"排水","diameter_mm":1200,"material":"CP","depth_m":2.4},"geometry":{"type":"MultiLineString","coordinates":[[[127.0198428,46.671431,0],[127.0198679,46.6714128,0],[127.0198799,46.6713952,0]]]}},{"type":"Feature","properties":{"network":"排水","diameter_mm":3300,"material":"None","depth_m":2.4},"geometry":{"type":"MultiLineString","coordinates":[[[127.0157376,46.6435821,0],[127.0160249,46.6435328,0]]]}},{"type":"Feature","properties":{"network":"排水","diameter_mm":6300,"material":"None","depth_m":2.4},"geometry":{"type":"MultiLineString","coordinates":[[[127.0219504,46.6728161,0],[127.021673,46.6727096,0],[127.0213338,46.6725512,0],[127.0211618,46.6724567,0],[127.0208936,46.6722899,0],[127.0207586,46.6721891,0],[127.0205296,46.6719944,0],[127.0204439,46.6719037,0],[127.020293,46.6717364,0],[127.0201388,46.6715307,0],[127.0194856,46.6704516,0],[127.0190772,46.6697802,0],[127.0183963,46.6686606,0],[127.0175057,46.6671912,0],[127.0163287,46.6652464,0],[127.0145539,46.6623312,0],[127.0139082,46.6612635,0],[127.0129009,46.6596156,0],[127.0120022,46.6581289,0],[127.0112431,46.656886,0],[127.0109423,46.6563775,0],[127.0104769,46.6556237,0],[127.0092182,46.6535442,0],[127.0088245,46.6528903,0],[127.0087863,46.6528152,0],[127.0087637,46.6527639,0]]]}},{"type":"Feature","properties":{"network":"排水","diameter_mm":900,"material":"CP","depth_m":2.4},"geometry":{"type":"MultiLineString","coordinates":[[[127.0796059,46.6405391,0],[127.0794659,46.6405088,0],[127.0784841,46.6402963,0]]]}},{"type":"Feature","properties":{"network":"排水","diameter_mm":450,"material":"UNK","depth_m":2.4},"geometry":{"type":"MultiLineString","coordinates":[[[127.0794722,46.6405375,0],[127.0794659,46.6405088,0]]]}},{"type":"Feature","properties":{"network":"排水","diameter_mm":900,"material":"CP","depth_m":2.4},"geometry":{"type":"MultiLineString","coordinates":[[[127.0784841,46.6402963,0],[127.0770494,46.6401595,0]]]}},{"type":"Feature","properties":{"network":"排水","diameter_mm":1050,"material":"CP","depth_m":2.4},"geometry":{"type":"MultiLineString","coordinates":[[[127.0734246,46.6714487,0],[127.0718183,46.6721188,0],[127.0718057,46.6721228,0],[127.0717934,46.6721249,0],[127.0717802,46.6721261,0],[127.0717645,46.6721263,0]]]}},{"type":"Feature","properties":{"network":"排水","diameter_mm":1050,"material":"CP","depth_m":2.4},"geometry":{"type":"MultiLineString","coordinates":[[[127.0717645,46.6721263,0],[127.0692501,46.6721396,0]]]}},{"type":"Feature","properties":{"network":"排水","diameter_mm":900,"material":"CP","depth_m":2.4},"geometry":{"type":"MultiLineString","coordinates":[[[127.0770494,46.6401595,0],[127.076642,46.640058,0],[127.0757925,46.6398833,0]]]}},{"type":"Feature","properties":{"network":"排水","diameter_mm":1350,"material":"BR","depth_m":2.4},"geometry":{"type":"MultiLineString","coordinates":[[[127.0002617,46.6206838,0],[127.0003232,46.6206845,0],[127.000408,46.6207249,0]]]}},{"type":"Feature","properties":{"network":"排水","diameter_mm":1500,"material":"CP","depth_m":2.4},"geometry":{"type":"MultiLineString","coordinates":[[[127.017225,46.6732848,0],[127.0172584,46.6732837,0],[127.0172879,46.6732706,0],[127.017315,46.6731496,0]]]}},{"type":"Feature","properties":{"network":"排水","diameter_mm":900,"material":"BR","depth_m":2.4},"geometry":{"type":"MultiLineString","coordinates":[[[126.8724465,46.64638,0],[126.8722596,46.6462738,0]]]}},{"type":"Feature","properties":{"network":"排水","diameter_mm":675,"material":"CP","depth_m":2.4},"geometry":{"type":"MultiLineString","coordinates":[[[127.0840948,46.6417773,0],[127.0829317,46.6414733,0]]]}},{"type":"Feature","properties":{"network":"排水","diameter_mm":675,"material":"CP","depth_m":2.4},"geometry":{"type":"MultiLineString","coordinates":[[[127.0829317,46.6414733,0],[127.0826591,46.6414867,0]]]}},{"type":"Feature","properties":{"network":"排水","diameter_mm":675,"material":"CP","depth_m":2.4},"geometry":{"type":"MultiLineString","coordinates":[[[127.0821004,46.6413302,0],[127.0820211,46.6411831,0]]]}},{"type":"Feature","properties":{"network":"排水","diameter_mm":675,"material":"CP","depth_m":2.4},"geometry":{"type":"MultiLineString","coordinates":[[[126.882447,46.6046886,0],[126.8833424,46.6039981,0]]]}},{"type":"Feature","properties":{"network":"排水","diameter_mm":1200,"material":"CP","depth_m":2.4},"geometry":{"type":"MultiLineString","coordinates":[[[127.0910504,46.6717188,0],[127.0908887,46.6713067,0],[127.0908797,46.6712972,0],[127.090869,46.6712895,0],[127.090855,46.671283,0],[127.0908404,46.6712813,0],[127.0908251,46.671281,0],[127.0908042,46.6712806,0]]]}},{"type":"Feature","properties":{"network":"排水","diameter_mm":375,"material":"CP","depth_m":2.4},"geometry":{"type":"MultiLineString","coordinates":[[[126.8779476,46.5764403,0],[126.8780646,46.5761633,0],[126.8780663,46.5761423,0]]]}},{"type":"Feature","properties":{"network":"排水","diameter_mm":1350,"material":"CP","depth_m":2.4},"geometry":{"type":"MultiLineString","coordinates":[[[126.8923149,46.6521119,0],[126.8923329,46.6520548,0],[126.8923356,46.6519955,0],[126.8923369,46.651948,0],[126.8923376,46.6519239,0],[126.89234,46.6518395,0],[126.8923437,46.6517062,0],[126.8923501,46.6514748,0],[126.8923505,46.6514594,0],[126.8923517,46.6514148,0],[126.8923553,46.6512857,0],[126.892357,46.6512186,0],[126.8923605,46.6510644,0],[126.8923464,46.6510095,0],[126.892316,46.6509619,0],[126.8923048,46.6509444,0]]]}},{"type":"Feature","properties":{"network":"排水","diameter_mm":1800,"material":"BR","depth_m":2.4},"geometry":{"type":"MultiLineString","coordinates":[[[127.0908165,46.6703619,0],[127.0911509,46.6709609,0],[127.0911648,46.6709852,0],[127.09118,46.6710089,0],[127.0911955,46.6710382,0],[127.0912098,46.671065,0],[127.0912165,46.6711265,0]]]}},{"type":"Feature","properties":{"network":"排水","diameter_mm":1600,"material":"BR","depth_m":2.4},"geometry":{"type":"MultiLineString","coordinates":[[[126.9992262,46.6200431,0],[126.9993084,46.6201215,0]]]}},{"type":"Feature","properties":{"network":"排水","diameter_mm":600,"material":"CP","depth_m":2.4},"geometry":{"type":"MultiLineString","coordinates":[[[126.9163963,46.6266148,0],[126.9164436,46.6265847,0]]]}},{"type":"Feature","properties":{"network":"排水","diameter_mm":533,"material":"CP","depth_m":2.4},"geometry":{"type":"MultiLineString","coordinates":[[[127.0014425,46.6464307,0],[127.0014805,46.6463543,0]]]}},{"type":"Feature","properties":{"network":"排水","diameter_mm":900,"material":"CP","depth_m":2.4},"geometry":{"type":"MultiLineString","coordinates":[[[126.8794341,46.6482606,0],[126.8785714,46.6486564,0],[126.8785311,46.6486643,0],[126.8785107,46.6486673,0],[126.8784533,46.6486706,0]]]}},{"type":"Feature","properties":{"network":"排水","diameter_mm":1350,"material":"CP","depth_m":2.4},"geometry":{"type":"MultiLineString","coordinates":[[[126.8931907,46.6543114,0],[126.8931709,46.6542833,0],[126.8931565,46.6542628,0],[126.8927778,46.6537249,0],[126.8923815,46.6531619,0],[126.8923703,46.6531472,0],[126.8923632,46.6531378,0],[126.892358,46.6531311,0],[126.8923406,46.6531146,0],[126.8923222,46.6530988,0],[126.8923074,46.6530898,0],[126.8922839,46.653077,0],[126.892264,46.6530682,0],[126.8922335,46.6530596,0],[126.8921608,46.6530445,0]]]}},{"type":"Feature","properties":{"network":"排水","diameter_mm":1350,"material":"CP","depth_m":2.4},"geometry":{"type":"MultiLineString","coordinates":[[[126.8956852,46.660228,0],[126.8959417,46.6590401,0]]]}},{"type":"Feature","properties":{"network":"排水","diameter_mm":533,"material":"CP","depth_m":2.4},"geometry":{"type":"MultiLineString","coordinates":[[[127.0013848,46.6465471,0],[127.0014425,46.6464307,0]]]}},{"type":"Feature","properties":{"network":"排水","diameter_mm":1350,"material":"CP","depth_m":2.4},"geometry":{"type":"MultiLineString","coordinates":[[[126.8921608,46.6530445,0],[126.8920744,46.6530223,0],[126.892052,46.6530161,0],[126.8920318,46.6530057,0],[126.8920122,46.6529925,0],[126.8919966,46.6529763,0],[126.8919894,46.6529655,0],[126.8919828,46.6529521,0],[126.8919787,46.6529352,0],[126.8919769,46.6529201,0],[126.8919806,46.6529072,0],[126.8920259,46.6527995,0],[126.8923149,46.6521119,0]]]}},{"type":"Feature","properties":{"network":"排水","diameter_mm":1200,"material":"BR","depth_m":2.4},"geometry":{"type":"MultiLineString","coordinates":[[[126.9474646,46.6075662,0],[126.9486158,46.6077954,0],[126.948808,46.6078324,0]]]}},{"type":"Feature","properties":{"network":"排水","diameter_mm":1800,"material":"BR","depth_m":2.4},"geometry":{"type":"MultiLineString","coordinates":[[[126.9754662,46.6189635,0],[126.9756325,46.6189988,0],[126.9757064,46.6190145,0],[126.9767791,46.6192426,0]]]}},{"type":"Feature","properties":{"network":"排水","diameter_mm":2400,"material":"CP","depth_m":2.4},"geometry":{"type":"MultiLineString","coordinates":[[[127.0146901,46.6323628,0],[127.0159147,46.6326435,0]]]}},{"type":"Feature","properties":{"network":"排水","diameter_mm":2400,"material":"CP","depth_m":2.4},"geometry":{"type":"MultiLineString","coordinates":[[[127.0162117,46.6334115,0],[127.0171794,46.6336402,0]]]}},{"type":"Feature","properties":{"network":"排水","diameter_mm":2550,"material":"CP","depth_m":2.4},"geometry":{"type":"MultiLineString","coordinates":[[[127.0184285,46.6338927,0],[127.0200811,46.6342188,0],[127.0200889,46.6342303,0]]]}},{"type":"Feature","properties":{"network":"排水","diameter_mm":2400,"material":"CP","depth_m":2.4},"geometry":{"type":"MultiLineString","coordinates":[[[127.0171794,46.6336402,0],[127.0181937,46.6338492,0],[127.0182258,46.6338556,0],[127.0182607,46.6338581,0],[127.0183161,46.633864,0],[127.0183714,46.6338769,0],[127.0183864,46.633881,0],[127.0184285,46.6338927,0]]]}},{"type":"Feature","properties":{"network":"排水","diameter_mm":2400,"material":"CP","depth_m":2.4},"geometry":{"type":"MultiLineString","coordinates":[[[127.0159147,46.6326435,0],[127.0159773,46.6326576,0],[127.0160235,46.6326713,0],[127.0160537,46.6326854,0],[127.0160858,46.6327121,0],[127.0161083,46.6327411,0],[127.0161366,46.6327928,0],[127.01615,46.6328419,0],[127.0161435,46.6328958,0],[127.0160228,46.6331933,0],[127.0160235,46.6332254,0],[127.0160321,46.6332621,0],[127.0160496,46.6332928,0],[127.0160657,46.6333184,0],[127.0160922,46.6333462,0],[127.0161313,46.6333714,0],[127.0162117,46.6334115,0]]]}},{"type":"Feature","properties":{"network":"排水","diameter_mm":1200,"material":"BR","depth_m":2.4},"geometry":{"type":"MultiLineString","coordinates":[[[126.9437842,46.6069276,0],[126.9442046,46.6069059,0],[126.9445002,46.6069667,0],[126.9445082,46.6069683,0],[126.9449065,46.6070498,0]]]}},{"type":"Feature","properties":{"network":"排水","diameter_mm":1200,"material":"BR","depth_m":2.4},"geometry":{"type":"MultiLineString","coordinates":[[[126.9449065,46.6070498,0],[126.9458988,46.6072472,0],[126.9462968,46.6073305,0]]]}},{"type":"Feature","properties":{"network":"排水","diameter_mm":1200,"material":"BR","depth_m":2.4},"geometry":{"type":"MultiLineString","coordinates":[[[126.9462968,46.6073305,0],[126.9468483,46.6074402,0],[126.9469833,46.6074678,0],[126.9474646,46.6075662,0]]]}},{"type":"Feature","properties":{"network":"排水","diameter_mm":1200,"material":"BR","depth_m":2.4},"geometry":{"type":"MultiLineString","coordinates":[[[126.948808,46.6078324,0],[126.9501226,46.6080981,0]]]}},{"type":"Feature","properties":{"network":"排水","diameter_mm":2700,"material":"BR","depth_m":2.4},"geometry":{"type":"MultiLineString","coordinates":[[[127.0334795,46.6380367,0],[127.0335235,46.6380616,0],[127.0342141,46.6382098,0],[127.0342509,46.638217,0],[127.0342977,46.6382251,0],[127.0343263,46.6382274,0],[127.0343588,46.6382298,0],[127.0343927,46.6382292,0],[127.0344091,46.6382268,0],[127.0344429,46.6382182,0],[127.0344906,46.6382056,0],[127.0345298,46.6381975,0],[127.0345549,46.6381936,0]]]}},{"type":"Feature","properties":{"network":"排水","diameter_mm":1350,"material":"BR","depth_m":2.4},"geometry":{"type":"MultiLineString","coordinates":[[[126.9531552,46.6110487,0],[126.9544699,46.6113181,0]]]}},{"type":"Feature","properties":{"network":"排水","diameter_mm":1800,"material":"BR","depth_m":2.4},"geometry":{"type":"MultiLineString","coordinates":[[[126.9744571,46.6187736,0],[126.9754662,46.6189635,0]]]}},{"type":"Feature","properties":{"network":"排水","diameter_mm":1800,"material":"BR","depth_m":2.4},"geometry":{"type":"MultiLineString","coordinates":[[[126.9767791,46.6192426,0],[126.9778764,46.6194538,0]]]}},{"type":"Feature","properties":{"network":"排水","diameter_mm":1800,"material":"BR","depth_m":2.4},"geometry":{"type":"MultiLineString","coordinates":[[[126.9778764,46.6194538,0],[126.9789342,46.6196797,0]]]}},{"type":"Feature","properties":{"network":"排水","diameter_mm":1350,"material":"BR","depth_m":2.4},"geometry":{"type":"MultiLineString","coordinates":[[[126.9496041,46.6101071,0],[126.949567,46.6102099,0],[126.9495736,46.6102391,0],[126.9496454,46.6103357,0]]]}},{"type":"Feature","properties":{"network":"排水","diameter_mm":2400,"material":"CP","depth_m":2.4},"geometry":{"type":"MultiLineString","coordinates":[[[126.9727301,46.6789638,0],[126.9728111,46.6789801,0],[126.9735414,46.6791355,0],[126.9736068,46.6791494,0],[126.9742074,46.6792771,0]]]}},{"type":"Feature","properties":{"network":"排水","diameter_mm":1950,"material":"CP","depth_m":2.4},"geometry":{"type":"MultiLineString","coordinates":[[[126.9711781,46.683884,0],[126.9714287,46.6831792,0],[126.9714331,46.6831663,0],[126.9714375,46.6831534,0],[126.971439,46.6831437,0],[126.971442,46.6831313,0],[126.9714424,46.6831278,0],[126.9714434,46.6831194,0],[126.9714434,46.6830995,0],[126.9714411,46.6830742,0],[126.9714358,46.6830499,0]]]}},{"type":"Feature","properties":{"network":"排水","diameter_mm":2400,"material":"CP","depth_m":2.4},"geometry":{"type":"MultiLineString","coordinates":[[[126.9759826,46.6769584,0],[126.9765227,46.6755635,0],[126.9765272,46.6755527,0],[126.976533,46.6755419,0],[126.9765429,46.6755261,0],[126.9765547,46.675513,0],[126.97657,46.6754989,0],[126.9765871,46.6754851,0],[126.9766056,46.675473,0],[126.97663,46.6754592,0],[126.9766584,46.6754474,0],[126.9766877,46.6754385,0],[126.9767171,46.6754336,0],[126.976741,46.6754316,0],[126.9767562,46.6754306,0],[126.9767865,46.6754309,0],[126.9768149,46.6754332,0],[126.9768357,46.6754365,0],[126.9768929,46.6754489,0],[126.9772553,46.6755202,0]]]}},{"type":"Feature","properties":{"network":"排水","diameter_mm":2400,"material":"CP","depth_m":2.4},"geometry":{"type":"MultiLineString","coordinates":[[[126.9772553,46.6755202,0],[126.9786796,46.6758207,0],[126.9786896,46.6758228,0],[126.9788075,46.6758474,0],[126.9790926,46.6759071,0],[126.9791538,46.6759126,0],[126.9791848,46.6759128,0],[126.9792087,46.6759094,0],[126.9792592,46.6758988,0],[126.9792893,46.6758891,0],[126.9793079,46.6758809,0],[126.9793297,46.6758701,0],[126.9793424,46.675862,0],[126.9793426,46.6758618,0],[126.9794531,46.6757586,0]]]}},{"type":"Feature","properties":{"network":"排水","diameter_mm":1950,"material":"CP","depth_m":2.4},"geometry":{"type":"MultiLineString","coordinates":[[[126.9719829,46.6812624,0],[126.9722214,46.680397,0],[126.9724613,46.6794936,0]]]}},{"type":"Feature","properties":{"network":"排水","diameter_mm":750,"material":"CP","depth_m":2.4},"geometry":{"type":"MultiLineString","coordinates":[[[126.8558488,46.6720659,0],[126.8567141,46.6715365,0]]]}},{"type":"Feature","properties":{"network":"排水","diameter_mm":750,"material":"CP","depth_m":2.4},"geometry":{"type":"MultiLineString","coordinates":[[[126.8601164,46.6705974,0],[126.8601649,46.6706465,0]]]}},{"type":"Feature","properties":{"network":"排水","diameter_mm":1350,"material":"BR","depth_m":2.4},"geometry":{"type":"MultiLineString","coordinates":[[[126.9624011,46.6901858,0],[126.9625449,46.6902118,0],[126.9625777,46.6902164,0],[126.9625983,46.6902192,0],[126.9626185,46.6902201,0],[126.9626303,46.6902201,0],[126.9626453,46.6902206,0],[126.9626663,46.6902203,0],[126.9626888,46.6902192,0],[126.962711,46.6902174,0],[126.9627394,46.6902128,0],[126.962773,46.6902053,0],[126.9628137,46.690193,0],[126.9628437,46.69018,0],[126.9628797,46.6901619,0],[126.9629129,46.6901401,0],[126.962939,46.690124,0]]]}},{"type":"Feature","properties":{"network":"排水","diameter_mm":1200,"material":"BR","depth_m":2.4},"geometry":{"type":"MultiLineString","coordinates":[[[126.9647988,46.6906291,0],[126.9638196,46.6904358,0]]]}},{"type":"Feature","properties":{"network":"排水","diameter_mm":1800,"material":"CP","depth_m":2.4},"geometry":{"type":"MultiLineString","coordinates":[[[126.9641248,46.6887786,0],[126.96416,46.6887424,0],[126.9641928,46.6887218,0],[126.9642378,46.6887007,0],[126.9642802,46.6886867,0],[126.9643189,46.6886792,0],[126.9643562,46.688674,0],[126.9644057,46.6886702,0],[126.9645222,46.6886627,0],[126.9646838,46.6886504,0],[126.9647996,46.6886428,0],[126.9649277,46.6886315,0],[126.9650442,46.688623,0],[126.9652115,46.6885839,0],[126.9653607,46.6885165,0],[126.9656025,46.6883304,0],[126.9657259,46.6882256,0],[126.9658352,46.6881377,0],[126.9660615,46.6879535,0],[126.9661579,46.6878876,0]]]}},{"type":"Feature","properties":{"network":"排水","diameter_mm":1200,"material":"BR","depth_m":2.4},"geometry":{"type":"MultiLineString","coordinates":[[[126.9660423,46.692862,0],[126.9663201,46.6921468,0]]]}},{"type":"Feature","properties":{"network":"排水","diameter_mm":1200,"material":"BR","depth_m":2.4},"geometry":{"type":"MultiLineString","coordinates":[[[126.9638196,46.6904358,0],[126.9631018,46.6902879,0],[126.9630696,46.69028,0],[126.9630373,46.6902666,0],[126.9630059,46.6902456,0],[126.9629792,46.6902178,0],[126.9629616,46.6901821,0],[126.9629583,46.6901413,0],[126.9629634,46.6901232,0],[126.9629714,46.6900955,0]]]}},{"type":"Feature","properties":{"network":"排水","diameter_mm":750,"material":"CP","depth_m":2.4},"geometry":{"type":"MultiLineString","coordinates":[[[126.8612695,46.6631796,0],[126.8615837,46.6633273,0]]]}},{"type":"Feature","properties":{"network":"排水","diameter_mm":375,"material":"CP","depth_m":2.4},"geometry":{"type":"MultiLineString","coordinates":[[[126.8835912,46.6644005,0],[126.8831785,46.6639595,0]]]}},{"type":"Feature","properties":{"network":"排水","diameter_mm":300,"material":"CP","depth_m":2.4},"geometry":{"type":"MultiLineString","coordinates":[[[126.8842439,46.6649,0],[126.8841587,46.6648051,0]]]}},{"type":"Feature","properties":{"network":"排水","diameter_mm":375,"material":"CP","depth_m":2.4},"geometry":{"type":"MultiLineString","coordinates":[[[126.8831785,46.6639595,0],[126.8826087,46.6633548,0]]]}},{"type":"Feature","properties":{"network":"排水","diameter_mm":375,"material":"CP","depth_m":2.4},"geometry":{"type":"MultiLineString","coordinates":[[[126.8837968,46.6644259,0],[126.8835912,46.6644005,0]]]}},{"type":"Feature","properties":{"network":"排水","diameter_mm":1800,"material":"CP","depth_m":2.4},"geometry":{"type":"MultiLineString","coordinates":[[[126.9638773,46.6893068,0],[126.9639255,46.689216,0],[126.9640587,46.6888695,0],[126.9640762,46.6888328,0],[126.9640996,46.6888013,0],[126.9641248,46.6887786,0]]]}},{"type":"Feature","properties":{"network":"排水","diameter_mm":1800,"material":"BR","depth_m":2.4},"geometry":{"type":"MultiLineString","coordinates":[[[126.962939,46.690124,0],[126.9629714,46.6900955,0],[126.9630696,46.6900088,0],[126.9630991,46.6899839,0],[126.963197,46.6898966,0],[126.9638773,46.6893068,0]]]}},{"type":"Feature","properties":{"network":"排水","diameter_mm":1200,"material":"BR","depth_m":2.4},"geometry":{"type":"MultiLineString","coordinates":[[[126.9663201,46.6921468,0],[126.9667011,46.6911751,0],[126.9667059,46.6911454,0],[126.9667016,46.691116,0],[126.9666901,46.6910854,0],[126.9666744,46.6910607,0],[126.9666501,46.6910384,0],[126.966617,46.6910172,0],[126.9665757,46.6910001,0],[126.9665054,46.690978,0]]]}},{"type":"Feature","properties":{"network":"排水","diameter_mm":1200,"material":"BR","depth_m":2.4},"geometry":{"type":"MultiLineString","coordinates":[[[126.9665054,46.690978,0],[126.9647988,46.6906291,0]]]}},{"type":"Feature","properties":{"network":"排水","diameter_mm":1350,"material":"BR","depth_m":2.4},"geometry":{"type":"MultiLineString","coordinates":[[[126.962322,46.690172,0],[126.9624011,46.6901858,0]]]}},{"type":"Feature","properties":{"network":"排水","diameter_mm":900,"material":"CP","depth_m":2.4},"geometry":{"type":"MultiLineString","coordinates":[[[126.8630137,46.671809,0],[126.862971,46.6717496,0]]]}},{"type":"Feature","properties":{"network":"排水","diameter_mm":900,"material":"CP","depth_m":2.4},"geometry":{"type":"MultiLineString","coordinates":[[[126.862971,46.6717496,0],[126.8628632,46.6713841,0]]]}},{"type":"Feature","properties":{"network":"排水","diameter_mm":900,"material":"CP","depth_m":2.4},"geometry":{"type":"MultiLineString","coordinates":[[[126.8628632,46.6713841,0],[126.8628288,46.671261,0]]]}},{"type":"Feature","properties":{"network":"排水","diameter_mm":375,"material":"CP","depth_m":2.4},"geometry":{"type":"MultiLineString","coordinates":[[[126.8825518,46.6669304,0],[126.8827088,46.6668527,0],[126.8829831,46.666717,0]]]}},{"type":"Feature","properties":{"network":"排水","diameter_mm":375,"material":"CP","depth_m":2.4},"geometry":{"type":"MultiLineString","coordinates":[[[126.8829831,46.666717,0],[126.8832424,46.6665886,0],[126.8832825,46.6665688,0],[126.883736,46.6663443,0]]]}},{"type":"Feature","properties":{"network":"排水","diameter_mm":375,"material":"CP","depth_m":2.4},"geometry":{"type":"MultiLineString","coordinates":[[[126.883736,46.6663443,0],[126.8849313,46.6657506,0]]]}},{"type":"Feature","properties":{"network":"排水","diameter_mm":750,"material":"CP","depth_m":2.4},"geometry":{"type":"MultiLineString","coordinates":[[[126.8590574,46.6803955,0],[126.8591784,46.6800917,0],[126.8591868,46.680081,0],[126.8592071,46.6800657,0],[126.8592427,46.6800449,0],[126.8592571,46.680042,0],[126.8592966,46.6800404,0],[126.8596171,46.6800415,0],[126.8596699,46.6800398,0]]]}},{"type":"Feature","properties":{"network":"排水","diameter_mm":825,"material":"CP","depth_m":2.4},"geometry":{"type":"MultiLineString","coordinates":[[[126.8596699,46.6800398,0],[126.8600839,46.6800631,0],[126.8601113,46.680061,0],[126.860123,46.6800601,0],[126.8601497,46.6800497,0],[126.8601703,46.6800377,0],[126.8601909,46.6800154,0],[126.8601999,46.679995,0],[126.860513,46.6792897,0],[126.8605368,46.6792361,0]]]}},{"type":"Feature","properties":{"network":"排水","diameter_mm":900,"material":"CP","depth_m":2.4},"geometry":{"type":"MultiLineString","coordinates":[[[126.8605368,46.6792361,0],[126.8608685,46.6784472,0]]]}},{"type":"Feature","properties":{"network":"排水","diameter_mm":600,"material":"CP","depth_m":2.4},"geometry":{"type":"MultiLineString","coordinates":[[[126.8793572,46.6052249,0],[126.8798897,46.6053075,0]]]}},{"type":"Feature","properties":{"network":"排水","diameter_mm":600,"material":"CP","depth_m":2.4},"geometry":{"type":"MultiLineString","coordinates":[[[126.8814618,46.6054436,0],[126.882447,46.6046886,0]]]}},{"type":"Feature","properties":{"network":"排水","diameter_mm":1500,"material":"CP","depth_m":2.4},"geometry":{"type":"MultiLineString","coordinates":[[[126.8854098,46.6007382,0],[126.8861357,46.6009173,0]]]}},{"type":"Feature","properties":{"network":"排水","diameter_mm":600,"material":"CP","depth_m":2.4},"geometry":{"type":"MultiLineString","coordinates":[[[126.8798897,46.6053075,0],[126.8803028,46.6053806,0]]]}},{"type":"Feature","properties":{"network":"排水","diameter_mm":1050,"material":"CP","depth_m":2.4},"geometry":{"type":"MultiLineString","coordinates":[[[126.8612591,46.6775861,0],[126.8612924,46.677514,0],[126.8614535,46.6771652,0],[126.8614551,46.6771615,0],[126.8615665,46.6769128,0],[126.8615703,46.676903,0],[126.8615736,46.6768942,0],[126.861578,46.6768736,0],[126.8615831,46.676851,0],[126.8615866,46.6768293,0],[126.8615907,46.6768011,0],[126.8615912,46.6767981,0]]]}},{"type":"Feature","properties":{"network":"排水","diameter_mm":2400,"material":"CP","depth_m":2.4},"geometry":{"type":"MultiLineString","coordinates":[[[126.9747907,46.6785946,0],[126.9747711,46.6785814,0],[126.9751127,46.6777107,0],[126.9751226,46.6776853,0],[126.9751276,46.6776725,0],[126.9751327,46.6776593,0],[126.9751372,46.677648,0],[126.9751441,46.6776333,0],[126.975153,46.6776201,0],[126.9751685,46.6776024,0],[126.975185,46.6775877,0],[126.9752078,46.6775715,0],[126.9752224,46.6775633,0],[126.9752384,46.6775562,0],[126.9752594,46.6775484,0],[126.9752857,46.677541,0],[126.9753059,46.6775371,0],[126.9753248,46.6775336,0],[126.9753451,46.6775298,0],[126.9753643,46.6775262,0],[126.9753846,46.6775224,0],[126.9754213,46.6775156,0],[126.9754513,46.67751,0],[126.9756724,46.6774687,0],[126.9757045,46.6774622,0],[126.9757275,46.6774555,0],[126.9757549,46.6774442,0],[126.9757774,46.6774319,0],[126.9757997,46.6774161,0],[126.975811,46.6774059,0],[126.9758112,46.6774057,0],[126.9758186,46.677398,0],[126.97583,46.6773841,0],[126.9758428,46.6773632,0],[126.9758567,46.677329,0],[126.9759248,46.6771483,0],[126.9759826,46.6769584,0]]]}},{"type":"Feature","properties":{"network":"排水","diameter_mm":2400,"material":"CP","depth_m":2.4},"geometry":{"type":"MultiLineString","coordinates":[[[126.9742074,46.6792771,0],[126.9742948,46.6792892,0],[126.9743169,46.6792898,0],[126.97436,46.6792865,0],[126.9743935,46.6792808,0],[126.9744172,46.6792731,0],[126.974448,46.6792609,0],[126.9744691,46.67925,0],[126.9744929,46.6792327,0],[126.9745193,46.6792084,0],[126.9745333,46.6791886,0],[126.9747644,46.678595,0],[126.9747907,46.6785946,0]]]}},{"type":"Feature","properties":{"network":"排水","diameter_mm":1350,"material":"BR","depth_m":2.4},"geometry":{"type":"MultiLineString","coordinates":[[[126.9620829,46.6903076,0],[126.9621351,46.6902405,0],[126.9621537,46.6902162,0],[126.9621615,46.690208,0],[126.9621688,46.690201,0],[126.9621842,46.6901904,0],[126.9621959,46.6901845,0],[126.9622209,46.6901743,0],[126.9622483,46.6901682,0],[126.9622693,46.6901669,0],[126.9622952,46.6901677,0],[126.962322,46.690172,0]]]}},{"type":"Feature","properties":{"network":"排水","diameter_mm":1800,"material":"CP","depth_m":2.4},"geometry":{"type":"MultiLineString","coordinates":[[[126.9683552,46.6866307,0],[126.9684179,46.6864845,0],[126.9684353,46.6864558,0],[126.9689102,46.6859182,0],[126.9694688,46.6854848,0]]]}},{"type":"Feature","properties":{"network":"排水","diameter_mm":1800,"material":"CP","depth_m":2.4},"geometry":{"type":"MultiLineString","coordinates":[[[126.9694688,46.6854848,0],[126.9696503,46.6853505,0],[126.970242,46.6848425,0],[126.970282,46.6848157,0],[126.9703302,46.6847971,0],[126.9704019,46.6847851,0],[126.9704603,46.6847888,0],[126.9705614,46.6848134,0],[126.9706054,46.6848203,0],[126.970633,46.684822,0],[126.9706665,46.6848214,0],[126.9706682,46.6848214,0],[126.970772,46.6848011,0]]]}},{"type":"Feature","properties":{"network":"排水","diameter_mm":1950,"material":"CP","depth_m":2.4},"geometry":{"type":"MultiLineString","coordinates":[[[126.970772,46.6848011,0],[126.9708505,46.6847504,0],[126.9708824,46.6847157,0],[126.9709067,46.6846663,0],[126.9711781,46.683884,0]]]}},{"type":"Feature","properties":{"network":"排水","diameter_mm":1950,"material":"CP","depth_m":2.4},"geometry":{"type":"MultiLineString","coordinates":[[[126.9714358,46.6830499,0],[126.971435,46.6830415,0],[126.9714319,46.6830091,0],[126.971428,46.6829541,0],[126.9714327,46.6829239,0]]]}},{"type":"Feature","properties":{"network":"排水","diameter_mm":1950,"material":"CP","depth_m":2.4},"geometry":{"type":"MultiLineString","coordinates":[[[126.9724613,46.6794936,0],[126.9725223,46.6793289,0]]]}},{"type":"Feature","properties":{"network":"排水","diameter_mm":1950,"material":"CP","depth_m":2.4},"geometry":{"type":"MultiLineString","coordinates":[[[126.9725223,46.6793289,0],[126.9726215,46.6790408,0],[126.9726342,46.6790243,0],[126.9726563,46.6790071,0],[126.9726904,46.6789848,0],[126.9727095,46.6789743,0],[126.9727301,46.6789638,0]]]}},{"type":"Feature","properties":{"network":"排水","diameter_mm":600,"material":"CP","depth_m":2.4},"geometry":{"type":"MultiLineString","coordinates":[[[126.8699511,46.6115406,0],[126.8700279,46.6112128,0]]]}},{"type":"Feature","properties":{"network":"排水","diameter_mm":2400,"material":"CP","depth_m":2.4},"geometry":{"type":"MultiLineString","coordinates":[[[126.9794531,46.6757586,0],[126.9796734,46.6755259,0],[126.9799001,46.6752822,0],[126.9799616,46.675236,0],[126.9804789,46.6749566,0],[126.9807143,46.6748316,0],[126.9809638,46.6747243,0]]]}},{"type":"Feature","properties":{"network":"排水","diameter_mm":2400,"material":"CP","depth_m":2.4},"geometry":{"type":"MultiLineString","coordinates":[[[126.9822845,46.6741981,0],[126.9824357,46.6741098,0],[126.9825172,46.6740556,0],[126.9827541,46.673898,0],[126.9828098,46.6738613,0],[126.9828575,46.6738448,0],[126.98296,46.6738094,0],[126.9830795,46.6737681,0],[126.9834213,46.6736501,0],[126.983579,46.6735956,0],[126.9837076,46.6735512,0],[126.9837483,46.6735388,0],[126.9837799,46.6735294,0]]]}},{"type":"Feature","properties":{"network":"排水","diameter_mm":2400,"material":"CP","depth_m":2.4},"geometry":{"type":"MultiLineString","coordinates":[[[126.9809638,46.6747243,0],[126.9811439,46.6746454,0],[126.9813677,46.6745611,0],[126.9820255,46.6743208,0],[126.9821856,46.674265,0],[126.9822445,46.6742336,0],[126.9822845,46.6741981,0]]]}},{"type":"Feature","properties":{"network":"排水","diameter_mm":2400,"material":"CP","depth_m":2.4},"geometry":{"type":"MultiLineString","coordinates":[[[126.9837799,46.6735294,0],[126.9847836,46.6731352,0],[126.9849907,46.6730615,0],[126.9850795,46.6730077,0],[126.985109,46.6729736,0],[126.9852058,46.672801,0],[126.9852152,46.6727842,0]]]}},{"type":"Feature","properties":{"network":"排水","diameter_mm":2400,"material":"CP","depth_m":2.4},"geometry":{"type":"MultiLineString","coordinates":[[[126.9852152,46.6727842,0],[126.9852665,46.6727299,0],[126.9852767,46.6727093,0],[126.9852801,46.6727003,0],[126.9855888,46.6718963,0]]]}},{"type":"Feature","properties":{"network":"排水","diameter_mm":1350,"material":"CP","depth_m":2.4},"geometry":{"type":"MultiLineString","coordinates":[[[126.9087787,46.6575716,0],[126.9090014,46.6570511,0],[126.9090061,46.6570316,0],[126.9090106,46.6570132,0],[126.9090151,46.6569819,0],[126.9090172,46.6569543,0],[126.9090169,46.6569286,0],[126.9090141,46.6569154,0],[126.9090103,46.6568977,0],[126.9089986,46.6568623,0],[126.9089833,46.6568333,0]]]}},{"type":"Feature","properties":{"network":"排水","diameter_mm":1500,"material":"CP","depth_m":2.4},"geometry":{"type":"MultiLineString","coordinates":[[[126.883617,46.6613384,0],[126.8841663,46.6611518,0]]]}},{"type":"Feature","properties":{"network":"排水","diameter_mm":1500,"material":"CP","depth_m":2.4},"geometry":{"type":"MultiLineString","coordinates":[[[126.8841663,46.6611518,0],[126.885368,46.6607498,0],[126.8853971,46.66074,0],[126.8858148,46.6606003,0],[126.8862003,46.6604232,0],[126.8863117,46.6603721,0],[126.8863278,46.6603647,0]]]}},{"type":"Feature","properties":{"network":"排水","diameter_mm":1200,"material":"CP","depth_m":2.4},"geometry":{"type":"MultiLineString","coordinates":[[[126.8870006,46.6563204,0],[126.8869275,46.6563055,0],[126.8868803,46.6562958,0]]]}},{"type":"Feature","properties":{"network":"排水","diameter_mm":1500,"material":"CP","depth_m":2.4},"geometry":{"type":"MultiLineString","coordinates":[[[126.9089833,46.6568333,0],[126.9089569,46.6568028,0],[126.908946,46.6567903,0],[126.9089428,46.6567878,0],[126.9089143,46.656766,0],[126.9088756,46.6567423,0],[126.9088324,46.6567247,0],[126.9088002,46.6567167,0],[126.9082894,46.6565981,0],[126.9082531,46.6565829,0],[126.908221,46.6565659,0],[126.9081916,46.6565477,0],[126.9081617,46.6565269,0],[126.9081349,46.6565024,0],[126.9081112,46.6564767,0]]]}},{"type":"Feature","properties":{"network":"排水","diameter_mm":1350,"material":"CP","depth_m":2.4},"geometry":{"type":"MultiLineString","coordinates":[[[126.9116671,46.6599493,0],[126.9100741,46.6588445,0],[126.910034,46.6588168,0],[126.9099407,46.6587641,0]]]}},{"type":"Feature","properties":{"network":"排水","diameter_mm":1350,"material":"CP","depth_m":2.4},"geometry":{"type":"MultiLineString","coordinates":[[[126.9099407,46.6587641,0],[126.9097444,46.6586587,0],[126.9096924,46.6586372,0],[126.9095798,46.6586121,0],[126.9091838,46.6585241,0],[126.9088321,46.6584458,0],[126.9088059,46.65844,0],[126.9087589,46.658426,0],[126.90873,46.6584147,0],[126.9087198,46.6584099,0],[126.9086987,46.6584,0],[126.9086629,46.6583773,0],[126.9085841,46.6583216,0]]]}},{"type":"Feature","properties":{"network":"排水","diameter_mm":1350,"material":"CP","depth_m":2.4},"geometry":{"type":"MultiLineString","coordinates":[[[126.9085841,46.6583216,0],[126.9085672,46.6582734,0],[126.9085546,46.6582404,0],[126.9085455,46.6582088,0],[126.9085417,46.6581754,0],[126.9085486,46.6581306,0],[126.9085627,46.6580938,0],[126.9086092,46.6579911,0],[126.9087379,46.6576727,0],[126.9087787,46.6575716,0]]]}},{"type":"Feature","properties":{"network":"排水","diameter_mm":1200,"material":"CP","depth_m":2.4},"geometry":{"type":"MultiLineString","coordinates":[[[126.8868803,46.6562958,0],[126.8867384,46.6562655,0],[126.8861629,46.6561424,0],[126.8861433,46.656136,0],[126.8861243,46.6561276,0],[126.8861023,46.6561184,0],[126.8860869,46.6561066,0],[126.8860769,46.6560978,0],[126.8860661,46.6560884,0],[126.8860556,46.656075,0],[126.8860491,46.6560614,0],[126.8860469,46.6560417,0],[126.8860519,46.6560116,0]]]}},{"type":"Feature","properties":{"network":"排水","diameter_mm":1200,"material":"CP","depth_m":2.4},"geometry":{"type":"MultiLineString","coordinates":[[[126.8860519,46.6560116,0],[126.8860325,46.6560039,0],[126.8860205,46.6559891,0],[126.8860184,46.6559696,0],[126.8860184,46.6559694,0],[126.886018,46.6559662,0],[126.8860246,46.655945,0],[126.8861327,46.6556896,0],[126.8861362,46.6556815,0],[126.8862948,46.6553068,0],[126.8864582,46.6549207,0],[126.8864586,46.6549199,0],[126.8866111,46.6545596,0],[126.8866185,46.654542,0],[126.8866422,46.6544901,0]]]}},{"type":"Feature","properties":{"network":"排水","diameter_mm":900,"material":"CP","depth_m":2.4},"geometry":{"type":"MultiLineString","coordinates":[[[126.8869749,46.6498884,0],[126.8873624,46.6489127,0]]]}},{"type":"Feature","properties":{"network":"排水","diameter_mm":900,"material":"CP","depth_m":2.4},"geometry":{"type":"MultiLineString","coordinates":[[[126.881275,46.7131657,0],[126.8816416,46.7128242,0],[126.8816762,46.7128343,0]]]}},{"type":"Feature","properties":{"network":"排水","diameter_mm":2100,"material":"CP","depth_m":2.4},"geometry":{"type":"MultiLineString","coordinates":[[[126.8818227,46.7127834,0],[126.8831331,46.7128322,0],[126.8847488,46.7128603,0],[126.8850314,46.7128546,0],[126.8852715,46.712847,0],[126.8854783,46.7128357,0],[126.8857277,46.7128176,0],[126.8859315,46.7127972,0],[126.8861497,46.7127716,0],[126.8863721,46.7127399,0],[126.8865748,46.7127083,0],[126.8867847,46.7126728,0],[126.8870019,46.7126381,0],[126.8872566,46.7125959,0],[126.8874769,46.7125605,0],[126.887745,46.7125167,0],[126.8879633,46.7124806,0],[126.888246,46.7124331,0],[126.8885214,46.7123886,0],[126.8887521,46.7123494,0],[126.8889038,46.712326,0],[126.8889953,46.7123169,0],[126.8890909,46.7123139,0],[126.8891938,46.7123169,0],[126.8892666,46.7123237,0],[126.8893435,46.7123335,0],[126.8894162,46.7123478,0],[126.8894651,46.7123606,0],[126.8895326,46.7123779,0],[126.8896085,46.7124043,0],[126.8896657,46.7124284,0],[126.8897177,46.7124517,0],[126.8897946,46.7124924,0],[126.8898569,46.7125226,0],[126.8899235,46.7125474,0],[126.8900066,46.7125723,0],[126.8901012,46.7125919,0],[126.8905452,46.712681,0]]]}},{"type":"Feature","properties":{"network":"排水","diameter_mm":2100,"material":"CP","depth_m":2.4},"geometry":{"type":"MultiLineString","coordinates":[[[126.8905452,46.712681,0],[126.8912205,46.7128168,0],[126.8912564,46.7128311,0]]]}},{"type":"Feature","properties":{"network":"排水","diameter_mm":2100,"material":"CP","depth_m":2.4},"geometry":{"type":"MultiLineString","coordinates":[[[126.8905452,46.712681,0],[126.8905719,46.7126862,0],[126.8906005,46.7126897,0],[126.8906337,46.7126933,0],[126.8906594,46.7126957,0],[126.8906926,46.7126971,0],[126.8907496,46.7126965,0]]]}},{"type":"Feature","properties":{"network":"排水","diameter_mm":1000,"material":"UNK","depth_m":2.4},"geometry":{"type":"MultiLineString","coordinates":[[[126.8816762,46.7128343,0],[126.8816918,46.7128216,0],[126.8818227,46.7127834,0]]]}},{"type":"Feature","properties":{"network":"排水","diameter_mm":900,"material":"CP","depth_m":2.4},"geometry":{"type":"MultiLineString","coordinates":[[[126.8816762,46.7128343,0],[126.8816793,46.7127899,0],[126.8819887,46.7125031,0]]]}},{"type":"Feature","properties":{"network":"排水","diameter_mm":600,"material":"None","depth_m":2.4},"geometry":{"type":"MultiLineString","coordinates":[[[126.8816762,46.7128343,0],[126.8816767,46.7128352,0],[126.8816793,46.712835,0],[126.881679,46.7128341,0]]]}},{"type":"Feature","properties":{"network":"排水","diameter_mm":2600,"material":"CP","depth_m":2.4},"geometry":{"type":"MultiLineString","coordinates":[[[127.027542,46.7375585,0],[127.0270134,46.7370991,0]]]}},{"type":"Feature","properties":{"network":"排水","diameter_mm":750,"material":"CP","depth_m":2.4},"geometry":{"type":"MultiLineString","coordinates":[[[126.9112183,46.7405821,0],[126.9116723,46.7417536,0]]]}},{"type":"Feature","properties":{"network":"排水","diameter_mm":1200,"material":"CP","depth_m":2.4},"geometry":{"type":"MultiLineString","coordinates":[[[126.894857,46.6472745,0],[126.8947447,46.6472723,0],[126.8946662,46.6472723,0],[126.8945893,46.6472782,0],[126.8945219,46.6472898,0],[126.8944739,46.6473073,0],[126.894429,46.6473352,0],[126.8943561,46.6474049,0]]]}},{"type":"Feature","properties":{"network":"排水","diameter_mm":1200,"material":"BR","depth_m":2.4},"geometry":{"type":"MultiLineString","coordinates":[[[126.9964863,46.6838606,0],[126.9950895,46.6835717,0],[126.994998,46.6835891,0],[126.9949582,46.6836082,0],[126.9949184,46.683636,0],[126.9948866,46.6836759,0],[126.9947379,46.6840564,0]]]}},{"type":"Feature","properties":{"network":"排水","diameter_mm":1500,"material":"CP","depth_m":2.4},"geometry":{"type":"MultiLineString","coordinates":[[[127.0220197,46.6726583,0],[127.0219504,46.6728161,0]]]}},{"type":"Feature","properties":{"network":"排水","diameter_mm":1500,"material":"CP","depth_m":2.4},"geometry":{"type":"MultiLineString","coordinates":[[[127.0479746,46.680531,0],[127.0474309,46.6801476,0],[127.046439,46.679448,0]]]}},{"type":"Feature","properties":{"network":"排水","diameter_mm":900,"material":"UNK","depth_m":2.4},"geometry":{"type":"MultiLineString","coordinates":[[[126.8846218,46.5942712,0],[126.8842413,46.5951569,0]]]}},{"type":"Feature","properties":{"network":"排水","diameter_mm":1500,"material":"CP","depth_m":2.4},"geometry":{"type":"MultiLineString","coordinates":[[[127.0198428,46.671431,0],[127.0198585,46.6714438,0],[127.0200869,46.6716297,0]]]}},{"type":"Feature","properties":{"network":"排水","diameter_mm":900,"material":"VCP","depth_m":2.4},"geometry":{"type":"MultiLineString","coordinates":[[[127.0270036,46.7371037,0],[127.0263457,46.7365509,0]]]}},{"type":"Feature","properties":{"network":"排水","diameter_mm":1200,"material":"BR","depth_m":2.4},"geometry":{"type":"MultiLineString","coordinates":[[[126.9981932,46.6842079,0],[126.9964863,46.6838606,0]]]}},{"type":"Feature","properties":{"network":"排水","diameter_mm":600,"material":"VCP","depth_m":2.4},"geometry":{"type":"MultiLineString","coordinates":[[[127.0291167,46.7388744,0],[127.0282481,46.7381565,0]]]}},{"type":"Feature","properties":{"network":"排水","diameter_mm":900,"material":"UNK","depth_m":2.4},"geometry":{"type":"MultiLineString","coordinates":[[[126.8847304,46.5942189,0],[126.8843463,46.5950984,0]]]}},{"type":"Feature","properties":{"network":"排水","diameter_mm":600,"material":"VCP","depth_m":2.4},"geometry":{"type":"MultiLineString","coordinates":[[[127.0320366,46.7408087,0],[127.0318916,46.7407771,0],[127.03182,46.7407628,0],[127.0317654,46.7407505,0],[127.0317199,46.7407392,0],[127.0316552,46.7407214,0],[127.0316104,46.7407084,0],[127.0315563,46.7406908,0],[127.0315041,46.7406726,0],[127.0314598,46.7406569,0],[127.0314231,46.7406428,0],[127.0313926,46.7406296,0],[127.0313533,46.740613,0],[127.0313116,46.740594,0],[127.0312646,46.740571,0],[127.0312237,46.7405506,0],[127.0311906,46.7405318,0],[127.0311672,46.7405187,0],[127.0311381,46.7405025,0],[127.0311115,46.7404859,0],[127.031086,46.7404693,0],[127.0310549,46.7404489,0],[127.0310319,46.7404338,0],[127.0310075,46.7404165,0],[127.030984,46.7403984,0],[127.0309614,46.7403816,0],[127.0309451,46.7403695,0],[127.0309308,46.7403587,0]]]}},{"type":"Feature","properties":{"network":"排水","diameter_mm":600,"material":"VCP","depth_m":2.4},"geometry":{"type":"MultiLineString","coordinates":[[[127.0309308,46.7403587,0],[127.0299786,46.7395784,0],[127.0299472,46.7395535,0]]]}},{"type":"Feature","properties":{"network":"排水","diameter_mm":1200,"material":"BR","depth_m":2.4},"geometry":{"type":"MultiLineString","coordinates":[[[126.9947379,46.6840564,0],[126.9942834,46.6852387,0]]]}},{"type":"Feature","properties":{"network":"排水","diameter_mm":6300,"material":"None","depth_m":2.4},"geometry":{"type":"MultiLineString","coordinates":[[[127.0233924,46.629101,0],[127.0238035,46.6287231,0],[127.0253656,46.6272968,0],[127.0254752,46.627197,0],[127.0257619,46.6269352,0],[127.0260153,46.6267032,0],[127.026337,46.6264059,0],[127.0265738,46.626207,0],[127.0268121,46.6260498,0],[127.0269921,46.6259453,0],[127.027167,46.6258532,0],[127.0274648,46.6257175,0],[127.0277375,46.6256168,0],[127.0279444,46.6255579,0],[127.0280956,46.6255199,0],[127.028308,46.6254725,0],[127.0285169,46.6254387,0],[127.028782,46.6254082,0],[127.0289797,46.6253913,0],[127.029169,46.6253872,0],[127.0294036,46.6253873,0],[127.029504,46.6253925,0],[127.0297183,46.6254056,0],[127.0299711,46.625433,0],[127.0301678,46.6254698,0],[127.0304226,46.6255226,0],[127.030669,46.6255853,0]]]}},{"type":"Feature","properties":{"network":"排水","diameter_mm":1200,"material":"BR","depth_m":2.4},"geometry":{"type":"MultiLineString","coordinates":[[[126.9648607,46.6773156,0],[126.9663253,46.6776205,0]]]}},{"type":"Feature","properties":{"network":"排水","diameter_mm":1200,"material":"BR","depth_m":2.4},"geometry":{"type":"MultiLineString","coordinates":[[[126.9932647,46.685205,0],[126.9922621,46.6849978,0]]]}},{"type":"Feature","properties":{"network":"排水","diameter_mm":6300,"material":"None","depth_m":2.4},"geometry":{"type":"MultiLineString","coordinates":[[[127.0388942,46.6284308,0],[127.0397115,46.6288026,0],[127.0400166,46.6289365,0],[127.040681,46.6292382,0],[127.0413612,46.6295457,0],[127.0417628,46.6297282,0],[127.0423877,46.6300105,0],[127.0443374,46.630903,0],[127.0447708,46.6310974,0],[127.0451921,46.6312888,0],[127.04559,46.6314713,0],[127.0465312,46.6318977,0],[127.04685,46.6320468,0],[127.0472535,46.6322233,0],[127.0477121,46.6324307,0],[127.0480405,46.6325586,0],[127.0482893,46.6326367,0],[127.0493573,46.6328892,0],[127.0500346,46.6330417,0],[127.0511256,46.6332849,0],[127.0520625,46.6335047,0],[127.0524035,46.6335843,0],[127.0528436,46.6336612,0],[127.0531425,46.6336911,0],[127.0546688,46.6338112,0],[127.0558749,46.6338967,0]]]}},{"type":"Feature","properties":{"network":"排水","diameter_mm":1200,"material":"CP","depth_m":2.4},"geometry":{"type":"MultiLineString","coordinates":[[[126.8943561,46.6474049,0],[126.8943174,46.6474251,0],[126.8942776,46.6474549,0],[126.8942351,46.6474868,0],[126.894211,46.6475048,0],[126.8941718,46.6475346,0],[126.8941371,46.6475623,0],[126.8940961,46.6475949,0],[126.8940509,46.6476309,0],[126.8939979,46.6476731,0],[126.8939644,46.6476998,0],[126.8939041,46.6477479,0],[126.8938582,46.6477845,0],[126.8938008,46.6478302,0],[126.8937673,46.6478569,0],[126.893736,46.6478818,0],[126.8936991,46.6479025,0],[126.8936783,46.6479144,0],[126.8936537,46.6479268,0],[126.893636,46.6479357,0],[126.8936134,46.6479457,0],[126.8935723,46.6479577,0],[126.8935511,46.6479619,0],[126.8935156,46.6479619,0],[126.8935156,46.6479616,0],[126.893478,46.6479616,0]]]}},{"type":"Feature","properties":{"network":"排水","diameter_mm":1200,"material":"BR","depth_m":2.4},"geometry":{"type":"MultiLineString","coordinates":[[[126.9942834,46.6852387,0],[126.9942581,46.6852825,0],[126.9942383,46.6853024,0],[126.9942194,46.6853174,0],[126.9941906,46.6853343,0],[126.9941546,46.6853498,0],[126.9941319,46.6853545,0],[126.9941124,46.6853588,0],[126.9940935,46.6853616,0],[126.9940752,46.6853625,0],[126.9940563,46.6853629,0],[126.9940315,46.6853609,0],[126.9940163,46.6853596,0],[126.9939933,46.685356,0],[126.9939663,46.68535,0],[126.9932647,46.685205,0]]]}},{"type":"Feature","properties":{"network":"排水","diameter_mm":2600,"material":"CP","depth_m":2.4},"geometry":{"type":"MultiLineString","coordinates":[[[127.0270134,46.7370991,0],[127.0268905,46.7369837,0],[127.026878,46.7369704,0],[127.0268609,46.7369414,0],[127.0268521,46.7369175,0],[127.026848,46.7368979,0],[127.0268441,46.7368792,0],[127.026841,46.7368635,0],[127.026839,46.7368491,0],[127.0268373,46.7368358,0],[127.0268358,46.7368227,0],[127.0268343,46.7368028,0]]]}},{"type":"Feature","properties":{"network":"排水","diameter_mm":2600,"material":"CP","depth_m":2.4},"geometry":{"type":"MultiLineString","coordinates":[[[127.0299662,46.7395633,0],[127.0299537,46.739553,0],[127.0298717,46.7394861,0],[127.0297657,46.7394042,0],[127.029278,46.7390034,0],[127.0291826,46.738925,0],[127.0282444,46.7381495,0]]]}},{"type":"Feature","properties":{"network":"排水","diameter_mm":2600,"material":"CP","depth_m":2.4},"geometry":{"type":"MultiLineString","coordinates":[[[127.0282444,46.7381495,0],[127.027542,46.7375585,0]]]}},{"type":"Feature","properties":{"network":"排水","diameter_mm":900,"material":"UNK","depth_m":2.4},"geometry":{"type":"MultiLineString","coordinates":[[[126.8842413,46.5951569,0],[126.8839635,46.5958298,0],[126.8839584,46.5958486,0],[126.8839589,46.5958644,0],[126.8839652,46.5958772,0],[126.8839748,46.5958853,0],[126.8839972,46.595894,0],[126.8840866,46.5959135,0]]]}},{"type":"Feature","properties":{"network":"排水","diameter_mm":600,"material":"VCP","depth_m":2.4},"geometry":{"type":"MultiLineString","coordinates":[[[127.0299472,46.7395535,0],[127.0297587,46.739416,0],[127.0291167,46.7388744,0]]]}},{"type":"Feature","properties":{"network":"排水","diameter_mm":600,"material":"VCP","depth_m":2.4},"geometry":{"type":"MultiLineString","coordinates":[[[127.0282481,46.7381565,0],[127.0274926,46.737524,0]]]}},{"type":"Feature","properties":{"network":"排水","diameter_mm":1500,"material":"CP","depth_m":2.4},"geometry":{"type":"MultiLineString","coordinates":[[[127.0200869,46.6716297,0],[127.0213403,46.6723548,0]]]}},{"type":"Feature","properties":{"network":"排水","diameter_mm":1500,"material":"CP","depth_m":2.4},"geometry":{"type":"MultiLineString","coordinates":[[[127.0213403,46.6723548,0],[127.0220197,46.6726583,0]]]}},{"type":"Feature","properties":{"network":"排水","diameter_mm":1200,"material":"BR","depth_m":2.4},"geometry":{"type":"MultiLineString","coordinates":[[[126.9922621,46.6849978,0],[126.9904428,46.6846261,0]]]}}]}